,time,nwp_ws,tower_ws,power
0,2022/10/29 0:00,1.73,0,0
1,2022/10/29 0:15,1.76,2.52,0
2,2022/10/29 0:30,1.79,2.52,0
3,2022/10/29 0:45,1.82,2.52,0
4,2022/10/29 1:00,1.85,2.52,0
5,2022/10/29 1:15,1.87,2.9,0
6,2022/10/29 1:30,1.89,2.52,0
7,2022/10/29 1:45,1.92,2.52,0
8,2022/10/29 2:00,1.94,2.52,0
9,2022/10/29 2:15,1.96,2.9,0
10,2022/10/29 2:30,1.98,2.52,0
11,2022/10/29 2:45,2.01,2.52,0
12,2022/10/29 3:00,2.02,2.14,0
13,2022/10/29 3:15,2.04,2.14,0
14,2022/10/29 3:30,2.06,2.52,0
15,2022/10/29 3:45,2.09,2.14,0
16,2022/10/29 4:00,2.11,2.14,0
17,2022/10/29 4:15,2.14,2.14,0
18,2022/10/29 4:30,2.17,2.14,0
19,2022/10/29 4:45,2.21,1.75,0
20,2022/10/29 5:00,2.24,1.37,0
21,2022/10/29 5:15,2.29,1.37,0
22,2022/10/29 5:30,2.33,1.37,0
23,2022/10/29 5:45,2.38,1.37,0
24,2022/10/29 6:00,2.5,1.37,0
25,2022/10/29 6:15,2.57,1.37,0
26,2022/10/29 6:30,2.62,1.37,0
27,2022/10/29 6:45,2.66,1.37,0
28,2022/10/29 7:00,2.69,1.75,0
29,2022/10/29 7:15,2.71,1.75,0
30,2022/10/29 7:30,2.73,2.14,0
31,2022/10/29 7:45,2.73,2.52,0
32,2022/10/29 8:00,2.73,2.52,0
33,2022/10/29 8:15,2.71,3.28,0
34,2022/10/29 8:30,2.68,2.52,0
35,2022/10/29 8:45,2.65,2.52,0
36,2022/10/29 9:00,2.6,2.14,0
37,2022/10/29 9:15,2.54,1.37,0
38,2022/10/29 9:30,2.48,1.37,0
39,2022/10/29 9:45,2.41,2.14,0
40,2022/10/29 10:00,2.33,1.75,0
41,2022/10/29 10:15,2.24,1.75,0
42,2022/10/29 10:30,2.16,2.52,0
43,2022/10/29 10:45,2.08,2.9,0
44,2022/10/29 11:00,2.01,2.14,0
45,2022/10/29 11:15,1.94,2.9,0
46,2022/10/29 11:30,1.88,1.75,0
47,2022/10/29 11:45,1.83,2.52,0
48,2022/10/29 12:00,1.75,1.75,0
49,2022/10/29 12:15,1.71,2.52,0
50,2022/10/29 12:30,1.68,2.52,0
51,2022/10/29 12:45,1.67,2.9,0
52,2022/10/29 13:00,1.67,2.9,0
53,2022/10/29 13:15,1.69,1.75,0
54,2022/10/29 13:30,1.72,1.75,0
55,2022/10/29 13:45,1.77,1.37,0
56,2022/10/29 14:00,1.83,2.9,0
57,2022/10/29 14:15,1.91,2.14,0
58,2022/10/29 14:30,1.99,2.14,0
59,2022/10/29 14:45,2.1,2.52,0
60,2022/10/29 15:00,2.21,1.75,0
61,2022/10/29 15:15,2.35,2.9,0
62,2022/10/29 15:30,2.49,3.28,0
63,2022/10/29 15:45,2.65,3.28,0
64,2022/10/29 16:00,2.82,2.52,0.03
65,2022/10/29 16:15,3.01,2.9,0
66,2022/10/29 16:30,3.19,2.9,0.17
67,2022/10/29 16:45,3.38,2.9,0.74
68,2022/10/29 17:00,3.56,3.28,1.91
69,2022/10/29 17:15,3.75,4.43,3.35
70,2022/10/29 17:30,3.93,4.05,3.88
71,2022/10/29 17:45,4.1,4.43,4.96
72,2022/10/29 18:00,4.15,4.43,6.16
73,2022/10/29 18:15,4.31,5.2,7.23
74,2022/10/29 18:30,4.46,4.82,6.9
75,2022/10/29 18:45,4.61,3.67,7.87
76,2022/10/29 19:00,4.75,5.96,15.03
77,2022/10/29 19:15,4.88,6.35,17.65
78,2022/10/29 19:30,5,5.2,23.51
79,2022/10/29 19:45,5.1,5.2,22.23
80,2022/10/29 20:00,5.2,4.05,19.79
81,2022/10/29 20:15,5.29,3.67,19.12
82,2022/10/29 20:30,5.36,5.2,19.45
83,2022/10/29 20:45,5.43,3.67,19.82
84,2022/10/29 21:00,5.49,4.05,17.88
85,2022/10/29 21:15,5.55,6.73,17.81
86,2022/10/29 21:30,5.59,5.58,13.06
87,2022/10/29 21:45,5.63,5.96,14.2
88,2022/10/29 22:00,5.65,4.82,13.96
89,2022/10/29 22:15,5.67,5.58,12.59
90,2022/10/29 22:30,5.68,4.82,10.48
91,2022/10/29 22:45,5.69,4.43,10.58
92,2022/10/29 23:00,5.7,4.82,13.43
93,2022/10/29 23:15,5.7,5.58,13.46
94,2022/10/29 23:30,5.71,5.96,16.04
95,2022/10/29 23:45,5.71,5.58,14.9
96,2022/10/30 0:00,5.7,6.35,16.94
97,2022/10/30 0:15,5.7,6.35,18.52
98,2022/10/30 0:30,5.7,6.35,19.49
99,2022/10/30 0:45,5.7,6.35,18.35
100,2022/10/30 1:00,5.7,5.58,20.29
101,2022/10/30 1:15,5.7,6.73,20.36
102,2022/10/30 1:30,5.71,6.73,21.5
103,2022/10/30 1:45,5.71,5.58,14.43
104,2022/10/30 2:00,5.73,5.2,11.65
105,2022/10/30 2:15,5.74,5.58,14.16
106,2022/10/30 2:30,5.76,5.58,14.2
107,2022/10/30 2:45,5.78,6.35,15.87
108,2022/10/30 3:00,5.8,5.96,18.01
109,2022/10/30 3:15,5.82,6.35,21.19
110,2022/10/30 3:30,5.84,7.11,20.69
111,2022/10/30 3:45,5.87,6.73,18.28
112,2022/10/30 4:00,5.9,6.35,17.44
113,2022/10/30 4:15,5.94,6.35,19.52
114,2022/10/30 4:30,5.97,7.11,23.97
115,2022/10/30 4:45,6,6.73,27.89
116,2022/10/30 5:00,6.04,7.11,26.72
117,2022/10/30 5:15,6.07,7.11,29.93
118,2022/10/30 5:30,6.1,7.88,31.47
119,2022/10/30 5:45,6.12,6.73,31.84
120,2022/10/30 6:00,6.03,8.65,27.96
121,2022/10/30 6:15,6.05,7.88,22.87
122,2022/10/30 6:30,6.05,7.11,19.02
123,2022/10/30 6:45,6.04,6.73,18.21
124,2022/10/30 7:00,6.01,6.35,17.61
125,2022/10/30 7:15,5.97,7.5,18.32
126,2022/10/30 7:30,5.92,7.11,18.75
127,2022/10/30 7:45,5.85,6.35,19.96
128,2022/10/30 8:00,5.77,5.96,18.72
129,2022/10/30 8:15,5.68,5.2,17.28
130,2022/10/30 8:30,5.58,5.58,17.71
131,2022/10/30 8:45,5.47,4.43,12.79
132,2022/10/30 9:00,5.35,4.43,8.3
133,2022/10/30 9:15,5.22,3.67,5.83
134,2022/10/30 9:30,5.1,2.9,4.86
135,2022/10/30 9:45,4.98,3.67,5.09
136,2022/10/30 10:00,4.87,5.2,6.96
137,2022/10/30 10:15,4.77,3.28,3.92
138,2022/10/30 10:30,4.69,4.43,4.15
139,2022/10/30 10:45,4.63,4.82,6.56
140,2022/10/30 11:00,4.59,3.67,5.46
141,2022/10/30 11:15,4.57,5.2,7.33
142,2022/10/30 11:30,4.58,4.43,6.86
143,2022/10/30 11:45,4.59,5.2,5.63
144,2022/10/30 12:00,4.65,4.05,6.19
145,2022/10/30 12:15,4.71,5.96,6.23
146,2022/10/30 12:30,4.78,5.2,4.49
147,2022/10/30 12:45,4.87,3.67,7
148,2022/10/30 13:00,4.98,4.82,7.97
149,2022/10/30 13:15,5.1,4.43,10.85
150,2022/10/30 13:30,5.23,5.96,10.25
151,2022/10/30 13:45,5.35,3.67,9.27
152,2022/10/30 14:00,5.48,4.82,11.28
153,2022/10/30 14:15,5.62,3.28,10.28
154,2022/10/30 14:30,5.76,2.9,12.39
155,2022/10/30 14:45,5.9,4.05,17.21
156,2022/10/30 15:00,6.05,2.9,21.19
157,2022/10/30 15:15,6.2,4.82,26.02
158,2022/10/30 15:30,6.35,3.67,28.53
159,2022/10/30 15:45,6.49,5.58,25.45
160,2022/10/30 16:00,6.63,5.58,22.77
161,2022/10/30 16:15,6.77,4.43,24.48
162,2022/10/30 16:30,6.91,2.9,28.23
163,2022/10/30 16:45,7.05,4.43,24.81
164,2022/10/30 17:00,7.19,3.28,24.51
165,2022/10/30 17:15,7.33,4.05,23.67
166,2022/10/30 17:30,7.48,4.43,19.32
167,2022/10/30 17:45,7.64,4.82,19.02
168,2022/10/30 18:00,7.71,3.28,21.23
169,2022/10/30 18:15,7.9,4.82,30.97
170,2022/10/30 18:30,8.09,6.73,38.1
171,2022/10/30 18:45,8.27,5.58,38.94
172,2022/10/30 19:00,8.44,7.88,41.65
173,2022/10/30 19:15,8.6,7.11,33.15
174,2022/10/30 19:30,8.77,6.35,26.38
175,2022/10/30 19:45,8.93,4.82,28.73
176,2022/10/30 20:00,9.08,4.05,34.96
177,2022/10/30 20:15,9.22,6.73,37.9
178,2022/10/30 20:30,9.36,9.41,37.03
179,2022/10/30 20:45,9.48,7.11,33.08
180,2022/10/30 21:00,9.6,6.35,39.34
181,2022/10/30 21:15,9.7,10.18,40.98
182,2022/10/30 21:30,9.78,9.03,40.55
183,2022/10/30 21:45,9.86,9.03,39.54
184,2022/10/30 22:00,9.93,9.8,42.69
185,2022/10/30 22:15,9.98,9.8,45.1
186,2022/10/30 22:30,10.04,9.41,42.52
187,2022/10/30 22:45,10.09,7.5,41.29
188,2022/10/30 23:00,10.15,8.65,41.82
189,2022/10/30 23:15,10.2,7.11,37.64
190,2022/10/30 23:30,10.26,4.43,34.79
191,2022/10/30 23:45,10.31,5.58,36.56
192,2022/10/31 0:00,10.36,6.73,37.23
193,2022/10/31 0:15,10.41,8.26,38
194,2022/10/31 0:30,10.46,9.8,35.16
195,2022/10/31 0:45,10.51,9.8,32.28
196,2022/10/31 1:00,10.56,4.82,25.61
197,2022/10/31 1:15,10.6,3.67,29.8
198,2022/10/31 1:30,10.64,4.05,31.84
199,2022/10/31 1:45,10.68,6.35,33.18
200,2022/10/31 2:00,10.71,5.2,36.73
201,2022/10/31 2:15,10.73,9.03,35.32
202,2022/10/31 2:30,10.75,4.82,35.79
203,2022/10/31 2:45,10.76,7.5,35.16
204,2022/10/31 3:00,10.77,5.96,38.17
205,2022/10/31 3:15,10.77,6.35,37.5
206,2022/10/31 3:30,10.77,9.03,42.46
207,2022/10/31 3:45,10.77,9.03,41.18
208,2022/10/31 4:00,10.77,9.41,42.66
209,2022/10/31 4:15,10.76,8.65,42.79
210,2022/10/31 4:30,10.74,9.03,43.49
211,2022/10/31 4:45,10.72,9.8,46.07
212,2022/10/31 5:00,10.7,9.8,44.83
213,2022/10/31 5:15,10.66,9.41,40.05
214,2022/10/31 5:30,10.63,8.65,39.74
215,2022/10/31 5:45,10.58,9.8,36.87
216,2022/10/31 6:00,9.78,9.41,41.55
217,2022/10/31 6:15,9.7,7.88,41.95
218,2022/10/31 6:30,9.63,9.8,42.29
219,2022/10/31 6:45,9.57,8.65,39.08
220,2022/10/31 7:00,9.52,8.26,35.29
221,2022/10/31 7:15,9.48,9.03,39.68
222,2022/10/31 7:30,9.45,8.65,40.98
223,2022/10/31 7:45,9.44,8.26,36.97
224,2022/10/31 8:00,9.44,7.5,26.62
225,2022/10/31 8:15,9.45,6.35,11.38
226,2022/10/31 8:30,9.46,10.56,35.59
227,2022/10/31 8:45,9.49,9.03,36.3
228,2022/10/31 9:00,9.52,8.65,37.87
229,2022/10/31 9:15,9.57,9.41,42.83
230,2022/10/31 9:30,9.64,10.18,38.04
231,2022/10/31 9:45,9.74,12.09,43.53
232,2022/10/31 10:00,9.86,12.09,46.98
233,2022/10/31 10:15,10,9.41,32.91
234,2022/10/31 10:30,10.15,7.88,28.03
235,2022/10/31 10:45,10.3,7.88,41.08
236,2022/10/31 11:00,10.45,9.41,48.25
237,2022/10/31 11:15,10.6,9.41,48.42
238,2022/10/31 11:30,10.75,11.71,48.38
239,2022/10/31 11:45,10.89,13.24,48.15
240,2022/10/31 12:00,11.08,11.33,48.42
241,2022/10/31 12:15,11.22,11.71,48.32
242,2022/10/31 12:30,11.35,14.01,48.38
243,2022/10/31 12:45,11.47,13.24,48.52
244,2022/10/31 13:00,11.58,15.16,48.32
245,2022/10/31 13:15,11.67,11.33,48.42
246,2022/10/31 13:30,11.75,15.54,48.52
247,2022/10/31 13:45,11.8,11.33,48.38
248,2022/10/31 14:00,11.83,9.8,48.22
249,2022/10/31 14:15,11.84,12.48,48.38
250,2022/10/31 14:30,11.82,14.77,48.02
251,2022/10/31 14:45,11.78,14.01,48.38
252,2022/10/31 15:00,11.71,14.77,48.18
253,2022/10/31 15:15,11.62,13.24,48.15
254,2022/10/31 15:30,11.55,14.39,48.08
255,2022/10/31 15:45,11.48,10.94,48.22
256,2022/10/31 16:00,11.43,10.56,48.62
257,2022/10/31 16:15,11.39,12.09,48.25
258,2022/10/31 16:30,11.36,12.09,48.28
259,2022/10/31 16:45,11.34,12.86,48.38
260,2022/10/31 17:00,11.34,9.03,48.25
261,2022/10/31 17:15,11.35,15.54,48.32
262,2022/10/31 17:30,11.37,14.39,48.32
263,2022/10/31 17:45,11.39,12.48,0
264,2022/10/31 18:00,11.65,12.09,0
265,2022/10/31 18:15,11.67,14.77,0
266,2022/10/31 18:30,11.69,15.16,0
267,2022/10/31 18:45,11.71,10.94,0
268,2022/10/31 19:00,11.72,18.22,0
269,2022/10/31 19:15,11.73,14.01,0
270,2022/10/31 19:30,11.74,14.01,0
271,2022/10/31 19:45,11.73,14.39,0
272,2022/10/31 20:00,11.71,17.45,0
273,2022/10/31 20:15,11.68,15.16,0
274,2022/10/31 20:30,11.64,18.6,0
275,2022/10/31 20:45,11.6,13.63,0
276,2022/10/31 21:00,11.55,13.63,0
277,2022/10/31 21:15,11.5,9.8,0
278,2022/10/31 21:30,11.46,15.16,0
279,2022/10/31 21:45,11.42,14.01,0
280,2022/10/31 22:00,11.38,13.63,0
281,2022/10/31 22:15,11.35,14.39,0
282,2022/10/31 22:30,11.33,11.33,0
283,2022/10/31 22:45,11.32,15.16,0
284,2022/10/31 23:00,11.31,14.01,0
285,2022/10/31 23:15,11.31,12.09,0
286,2022/10/31 23:30,11.31,12.48,0
287,2022/10/31 23:45,11.31,12.86,0
288,2022/11/1 0:00,11.32,11.71,0
289,2022/11/1 0:15,11.33,12.09,26.38
290,2022/11/1 0:30,11.34,14.77,48.22
291,2022/11/1 0:45,11.36,13.24,46.64
292,2022/11/1 1:00,11.39,14.01,48.38
293,2022/11/1 1:15,11.42,12.86,48.28
294,2022/11/1 1:30,11.46,13.63,48.48
295,2022/11/1 1:45,11.49,10.94,48.38
296,2022/11/1 2:00,11.51,11.33,48.42
297,2022/11/1 2:15,11.54,12.48,47.68
298,2022/11/1 2:30,11.56,11.71,47.81
299,2022/11/1 2:45,11.58,14.39,48.32
300,2022/11/1 3:00,11.6,14.77,48.18
301,2022/11/1 3:15,11.62,14.01,48.32
302,2022/11/1 3:30,11.63,12.48,48.28
303,2022/11/1 3:45,11.64,15.92,48.32
304,2022/11/1 4:00,11.65,14.77,48.22
305,2022/11/1 4:15,11.65,12.09,48.48
306,2022/11/1 4:30,11.64,13.63,48.05
307,2022/11/1 4:45,11.64,15.92,48.35
308,2022/11/1 5:00,11.63,13.63,48.45
309,2022/11/1 5:15,11.62,12.09,48.52
310,2022/11/1 5:30,11.6,13.63,48.38
311,2022/11/1 5:45,11.58,11.33,48.32
312,2022/11/1 6:00,11.85,14.39,48.52
313,2022/11/1 6:15,11.81,10.94,48.15
314,2022/11/1 6:30,11.78,10.56,48.32
315,2022/11/1 6:45,11.74,10.56,48.35
316,2022/11/1 7:00,11.71,12.09,48.68
317,2022/11/1 7:15,11.67,13.24,48.22
318,2022/11/1 7:30,11.64,12.86,48.22
319,2022/11/1 7:45,11.61,14.01,48.38
320,2022/11/1 8:00,11.57,14.39,48.68
321,2022/11/1 8:15,11.54,14.01,48.32
322,2022/11/1 8:30,11.5,13.24,48.38
323,2022/11/1 8:45,11.46,14.39,48.18
324,2022/11/1 9:00,11.43,12.09,48.28
325,2022/11/1 9:15,11.39,13.63,48.38
326,2022/11/1 9:30,11.35,14.01,48.25
327,2022/11/1 9:45,11.31,13.63,48.72
328,2022/11/1 10:00,11.28,12.09,48.42
329,2022/11/1 10:15,11.24,14.01,48.08
330,2022/11/1 10:30,11.2,14.77,48.38
331,2022/11/1 10:45,11.15,13.24,48.58
332,2022/11/1 11:00,11.1,12.09,48.42
333,2022/11/1 11:15,11.04,14.01,48.65
334,2022/11/1 11:30,10.98,12.48,48.15
335,2022/11/1 11:45,10.92,13.63,48.38
336,2022/11/1 12:00,10.85,12.48,48.25
337,2022/11/1 12:15,10.78,12.09,48.45
338,2022/11/1 12:30,10.72,11.33,48.25
339,2022/11/1 12:45,10.66,8.26,48.05
340,2022/11/1 13:00,10.59,12.48,47.48
341,2022/11/1 13:15,10.53,9.03,48.12
342,2022/11/1 13:30,10.46,11.71,48.52
343,2022/11/1 13:45,10.39,11.71,48.45
344,2022/11/1 14:00,10.32,10.18,46.54
345,2022/11/1 14:15,10.25,11.71,48.28
346,2022/11/1 14:30,10.18,13.63,48.42
347,2022/11/1 14:45,10.11,10.94,48.22
348,2022/11/1 15:00,10.03,13.24,48.32
349,2022/11/1 15:15,9.95,9.41,48.12
350,2022/11/1 15:30,9.87,13.63,48.15
351,2022/11/1 15:45,9.8,11.33,46.98
352,2022/11/1 16:00,9.74,12.48,48.55
353,2022/11/1 16:15,9.67,12.86,48.22
354,2022/11/1 16:30,9.62,10.18,44.9
355,2022/11/1 16:45,9.57,8.26,34.66
356,2022/11/1 17:00,9.53,8.65,37.4
357,2022/11/1 17:15,9.5,7.11,35.22
358,2022/11/1 17:30,9.47,7.11,32.28
359,2022/11/1 17:45,9.44,6.35,29.6
360,2022/11/1 18:00,9.41,5.96,27.02
361,2022/11/1 18:15,9.39,7.88,33.89
362,2022/11/1 18:30,9.36,7.11,33.42
363,2022/11/1 18:45,9.34,7.5,42.19
364,2022/11/1 19:00,9.32,9.03,39.38
365,2022/11/1 19:15,9.31,8.65,36.03
366,2022/11/1 19:30,9.29,10.18,37.03
367,2022/11/1 19:45,9.26,8.26,33.35
368,2022/11/1 20:00,9.22,8.26,33.05
369,2022/11/1 20:15,9.18,7.88,33.12
370,2022/11/1 20:30,9.13,10.18,34.52
371,2022/11/1 20:45,9.08,7.88,30.97
372,2022/11/1 21:00,9.01,9.03,35.63
373,2022/11/1 21:15,8.95,10.56,29.2
374,2022/11/1 21:30,8.87,8.26,24.64
375,2022/11/1 21:45,8.79,5.96,19.65
376,2022/11/1 22:00,8.71,7.88,27.49
377,2022/11/1 22:15,8.62,5.96,25.01
378,2022/11/1 22:30,8.52,11.33,29.1
379,2022/11/1 22:45,8.43,8.65,33.08
380,2022/11/1 23:00,8.33,9.41,35.29
381,2022/11/1 23:15,8.23,9.41,34.96
382,2022/11/1 23:30,8.13,7.88,35.09
383,2022/11/1 23:45,8.03,8.65,35.89
384,2022/11/2 0:00,7.96,8.65,32.28
385,2022/11/2 0:15,7.86,5.96,29.4
386,2022/11/2 0:30,7.76,7.11,24.68
387,2022/11/2 0:45,7.68,5.58,22.33
388,2022/11/2 1:00,7.59,5.58,18.05
389,2022/11/2 1:15,7.52,3.28,9.64
390,2022/11/2 1:30,7.44,4.82,8
391,2022/11/2 1:45,7.37,3.67,6.13
392,2022/11/2 2:00,7.3,2.52,3.58
393,2022/11/2 2:15,7.23,1.75,3.58
394,2022/11/2 2:30,7.17,2.14,3.15
395,2022/11/2 2:45,7.11,1.75,4.02
396,2022/11/2 3:00,7.04,2.14,3.31
397,2022/11/2 3:15,6.98,2.14,2.31
398,2022/11/2 3:30,6.93,3.67,2.78
399,2022/11/2 3:45,6.88,4.05,3.35
400,2022/11/2 4:00,6.84,2.9,3.31
401,2022/11/2 4:15,6.81,3.28,3.31
402,2022/11/2 4:30,6.79,2.52,2.14
403,2022/11/2 4:45,6.76,2.9,2.14
404,2022/11/2 5:00,6.74,0.6,2.41
405,2022/11/2 5:15,6.73,2.9,3.48
406,2022/11/2 5:30,6.72,3.67,5.22
407,2022/11/2 5:45,6.72,3.28,6.53
408,2022/11/2 6:00,6.61,3.67,10.38
409,2022/11/2 6:15,6.65,3.67,12.86
410,2022/11/2 6:30,6.72,4.05,13.26
411,2022/11/2 6:45,6.8,5.2,14.46
412,2022/11/2 7:00,6.9,5.2,17.51
413,2022/11/2 7:15,7.02,4.82,18.99
414,2022/11/2 7:30,7.16,5.2,16.74
415,2022/11/2 7:45,7.3,4.82,13.46
416,2022/11/2 8:00,7.45,4.82,15.97
417,2022/11/2 8:15,7.61,4.82,21.26
418,2022/11/2 8:30,7.78,5.96,26.05
419,2022/11/2 8:45,7.95,5.58,25.48
420,2022/11/2 9:00,8.12,7.11,29.6
421,2022/11/2 9:15,8.3,8.26,31.01
422,2022/11/2 9:30,8.47,5.2,33.95
423,2022/11/2 9:45,8.64,6.35,42.86
424,2022/11/2 10:00,8.8,10.94,42.83
425,2022/11/2 10:15,8.96,9.8,47.35
426,2022/11/2 10:30,9.1,9.8,45
427,2022/11/2 10:45,9.22,8.26,47.25
428,2022/11/2 11:00,9.32,7.5,48.32
429,2022/11/2 11:15,9.4,8.65,47.14
430,2022/11/2 11:30,9.46,8.26,43.93
431,2022/11/2 11:45,9.52,9.8,46.21
432,2022/11/2 12:00,9.66,8.65,45.7
433,2022/11/2 12:15,9.67,10.94,45.81
434,2022/11/2 12:30,9.67,6.73,46.88
435,2022/11/2 12:45,9.66,7.5,44.9
436,2022/11/2 13:00,9.62,10.56,43.33
437,2022/11/2 13:15,9.57,10.56,46.64
438,2022/11/2 13:30,9.51,8.65,45.81
439,2022/11/2 13:45,9.45,6.35,45.87
440,2022/11/2 14:00,9.38,9.03,45.47
441,2022/11/2 14:15,9.31,9.41,47.58
442,2022/11/2 14:30,9.23,11.71,46.61
443,2022/11/2 14:45,9.14,7.5,46.47
444,2022/11/2 15:00,9.06,8.65,41.29
445,2022/11/2 15:15,8.96,9.03,41.89
446,2022/11/2 15:30,8.87,9.03,42.93
447,2022/11/2 15:45,8.78,9.8,40.72
448,2022/11/2 16:00,8.69,8.65,36.3
449,2022/11/2 16:15,8.6,6.35,32.91
450,2022/11/2 16:30,8.51,6.73,32.51
451,2022/11/2 16:45,8.43,6.35,27.39
452,2022/11/2 17:00,8.35,5.96,26.59
453,2022/11/2 17:15,8.28,5.58,24.18
454,2022/11/2 17:30,8.21,8.26,24.14
455,2022/11/2 17:45,8.14,8.65,27.22
456,2022/11/2 18:00,8.09,7.88,31.27
457,2022/11/2 18:15,8.06,5.96,30.24
458,2022/11/2 18:30,8.04,7.11,25.05
459,2022/11/2 18:45,8.03,6.73,27.62
460,2022/11/2 19:00,8.03,9.41,35.29
461,2022/11/2 19:15,8.03,9.41,37.6
462,2022/11/2 19:30,8.04,6.73,31.57
463,2022/11/2 19:45,8.04,8.65,34.05
464,2022/11/2 20:00,8.04,8.65,33.15
465,2022/11/2 20:15,8.03,6.35,31.81
466,2022/11/2 20:30,8.03,7.11,37.03
467,2022/11/2 20:45,8.03,4.82,45.4
468,2022/11/2 21:00,8.03,9.8,48.25
469,2022/11/2 21:15,8.03,7.11,46.24
470,2022/11/2 21:30,8.02,4.82,47.81
471,2022/11/2 21:45,8.02,7.5,47.28
472,2022/11/2 22:00,8.01,9.8,45
473,2022/11/2 22:15,8.01,8.26,48.05
474,2022/11/2 22:30,7.99,8.65,46.01
475,2022/11/2 22:45,7.97,9.41,39.78
476,2022/11/2 23:00,7.94,8.65,44.3
477,2022/11/2 23:15,7.91,9.41,41.99
478,2022/11/2 23:30,7.88,9.03,42.83
479,2022/11/2 23:45,7.84,8.26,38.87
480,2022/11/3 0:00,7.74,7.11,31.68
481,2022/11/3 0:15,7.7,7.11,28.49
482,2022/11/3 0:30,7.65,7.11,24.58
483,2022/11/3 0:45,7.6,5.96,21.66
484,2022/11/3 1:00,7.56,7.11,20.46
485,2022/11/3 1:15,7.51,4.82,16.78
486,2022/11/3 1:30,7.46,6.73,15.77
487,2022/11/3 1:45,7.42,4.82,14.46
488,2022/11/3 2:00,7.38,5.2,13.19
489,2022/11/3 2:15,7.34,5.2,11.15
490,2022/11/3 2:30,7.3,4.82,8.54
491,2022/11/3 2:45,7.27,5.58,10.21
492,2022/11/3 3:00,7.24,4.82,10.95
493,2022/11/3 3:15,7.21,5.2,18.95
494,2022/11/3 3:30,7.19,2.9,16.21
495,2022/11/3 3:45,7.17,4.82,19.86
496,2022/11/3 4:00,7.14,6.35,21.8
497,2022/11/3 4:15,7.12,5.96,24.84
498,2022/11/3 4:30,7.1,5.2,26.08
499,2022/11/3 4:45,7.08,5.96,25.01
500,2022/11/3 5:00,7.05,5.58,26.72
501,2022/11/3 5:15,7.03,4.82,23.84
502,2022/11/3 5:30,7.01,4.82,27.86
503,2022/11/3 5:45,6.98,5.2,22.97
504,2022/11/3 6:00,7.31,5.96,24.74
505,2022/11/3 6:15,7.29,7.11,27.19
506,2022/11/3 6:30,7.28,6.73,25.48
507,2022/11/3 6:45,7.26,9.03,31.14
508,2022/11/3 7:00,7.24,7.5,28.7
509,2022/11/3 7:15,7.22,6.73,26.65
510,2022/11/3 7:30,7.2,9.8,28.73
511,2022/11/3 7:45,7.18,8.65,24.58
512,2022/11/3 8:00,7.16,7.5,32.98
513,2022/11/3 8:15,7.14,5.96,30.14
514,2022/11/3 8:30,7.12,7.11,30.4
515,2022/11/3 8:45,7.1,6.35,31.94
516,2022/11/3 9:00,7.08,5.2,30.74
517,2022/11/3 9:15,7.06,7.88,30.2
518,2022/11/3 9:30,7.04,5.2,27.86
519,2022/11/3 9:45,7.02,4.43,28.93
520,2022/11/3 10:00,7.01,6.35,23.1
521,2022/11/3 10:15,6.99,6.73,25.85
522,2022/11/3 10:30,6.98,4.05,27.39
523,2022/11/3 10:45,6.97,5.58,27.32
524,2022/11/3 11:00,6.96,4.82,29.63
525,2022/11/3 11:15,6.96,3.67,33.18
526,2022/11/3 11:30,6.95,7.11,30.8
527,2022/11/3 11:45,6.95,5.2,31.17
528,2022/11/3 12:00,6.96,6.73,29.1
529,2022/11/3 12:15,6.96,7.88,31.81
530,2022/11/3 12:30,6.97,7.5,32.11
531,2022/11/3 12:45,6.98,8.26,28.33
532,2022/11/3 13:00,6.99,6.73,30.84
533,2022/11/3 13:15,7,8.65,28.63
534,2022/11/3 13:30,7.01,5.58,26.15
535,2022/11/3 13:45,7.02,6.35,24.54
536,2022/11/3 14:00,7.03,7.5,28.39
537,2022/11/3 14:15,7.03,7.11,21.83
538,2022/11/3 14:30,7.03,7.5,22.67
539,2022/11/3 14:45,7.03,6.73,22.47
540,2022/11/3 15:00,7.04,5.2,20.53
541,2022/11/3 15:15,7.05,7.88,24.01
542,2022/11/3 15:30,7.05,4.82,21.86
543,2022/11/3 15:45,7.06,6.73,18.32
544,2022/11/3 16:00,7.07,5.96,19.19
545,2022/11/3 16:15,7.08,6.73,20.29
546,2022/11/3 16:30,7.09,6.73,18.01
547,2022/11/3 16:45,7.1,6.35,22.4
548,2022/11/3 17:00,7.11,7.5,24.51
549,2022/11/3 17:15,7.12,7.5,23.57
550,2022/11/3 17:30,7.13,7.5,22.94
551,2022/11/3 17:45,7.14,7.5,24.11
552,2022/11/3 18:00,7.2,7.11,25.11
553,2022/11/3 18:15,7.23,6.73,25.68
554,2022/11/3 18:30,7.26,6.35,28.8
555,2022/11/3 18:45,7.29,7.5,29.57
556,2022/11/3 19:00,7.32,8.26,31.41
557,2022/11/3 19:15,7.35,7.5,34.22
558,2022/11/3 19:30,7.37,8.65,36.76
559,2022/11/3 19:45,7.38,8.26,37.87
560,2022/11/3 20:00,7.4,9.03,40.45
561,2022/11/3 20:15,7.41,8.65,40.88
562,2022/11/3 20:30,7.42,9.03,41.25
563,2022/11/3 20:45,7.42,9.03,39.85
564,2022/11/3 21:00,7.43,9.03,35.99
565,2022/11/3 21:15,7.43,8.65,32.78
566,2022/11/3 21:30,7.44,6.73,36.33
567,2022/11/3 21:45,7.43,7.88,35.89
568,2022/11/3 22:00,7.43,7.5,29.16
569,2022/11/3 22:15,7.42,5.2,22.27
570,2022/11/3 22:30,7.41,5.58,19.76
571,2022/11/3 22:45,7.39,7.5,20.36
572,2022/11/3 23:00,7.37,8.65,31.01
573,2022/11/3 23:15,7.35,9.8,38.57
574,2022/11/3 23:30,7.33,9.03,44.1
575,2022/11/3 23:45,7.31,10.18,44.97
576,2022/11/4 0:00,7.24,10.18,44.67
577,2022/11/4 0:15,7.21,9.03,43.46
578,2022/11/4 0:30,7.17,9.03,42.46
579,2022/11/4 0:45,7.13,9.03,38.91
580,2022/11/4 1:00,7.08,8.26,36.7
581,2022/11/4 1:15,7.03,7.5,28.39
582,2022/11/4 1:30,6.98,6.73,26.99
583,2022/11/4 1:45,6.92,6.35,24.51
584,2022/11/4 2:00,6.86,9.03,28.03
585,2022/11/4 2:15,6.79,8.26,28.49
586,2022/11/4 2:30,6.72,7.5,27.32
587,2022/11/4 2:45,6.65,7.5,23.97
588,2022/11/4 3:00,6.58,7.11,22.17
589,2022/11/4 3:15,6.5,5.96,17.21
590,2022/11/4 3:30,6.41,4.43,12.49
591,2022/11/4 3:45,6.33,6.35,16.71
592,2022/11/4 4:00,6.25,7.5,18.99
593,2022/11/4 4:15,6.16,6.73,18.75
594,2022/11/4 4:30,6.09,4.82,14.3
595,2022/11/4 4:45,6.01,3.67,13.19
596,2022/11/4 5:00,5.94,5.58,15.1
597,2022/11/4 5:15,5.87,5.58,15
598,2022/11/4 5:30,5.81,5.2,12.49
599,2022/11/4 5:45,5.75,4.43,11.59
600,2022/11/4 6:00,5.56,5.96,13.33
601,2022/11/4 6:15,5.48,5.58,9.61
602,2022/11/4 6:30,5.42,4.82,7.13
603,2022/11/4 6:45,5.38,4.43,5.99
604,2022/11/4 7:00,5.34,3.67,6.5
605,2022/11/4 7:15,5.32,4.43,7.77
606,2022/11/4 7:30,5.31,4.82,6.13
607,2022/11/4 7:45,5.3,5.58,8.74
608,2022/11/4 8:00,5.31,4.05,6.63
609,2022/11/4 8:15,5.32,3.67,5.39
610,2022/11/4 8:30,5.33,3.67,2.85
611,2022/11/4 8:45,5.35,4.05,3.45
612,2022/11/4 9:00,5.37,4.82,4.29
613,2022/11/4 9:15,5.4,4.82,5.73
614,2022/11/4 9:30,5.44,5.58,5.86
615,2022/11/4 9:45,5.49,4.82,8.67
616,2022/11/4 10:00,5.55,5.2,7.1
617,2022/11/4 10:15,5.62,4.82,8.61
618,2022/11/4 10:30,5.7,4.43,9.84
619,2022/11/4 10:45,5.77,7.11,12.66
620,2022/11/4 11:00,5.84,6.73,14.63
621,2022/11/4 11:15,5.91,5.96,14.26
622,2022/11/4 11:30,5.99,7.5,15.47
623,2022/11/4 11:45,6.06,6.73,12.86
624,2022/11/4 12:00,6.07,4.43,17.44
625,2022/11/4 12:15,6.15,5.96,13.26
626,2022/11/4 12:30,6.24,6.35,11.62
627,2022/11/4 12:45,6.33,5.2,14.03
628,2022/11/4 13:00,6.42,5.58,12.89
629,2022/11/4 13:15,6.51,6.73,18.62
630,2022/11/4 13:30,6.6,7.5,18.35
631,2022/11/4 13:45,6.69,7.11,20.26
632,2022/11/4 14:00,6.77,7.88,20.19
633,2022/11/4 14:15,6.86,7.11,26.05
634,2022/11/4 14:30,6.94,8.26,24.48
635,2022/11/4 14:45,7.02,9.03,26.72
636,2022/11/4 15:00,7.1,6.35,19.62
637,2022/11/4 15:15,7.18,5.2,19.09
638,2022/11/4 15:30,7.26,6.73,19.59
639,2022/11/4 15:45,7.36,5.96,21.66
640,2022/11/4 16:00,7.46,6.73,22.53
641,2022/11/4 16:15,7.56,5.58,17.04
642,2022/11/4 16:30,7.68,6.73,15.54
643,2022/11/4 16:45,7.8,7.11,16.11
644,2022/11/4 17:00,7.93,6.35,20.79
645,2022/11/4 17:15,8.07,7.5,27.69
646,2022/11/4 17:30,8.21,8.26,32.04
647,2022/11/4 17:45,8.36,9.03,34.76
648,2022/11/4 18:00,8.5,9.8,43.09
649,2022/11/4 18:15,8.65,10.18,46.37
650,2022/11/4 18:30,8.79,10.56,47.68
651,2022/11/4 18:45,8.93,10.94,48.15
652,2022/11/4 19:00,9.06,10.94,48.12
653,2022/11/4 19:15,9.19,10.94,48.32
654,2022/11/4 19:30,9.31,12.09,48.32
655,2022/11/4 19:45,9.42,11.33,48.25
656,2022/11/4 20:00,9.52,10.56,48.02
657,2022/11/4 20:15,9.6,10.18,48.15
658,2022/11/4 20:30,9.67,11.33,48.35
659,2022/11/4 20:45,9.73,9.41,48.28
660,2022/11/4 21:00,9.77,10.18,48.35
661,2022/11/4 21:15,9.79,11.71,48.48
662,2022/11/4 21:30,9.8,10.56,48.25
663,2022/11/4 21:45,9.79,13.24,48.35
664,2022/11/4 22:00,9.77,12.48,48.38
665,2022/11/4 22:15,9.73,14.01,48.48
666,2022/11/4 22:30,9.68,13.63,48.18
667,2022/11/4 22:45,9.62,13.24,48.42
668,2022/11/4 23:00,9.54,13.63,48.32
669,2022/11/4 23:15,9.46,13.63,48.28
670,2022/11/4 23:30,9.37,13.24,48.42
671,2022/11/4 23:45,9.27,13.63,48.45
672,2022/11/5 0:00,9.15,11.33,48.32
673,2022/11/5 0:15,9.03,11.71,48.45
674,2022/11/5 0:30,8.9,12.86,48.42
675,2022/11/5 0:45,8.77,13.24,48.42
676,2022/11/5 1:00,8.63,12.09,48.32
677,2022/11/5 1:15,8.49,10.56,48.38
678,2022/11/5 1:30,8.35,11.71,48.35
679,2022/11/5 1:45,8.21,10.18,46.74
680,2022/11/5 2:00,8.08,8.65,44.03
681,2022/11/5 2:15,7.95,9.03,37.17
682,2022/11/5 2:30,7.82,9.03,35.29
683,2022/11/5 2:45,7.7,8.26,32.91
684,2022/11/5 3:00,7.59,7.11,27.62
685,2022/11/5 3:15,7.49,6.73,24.74
686,2022/11/5 3:30,7.39,7.11,20.99
687,2022/11/5 3:45,7.3,6.35,21.53
688,2022/11/5 4:00,7.21,6.35,22.5
689,2022/11/5 4:15,7.13,5.96,20.66
690,2022/11/5 4:30,7.05,7.11,27.66
691,2022/11/5 4:45,6.99,7.5,28.09
692,2022/11/5 5:00,6.93,7.11,22.47
693,2022/11/5 5:15,6.87,6.73,19.96
694,2022/11/5 5:30,6.82,7.11,26.25
695,2022/11/5 5:45,6.78,7.88,30.07
696,2022/11/5 6:00,6.41,7.88,31.21
697,2022/11/5 6:15,6.36,7.5,28.33
698,2022/11/5 6:30,6.31,7.11,25.82
699,2022/11/5 6:45,6.24,7.5,27.12
700,2022/11/5 7:00,6.17,7.88,28.66
701,2022/11/5 7:15,6.1,7.88,27.89
702,2022/11/5 7:30,6.02,7.5,22.13
703,2022/11/5 7:45,5.94,6.73,18.85
704,2022/11/5 8:00,5.85,5.2,16.41
705,2022/11/5 8:15,5.76,4.82,11.38
706,2022/11/5 8:30,5.66,2.9,5.12
707,2022/11/5 8:45,5.57,4.82,7.87
708,2022/11/5 9:00,5.47,7.5,15.03
709,2022/11/5 9:15,5.36,5.96,15.3
710,2022/11/5 9:30,5.26,7.11,12.89
711,2022/11/5 9:45,5.16,4.43,7.97
712,2022/11/5 10:00,5.05,3.67,5.09
713,2022/11/5 10:15,4.95,5.2,5.26
714,2022/11/5 10:30,4.86,4.43,4.89
715,2022/11/5 10:45,4.77,5.2,4.52
716,2022/11/5 11:00,4.69,3.67,6.03
717,2022/11/5 11:15,4.61,3.67,6.46
718,2022/11/5 11:30,4.54,6.35,17.58
719,2022/11/5 11:45,4.48,3.67,13.69
720,2022/11/5 12:00,4.42,5.2,9.71
721,2022/11/5 12:15,4.36,5.58,16.24
722,2022/11/5 12:30,4.3,5.96,16.34
723,2022/11/5 12:45,4.25,6.35,11.89
724,2022/11/5 13:00,4.2,4.82,13.06
725,2022/11/5 13:15,4.15,5.58,14.13
726,2022/11/5 13:30,4.11,4.82,10.61
727,2022/11/5 13:45,4.06,4.43,10.98
728,2022/11/5 14:00,4.02,5.96,10.71
729,2022/11/5 14:15,3.98,3.67,9.21
730,2022/11/5 14:30,3.93,4.05,10.25
731,2022/11/5 14:45,3.89,3.67,10.45
732,2022/11/5 15:00,3.85,6.35,13.39
733,2022/11/5 15:15,3.82,5.96,14.3
734,2022/11/5 15:30,3.77,5.58,18.15
735,2022/11/5 15:45,3.73,5.2,15.27
736,2022/11/5 16:00,3.68,4.82,15.2
737,2022/11/5 16:15,3.62,5.96,12.56
738,2022/11/5 16:30,3.56,5.2,8.77
739,2022/11/5 16:45,3.5,3.28,5.63
740,2022/11/5 17:00,3.43,2.9,2.41
741,2022/11/5 17:15,3.35,2.52,0.67
742,2022/11/5 17:30,3.27,2.14,0
743,2022/11/5 17:45,3.19,1.75,0
744,2022/11/5 18:00,3.6,1.75,0
745,2022/11/5 18:15,3.52,1.37,0
746,2022/11/5 18:30,3.45,0.99,0
747,2022/11/5 18:45,3.4,0,0
748,2022/11/5 19:00,3.35,0.99,0
749,2022/11/5 19:15,3.32,1.37,0
750,2022/11/5 19:30,3.31,2.14,0
751,2022/11/5 19:45,3.32,2.9,0
752,2022/11/5 20:00,3.35,2.9,0
753,2022/11/5 20:15,3.42,1.75,0.03
754,2022/11/5 20:30,3.51,2.52,0.37
755,2022/11/5 20:45,3.63,4.43,4.62
756,2022/11/5 21:00,3.78,5.58,7.37
757,2022/11/5 21:15,3.97,2.9,8.24
758,2022/11/5 21:30,4.19,6.35,11.82
759,2022/11/5 21:45,4.43,6.35,12.79
760,2022/11/5 22:00,4.69,5.96,11.92
761,2022/11/5 22:15,4.96,6.35,13.93
762,2022/11/5 22:30,5.24,6.73,20.63
763,2022/11/5 22:45,5.52,6.73,20.89
764,2022/11/5 23:00,5.79,7.88,27.32
765,2022/11/5 23:15,6.07,8.26,31.01
766,2022/11/5 23:30,6.34,8.26,32.58
767,2022/11/5 23:45,6.6,8.65,34.12
768,2022/11/6 0:00,6.88,9.41,42.02
769,2022/11/6 0:15,7.11,9.8,44.6
770,2022/11/6 0:30,7.33,9.41,48.08
771,2022/11/6 0:45,7.54,9.8,46.74
772,2022/11/6 1:00,7.72,10.18,47.28
773,2022/11/6 1:15,7.88,9.8,47.65
774,2022/11/6 1:30,8.01,9.41,47.65
775,2022/11/6 1:45,8.13,9.41,47.01
776,2022/11/6 2:00,8.23,9.03,46.04
777,2022/11/6 2:15,8.31,9.8,46.68
778,2022/11/6 2:30,8.37,9.03,46.64
779,2022/11/6 2:45,8.41,8.26,45.5
780,2022/11/6 3:00,8.43,8.65,43.26
781,2022/11/6 3:15,8.44,7.5,40.08
782,2022/11/6 3:30,8.43,7.88,38.34
783,2022/11/6 3:45,8.42,8.26,41.42
784,2022/11/6 4:00,8.39,8.26,42.26
785,2022/11/6 4:15,8.36,7.88,42.12
786,2022/11/6 4:30,8.32,8.65,42.12
787,2022/11/6 4:45,8.27,9.03,42.32
788,2022/11/6 5:00,8.22,9.03,40.31
789,2022/11/6 5:15,8.16,8.26,38.71
790,2022/11/6 5:30,8.09,7.88,36.63
791,2022/11/6 5:45,8.02,7.88,34.92
792,2022/11/6 6:00,8.05,7.11,32.58
793,2022/11/6 6:15,7.96,7.5,27.72
794,2022/11/6 6:30,7.85,7.11,26.45
795,2022/11/6 6:45,7.75,7.5,25.41
796,2022/11/6 7:00,7.64,7.88,30.6
797,2022/11/6 7:15,7.54,8.26,34.45
798,2022/11/6 7:30,7.43,8.26,35.06
799,2022/11/6 7:45,7.31,7.5,33.58
800,2022/11/6 8:00,7.19,6.35,29.23
801,2022/11/6 8:15,7.06,5.2,21.4
802,2022/11/6 8:30,6.93,5.58,16.04
803,2022/11/6 8:45,6.79,5.2,10.48
804,2022/11/6 9:00,6.65,6.73,8.91
805,2022/11/6 9:15,6.5,3.67,8.5
806,2022/11/6 9:30,6.36,3.28,8.61
807,2022/11/6 9:45,6.22,3.28,7.13
808,2022/11/6 10:00,6.08,5.96,8.34
809,2022/11/6 10:15,5.95,5.96,10.38
810,2022/11/6 10:30,5.82,5.58,12.76
811,2022/11/6 10:45,5.69,4.43,11.45
812,2022/11/6 11:00,5.57,2.9,15.74
813,2022/11/6 11:15,5.45,6.35,25.05
814,2022/11/6 11:30,5.34,6.35,20.59
815,2022/11/6 11:45,5.22,5.58,17.38
816,2022/11/6 12:00,5.13,6.35,15.44
817,2022/11/6 12:15,5,5.2,12.22
818,2022/11/6 12:30,4.88,4.82,10.92
819,2022/11/6 12:45,4.77,2.9,5.79
820,2022/11/6 13:00,4.67,3.28,2.98
821,2022/11/6 13:15,4.57,2.9,2.88
822,2022/11/6 13:30,4.48,3.28,3.98
823,2022/11/6 13:45,4.39,2.14,6.23
824,2022/11/6 14:00,4.3,4.43,6.63
825,2022/11/6 14:15,4.22,4.82,7.84
826,2022/11/6 14:30,4.14,5.58,7.73
827,2022/11/6 14:45,4.07,5.2,7.1
828,2022/11/6 15:00,4,3.67,6.5
829,2022/11/6 15:15,3.94,4.82,5.59
830,2022/11/6 15:30,3.88,5.2,5.96
831,2022/11/6 15:45,3.83,5.2,7.27
832,2022/11/6 16:00,3.79,4.43,4.59
833,2022/11/6 16:15,3.76,3.67,1.98
834,2022/11/6 16:30,3.73,3.28,1.07
835,2022/11/6 16:45,3.7,4.05,2.34
836,2022/11/6 17:00,3.67,4.05,1.61
837,2022/11/6 17:15,3.65,2.52,0.57
838,2022/11/6 17:30,3.62,2.9,0.77
839,2022/11/6 17:45,3.59,3.28,1.37
840,2022/11/6 18:00,3.35,3.67,2.98
841,2022/11/6 18:15,3.33,2.52,0.67
842,2022/11/6 18:30,3.3,1.75,0
843,2022/11/6 18:45,3.26,1.75,0
844,2022/11/6 19:00,3.22,3.67,4.12
845,2022/11/6 19:15,3.18,2.9,3.48
846,2022/11/6 19:30,3.13,3.28,3.82
847,2022/11/6 19:45,3.07,3.28,2.65
848,2022/11/6 20:00,3.02,4.43,3.62
849,2022/11/6 20:15,2.96,4.43,2.11
850,2022/11/6 20:30,2.9,4.43,4.86
851,2022/11/6 20:45,2.84,4.05,3.25
852,2022/11/6 21:00,2.78,3.28,4.79
853,2022/11/6 21:15,2.72,2.52,2.71
854,2022/11/6 21:30,2.65,3.67,3.75
855,2022/11/6 21:45,2.59,2.9,2.28
856,2022/11/6 22:00,2.52,3.28,1.98
857,2022/11/6 22:15,2.45,2.52,2.81
858,2022/11/6 22:30,2.4,2.14,1.51
859,2022/11/6 22:45,2.35,2.52,1.41
860,2022/11/6 23:00,2.31,3.28,1.34
861,2022/11/6 23:15,2.27,3.67,1.34
862,2022/11/6 23:30,2.25,3.28,1.44
863,2022/11/6 23:45,2.23,3.67,1.98
864,2022/11/7 0:00,2.28,4.43,2.18
865,2022/11/7 0:15,2.28,3.67,1.91
866,2022/11/7 0:30,2.28,3.28,1.61
867,2022/11/7 0:45,2.29,4.05,1.51
868,2022/11/7 1:00,2.3,3.28,1.74
869,2022/11/7 1:15,2.3,2.52,2.28
870,2022/11/7 1:30,2.31,2.52,1.34
871,2022/11/7 1:45,2.33,2.9,0.2
872,2022/11/7 2:00,2.35,2.52,0
873,2022/11/7 2:15,2.37,3.67,0
874,2022/11/7 2:30,2.4,2.14,0
875,2022/11/7 2:45,2.43,2.9,0
876,2022/11/7 3:00,2.46,4.82,1.64
877,2022/11/7 3:15,2.5,4.43,3.62
878,2022/11/7 3:30,2.54,4.05,3.38
879,2022/11/7 3:45,2.6,3.67,1.77
880,2022/11/7 4:00,2.66,3.28,0.8
881,2022/11/7 4:15,2.73,3.28,1.41
882,2022/11/7 4:30,2.82,3.28,1.24
883,2022/11/7 4:45,2.91,4.05,1.1
884,2022/11/7 5:00,3.02,3.28,1
885,2022/11/7 5:15,3.14,4.82,3.18
886,2022/11/7 5:30,3.27,4.82,4.69
887,2022/11/7 5:45,3.42,5.2,8
888,2022/11/7 6:00,4.56,5.58,8
889,2022/11/7 6:15,4.64,5.2,10.58
890,2022/11/7 6:30,4.72,5.58,11.72
891,2022/11/7 6:45,4.8,5.96,10.71
892,2022/11/7 7:00,4.87,6.73,11.75
893,2022/11/7 7:15,4.93,6.35,11.65
894,2022/11/7 7:30,4.99,5.96,11.59
895,2022/11/7 7:45,5.03,3.28,15.9
896,2022/11/7 8:00,5.07,3.28,16.37
897,2022/11/7 8:15,5.1,2.52,13.19
898,2022/11/7 8:30,5.13,1.75,8.4
899,2022/11/7 8:45,5.14,2.9,5.16
900,2022/11/7 9:00,5.14,2.52,3.85
901,2022/11/7 9:15,5.14,1.75,4.82
902,2022/11/7 9:30,5.13,2.52,2.18
903,2022/11/7 9:45,5.12,2.52,0.44
904,2022/11/7 10:00,5.1,2.9,2.18
905,2022/11/7 10:15,5.08,3.67,4.32
906,2022/11/7 10:30,5.06,4.05,6.56
907,2022/11/7 10:45,5.05,4.05,5.76
908,2022/11/7 11:00,5.04,3.28,1.74
909,2022/11/7 11:15,5.03,3.28,1.71
910,2022/11/7 11:30,5.03,3.28,2.65
911,2022/11/7 11:45,5.03,4.05,4.72
912,2022/11/7 12:00,5.02,4.82,6.4
913,2022/11/7 12:15,5.04,5.2,5.06
914,2022/11/7 12:30,5.05,4.82,5.32
915,2022/11/7 12:45,5.07,4.05,4.25
916,2022/11/7 13:00,5.08,3.67,4.52
917,2022/11/7 13:15,5.09,4.43,6.53
918,2022/11/7 13:30,5.1,4.43,5.12
919,2022/11/7 13:45,5.11,3.67,7.06
920,2022/11/7 14:00,5.11,4.43,4.89
921,2022/11/7 14:15,5.11,2.9,5.02
922,2022/11/7 14:30,5.11,4.82,4.45
923,2022/11/7 14:45,5.11,2.9,3.82
924,2022/11/7 15:00,5.1,4.05,2.08
925,2022/11/7 15:15,5.1,4.05,1.91
926,2022/11/7 15:30,5.09,4.05,1.61
927,2022/11/7 15:45,5.08,3.67,1.77
928,2022/11/7 16:00,5.06,3.67,1.27
929,2022/11/7 16:15,5.04,3.28,0.2
930,2022/11/7 16:30,5.02,2.9,0
931,2022/11/7 16:45,5,2.14,0
932,2022/11/7 17:00,4.98,1.75,0
933,2022/11/7 17:15,4.97,2.14,0
934,2022/11/7 17:30,4.95,2.9,0.44
935,2022/11/7 17:45,4.95,3.67,0.87
936,2022/11/7 18:00,5.28,2.9,0.44
937,2022/11/7 18:15,5.29,2.9,1
938,2022/11/7 18:30,5.32,4.43,1.1
939,2022/11/7 18:45,5.35,3.67,1.61
940,2022/11/7 19:00,5.39,3.28,1.91
941,2022/11/7 19:15,5.44,4.05,5.16
942,2022/11/7 19:30,5.51,4.05,6.19
943,2022/11/7 19:45,5.61,4.43,7.7
944,2022/11/7 20:00,5.72,4.82,11.02
945,2022/11/7 20:15,5.84,6.35,16.54
946,2022/11/7 20:30,5.98,5.96,19.72
947,2022/11/7 20:45,6.13,7.5,19.79
948,2022/11/7 21:00,6.28,6.73,24.48
949,2022/11/7 21:15,6.43,7.88,31.14
950,2022/11/7 21:30,6.58,7.88,34.52
951,2022/11/7 21:45,6.73,8.26,36.3
952,2022/11/7 22:00,6.87,9.8,35.69
953,2022/11/7 22:15,7,8.65,31.44
954,2022/11/7 22:30,7.12,8.26,28.76
955,2022/11/7 22:45,7.24,8.26,30.64
956,2022/11/7 23:00,7.34,7.5,30.07
957,2022/11/7 23:15,7.44,6.73,28.03
958,2022/11/7 23:30,7.52,9.03,31.01
959,2022/11/7 23:45,7.59,8.26,29.06
960,2022/11/8 0:00,7.71,8.26,26.49
961,2022/11/8 0:15,7.74,8.26,24.68
962,2022/11/8 0:30,7.77,7.88,23.51
963,2022/11/8 0:45,7.78,7.88,22.97
964,2022/11/8 1:00,7.8,6.73,21.9
965,2022/11/8 1:15,7.8,7.11,22.67
966,2022/11/8 1:30,7.81,7.11,20.56
967,2022/11/8 1:45,7.82,7.11,18.45
968,2022/11/8 2:00,7.83,8.26,25.98
969,2022/11/8 2:15,7.83,8.26,21.06
970,2022/11/8 2:30,7.85,7.88,15.44
971,2022/11/8 2:45,7.86,6.73,12.82
972,2022/11/8 3:00,7.88,8.65,17.38
973,2022/11/8 3:15,7.9,8.26,19.55
974,2022/11/8 3:30,7.93,8.65,18.32
975,2022/11/8 3:45,7.96,8.26,18.45
976,2022/11/8 4:00,8,7.88,20.99
977,2022/11/8 4:15,8.05,7.5,23.37
978,2022/11/8 4:30,8.09,7.88,24.98
979,2022/11/8 4:45,8.14,7.88,26.05
980,2022/11/8 5:00,8.19,7.5,19.82
981,2022/11/8 5:15,8.24,7.5,17.68
982,2022/11/8 5:30,8.29,7.88,21.36
983,2022/11/8 5:45,8.34,8.65,31.84
984,2022/11/8 6:00,8.36,8.26,30.14
985,2022/11/8 6:15,8.43,9.41,40.88
986,2022/11/8 6:30,8.49,9.41,45.14
987,2022/11/8 6:45,8.54,9.41,41.65
988,2022/11/8 7:00,8.58,9.8,45.77
989,2022/11/8 7:15,8.6,9.03,44.3
990,2022/11/8 7:30,8.62,9.8,39.48
991,2022/11/8 7:45,8.62,9.41,35.99
992,2022/11/8 8:00,8.6,8.26,37.6
993,2022/11/8 8:15,8.58,7.88,34.39
994,2022/11/8 8:30,8.54,8.26,28.86
995,2022/11/8 8:45,8.49,6.35,22.1
996,2022/11/8 9:00,8.42,7.5,13.73
997,2022/11/8 9:15,8.34,6.73,12.22
998,2022/11/8 9:30,8.26,5.58,10.25
999,2022/11/8 9:45,8.17,5.2,9.81
1000,2022/11/8 10:00,8.09,5.96,12.22
1001,2022/11/8 10:15,8,6.35,12.49
1002,2022/11/8 10:30,7.93,5.96,12.89
1003,2022/11/8 10:45,7.86,7.11,14.6
1004,2022/11/8 11:00,7.8,5.96,13.86
1005,2022/11/8 11:15,7.76,7.11,11.79
1006,2022/11/8 11:30,7.71,5.96,19.89
1007,2022/11/8 11:45,7.68,6.73,18.92
1008,2022/11/8 12:00,7.65,4.82,19.59
1009,2022/11/8 12:15,7.63,8.26,21.73
1010,2022/11/8 12:30,7.63,7.11,16.54
1011,2022/11/8 12:45,7.64,6.73,19.32
1012,2022/11/8 13:00,7.67,7.11,25.72
1013,2022/11/8 13:15,7.71,8.26,27.12
1014,2022/11/8 13:30,7.76,4.43,20.59
1015,2022/11/8 13:45,7.82,7.88,30.34
1016,2022/11/8 14:00,7.88,6.35,23.27
1017,2022/11/8 14:15,7.95,5.96,15.13
1018,2022/11/8 14:30,8.03,5.58,19.22
1019,2022/11/8 14:45,8.11,4.82,16.98
1020,2022/11/8 15:00,8.21,6.35,12.69
1021,2022/11/8 15:15,8.31,7.11,15.77
1022,2022/11/8 15:30,8.42,7.11,20.79
1023,2022/11/8 15:45,8.54,6.35,19.69
1024,2022/11/8 16:00,8.66,7.5,23.97
1025,2022/11/8 16:15,8.79,7.11,35.12
1026,2022/11/8 16:30,8.91,9.41,45.57
1027,2022/11/8 16:45,9.02,11.33,48.25
1028,2022/11/8 17:00,9.13,11.71,48.45
1029,2022/11/8 17:15,9.23,10.94,48.42
1030,2022/11/8 17:30,9.32,11.33,48.48
1031,2022/11/8 17:45,9.41,12.48,48.42
1032,2022/11/8 18:00,9.71,10.56,47.11
1033,2022/11/8 18:15,9.79,11.71,48.42
1034,2022/11/8 18:30,9.85,10.94,48.35
1035,2022/11/8 18:45,9.9,11.71,48.35
1036,2022/11/8 19:00,9.94,12.09,48.18
1037,2022/11/8 19:15,9.97,10.56,48.38
1038,2022/11/8 19:30,10,9.41,47.01
1039,2022/11/8 19:45,10.02,7.88,47.88
1040,2022/11/8 20:00,10.04,10.94,48.82
1041,2022/11/8 20:15,10.06,9.41,47.75
1042,2022/11/8 20:30,10.08,10.94,48.22
1043,2022/11/8 20:45,10.1,10.94,48.32
1044,2022/11/8 21:00,10.13,11.71,48.25
1045,2022/11/8 21:15,10.16,10.94,48.28
1046,2022/11/8 21:30,10.19,10.18,48.18
1047,2022/11/8 21:45,10.22,9.03,48.28
1048,2022/11/8 22:00,10.25,11.71,48.22
1049,2022/11/8 22:15,10.28,12.09,48.42
1050,2022/11/8 22:30,10.31,14.01,48.18
1051,2022/11/8 22:45,10.34,10.94,48.15
1052,2022/11/8 23:00,10.38,12.86,48.52
1053,2022/11/8 23:15,10.41,12.09,48.38
1054,2022/11/8 23:30,10.44,10.56,48.35
1055,2022/11/8 23:45,10.47,10.56,48.48
1056,2022/11/9 0:00,10.47,10.56,48.48
1057,2022/11/9 0:15,10.5,12.86,48.08
1058,2022/11/9 0:30,10.51,14.39,48.48
1059,2022/11/9 0:45,10.53,14.01,48.22
1060,2022/11/9 1:00,10.54,13.24,48.42
1061,2022/11/9 1:15,10.54,12.86,48.28
1062,2022/11/9 1:30,10.54,11.33,48.38
1063,2022/11/9 1:45,10.54,14.01,48.28
1064,2022/11/9 2:00,10.53,14.39,48.28
1065,2022/11/9 2:15,10.52,13.63,48.35
1066,2022/11/9 2:30,10.51,13.24,48.25
1067,2022/11/9 2:45,10.49,13.24,48.18
1068,2022/11/9 3:00,10.47,13.63,48.32
1069,2022/11/9 3:15,10.44,12.48,48.62
1070,2022/11/9 3:30,10.41,13.63,48.65
1071,2022/11/9 3:45,10.36,12.48,48.35
1072,2022/11/9 4:00,10.31,14.01,48.52
1073,2022/11/9 4:15,10.25,12.86,48.35
1074,2022/11/9 4:30,10.19,12.09,48.22
1075,2022/11/9 4:45,10.12,13.24,48.42
1076,2022/11/9 5:00,10.04,13.63,48.42
1077,2022/11/9 5:15,9.96,12.86,48.35
1078,2022/11/9 5:30,9.87,12.86,48.35
1079,2022/11/9 5:45,9.78,13.63,48.38
1080,2022/11/9 6:00,9.82,12.48,48.45
1081,2022/11/9 6:15,9.7,12.09,48.42
1082,2022/11/9 6:30,9.56,10.56,48.48
1083,2022/11/9 6:45,9.39,11.33,48.45
1084,2022/11/9 7:00,9.21,10.94,48.42
1085,2022/11/9 7:15,9.01,10.94,47.08
1086,2022/11/9 7:30,8.8,11.71,46.31
1087,2022/11/9 7:45,8.57,11.33,47.31
1088,2022/11/9 8:00,8.34,11.33,45.34
1089,2022/11/9 8:15,8.09,9.8,41.32
1090,2022/11/9 8:30,7.83,9.41,33.85
1091,2022/11/9 8:45,7.56,7.88,30.03
1092,2022/11/9 9:00,7.27,8.65,25.61
1093,2022/11/9 9:15,6.98,5.2,17.98
1094,2022/11/9 9:30,6.67,5.2,16.17
1095,2022/11/9 9:45,6.37,5.58,15.37
1096,2022/11/9 10:00,6.06,5.58,12.66
1097,2022/11/9 10:15,5.76,5.58,8.17
1098,2022/11/9 10:30,5.46,5.58,10.25
1099,2022/11/9 10:45,5.18,5.96,9.17
1100,2022/11/9 11:00,4.92,4.82,4.08
1101,2022/11/9 11:15,4.67,4.05,3.75
1102,2022/11/9 11:30,4.44,3.67,3.31
1103,2022/11/9 11:45,4.22,4.05,3.28
1104,2022/11/9 12:00,4.1,4.05,4.29
1105,2022/11/9 12:15,3.92,4.82,2.95
1106,2022/11/9 12:30,3.76,3.67,1.91
1107,2022/11/9 12:45,3.61,3.67,1.84
1108,2022/11/9 13:00,3.48,3.28,2.28
1109,2022/11/9 13:15,3.36,3.67,2.21
1110,2022/11/9 13:30,3.25,3.28,1.04
1111,2022/11/9 13:45,3.16,3.28,0.57
1112,2022/11/9 14:00,3.07,2.9,0.13
1113,2022/11/9 14:15,3,2.9,0.07
1114,2022/11/9 14:30,2.93,2.14,0.5
1115,2022/11/9 14:45,2.87,4.05,3.31
1116,2022/11/9 15:00,2.8,4.43,4.32
1117,2022/11/9 15:15,2.74,4.43,4.62
1118,2022/11/9 15:30,2.69,4.05,3.45
1119,2022/11/9 15:45,2.65,5.58,6.93
1120,2022/11/9 16:00,2.61,5.2,6.19
1121,2022/11/9 16:15,2.59,5.58,5.52
1122,2022/11/9 16:30,2.57,3.28,6.73
1123,2022/11/9 16:45,2.57,3.28,5.56
1124,2022/11/9 17:00,2.58,3.28,3.18
1125,2022/11/9 17:15,2.6,2.9,1.84
1126,2022/11/9 17:30,2.63,3.67,3.05
1127,2022/11/9 17:45,2.69,3.28,2.44
1128,2022/11/9 18:00,3.94,4.05,2.14
1129,2022/11/9 18:15,4.07,4.05,1.67
1130,2022/11/9 18:30,4.2,3.28,0.94
1131,2022/11/9 18:45,4.33,3.28,1
1132,2022/11/9 19:00,4.47,2.9,1.27
1133,2022/11/9 19:15,4.62,3.28,2.08
1134,2022/11/9 19:30,4.76,4.43,3.85
1135,2022/11/9 19:45,4.9,4.05,2.11
1136,2022/11/9 20:00,5.03,3.67,0.87
1137,2022/11/9 20:15,5.17,2.9,0.1
1138,2022/11/9 20:30,5.3,3.28,0.23
1139,2022/11/9 20:45,5.42,2.9,0
1140,2022/11/9 21:00,5.54,2.9,0
1141,2022/11/9 21:15,5.65,2.9,0
1142,2022/11/9 21:30,5.75,4.05,1.61
1143,2022/11/9 21:45,5.84,4.43,4.22
1144,2022/11/9 22:00,5.92,5.96,9.78
1145,2022/11/9 22:15,5.99,7.5,19.25
1146,2022/11/9 22:30,6.05,7.11,20.83
1147,2022/11/9 22:45,6.11,7.88,24.28
1148,2022/11/9 23:00,6.16,8.26,29.06
1149,2022/11/9 23:15,6.2,8.65,26.35
1150,2022/11/9 23:30,6.24,7.5,20.63
1151,2022/11/9 23:45,6.27,7.5,18.18
1152,2022/11/10 0:00,6.43,6.73,11.69
1153,2022/11/10 0:15,6.46,5.96,10.11
1154,2022/11/10 0:30,6.49,5.96,10.78
1155,2022/11/10 0:45,6.51,5.96,15.37
1156,2022/11/10 1:00,6.53,6.73,18.18
1157,2022/11/10 1:15,6.53,7.11,23.07
1158,2022/11/10 1:30,6.54,6.73,24.51
1159,2022/11/10 1:45,6.53,7.11,27.82
1160,2022/11/10 2:00,6.53,8.26,38.91
1161,2022/11/10 2:15,6.51,9.03,42.19
1162,2022/11/10 2:30,6.49,9.03,43.43
1163,2022/11/10 2:45,6.46,9.8,42.42
1164,2022/11/10 3:00,6.42,9.8,45.04
1165,2022/11/10 3:15,6.38,9.8,46.74
1166,2022/11/10 3:30,6.33,9.41,45.87
1167,2022/11/10 3:45,6.28,10.18,46.14
1168,2022/11/10 4:00,6.24,10.94,48.25
1169,2022/11/10 4:15,6.19,9.8,47.91
1170,2022/11/10 4:30,6.15,10.94,46.44
1171,2022/11/10 4:45,6.11,9.03,34.45
1172,2022/11/10 5:00,6.07,7.88,31.61
1173,2022/11/10 5:15,6.04,8.26,36.7
1174,2022/11/10 5:30,6.02,7.88,24.21
1175,2022/11/10 5:45,6,7.5,21.43
1176,2022/11/10 6:00,6.33,6.73,17.78
1177,2022/11/10 6:15,6.32,7.11,17.28
1178,2022/11/10 6:30,6.3,6.35,22.07
1179,2022/11/10 6:45,6.28,6.73,21.09
1180,2022/11/10 7:00,6.24,6.35,18.82
1181,2022/11/10 7:15,6.2,5.58,19.35
1182,2022/11/10 7:30,6.14,5.58,15.64
1183,2022/11/10 7:45,6.07,7.5,17.44
1184,2022/11/10 8:00,5.99,6.73,20.73
1185,2022/11/10 8:15,5.9,5.96,19.65
1186,2022/11/10 8:30,5.8,5.2,18.28
1187,2022/11/10 8:45,5.68,5.96,17.91
1188,2022/11/10 9:00,5.54,6.35,15.34
1189,2022/11/10 9:15,5.39,6.35,14.13
1190,2022/11/10 9:30,5.24,6.73,14.26
1191,2022/11/10 9:45,5.09,5.96,10.68
1192,2022/11/10 10:00,4.94,5.96,11.22
1193,2022/11/10 10:15,4.79,5.2,8
1194,2022/11/10 10:30,4.66,3.28,5.12
1195,2022/11/10 10:45,4.53,3.67,2.98
1196,2022/11/10 11:00,4.42,3.67,1.61
1197,2022/11/10 11:15,4.31,3.28,2.41
1198,2022/11/10 11:30,4.22,2.9,1.21
1199,2022/11/10 11:45,4.14,4.05,0.8
1200,2022/11/10 12:00,4.11,3.28,1.04
1201,2022/11/10 12:15,4.05,3.28,1.1
1202,2022/11/10 12:30,4.03,3.67,1.34
1203,2022/11/10 12:45,4.03,4.05,1.74
1204,2022/11/10 13:00,4.05,3.28,3.21
1205,2022/11/10 13:15,4.11,3.67,3.95
1206,2022/11/10 13:30,4.18,4.43,3.18
1207,2022/11/10 13:45,4.26,3.67,2.04
1208,2022/11/10 14:00,4.36,4.05,2.04
1209,2022/11/10 14:15,4.47,3.28,3.18
1210,2022/11/10 14:30,4.6,4.43,3.31
1211,2022/11/10 14:45,4.74,4.05,2.51
1212,2022/11/10 15:00,4.89,4.05,4.32
1213,2022/11/10 15:15,5.05,5.2,4.86
1214,2022/11/10 15:30,5.22,4.82,5.49
1215,2022/11/10 15:45,5.39,5.96,9.41
1216,2022/11/10 16:00,5.57,6.35,11.12
1217,2022/11/10 16:15,5.76,5.2,11.79
1218,2022/11/10 16:30,5.94,5.2,13.83
1219,2022/11/10 16:45,6.11,6.35,16.04
1220,2022/11/10 17:00,6.27,6.73,15.37
1221,2022/11/10 17:15,6.43,4.43,14.73
1222,2022/11/10 17:30,6.57,6.73,15.07
1223,2022/11/10 17:45,6.7,6.73,18.28
1224,2022/11/10 18:00,6.84,7.88,19.92
1225,2022/11/10 18:15,6.96,7.88,23.71
1226,2022/11/10 18:30,7.06,8.65,25.78
1227,2022/11/10 18:45,7.14,7.11,26.52
1228,2022/11/10 19:00,7.21,6.35,29.67
1229,2022/11/10 19:15,7.26,5.58,31.78
1230,2022/11/10 19:30,7.3,7.11,29.53
1231,2022/11/10 19:45,7.34,5.96,25.45
1232,2022/11/10 20:00,7.36,6.35,23.44
1233,2022/11/10 20:15,7.38,6.73,23.27
1234,2022/11/10 20:30,7.39,5.96,26.89
1235,2022/11/10 20:45,7.39,5.96,24.44
1236,2022/11/10 21:00,7.39,5.96,26.75
1237,2022/11/10 21:15,7.37,6.35,25.58
1238,2022/11/10 21:30,7.35,7.11,28.26
1239,2022/11/10 21:45,7.33,7.5,32.68
1240,2022/11/10 22:00,7.29,7.88,31.11
1241,2022/11/10 22:15,7.26,7.5,28.56
1242,2022/11/10 22:30,7.23,7.11,28.56
1243,2022/11/10 22:45,7.2,7.5,28.09
1244,2022/11/10 23:00,7.18,7.88,26.55
1245,2022/11/10 23:15,7.17,8.26,28.39
1246,2022/11/10 23:30,7.16,8.26,30.1
1247,2022/11/10 23:45,7.16,7.88,32.75
1248,2022/11/11 0:00,7.24,7.5,33.89
1249,2022/11/11 0:15,7.25,7.88,40.21
1250,2022/11/11 0:30,7.27,8.65,44.47
1251,2022/11/11 0:45,7.3,9.8,46.07
1252,2022/11/11 1:00,7.34,7.88,44.33
1253,2022/11/11 1:15,7.38,6.35,43.76
1254,2022/11/11 1:30,7.43,5.96,44.37
1255,2022/11/11 1:45,7.49,8.26,45.64
1256,2022/11/11 2:00,7.55,9.03,45.2
1257,2022/11/11 2:15,7.63,9.8,43.09
1258,2022/11/11 2:30,7.71,9.8,46.47
1259,2022/11/11 2:45,7.8,10.56,46.44
1260,2022/11/11 3:00,7.9,10.18,46.51
1261,2022/11/11 3:15,7.99,10.94,48.25
1262,2022/11/11 3:30,8.09,10.18,47.78
1263,2022/11/11 3:45,8.2,11.71,48.42
1264,2022/11/11 4:00,8.3,12.86,48.38
1265,2022/11/11 4:15,8.41,10.18,48.08
1266,2022/11/11 4:30,8.52,10.18,44.93
1267,2022/11/11 4:45,8.63,10.18,42.83
1268,2022/11/11 5:00,8.75,7.11,44.97
1269,2022/11/11 5:15,8.86,9.41,47.61
1270,2022/11/11 5:30,8.97,10.56,48.48
1271,2022/11/11 5:45,9.08,7.88,40.82
1272,2022/11/11 6:00,9.08,8.65,40.75
1273,2022/11/11 6:15,9.16,9.8,41.49
1274,2022/11/11 6:30,9.25,7.5,42.76
1275,2022/11/11 6:45,9.34,7.5,34.55
1276,2022/11/11 7:00,9.43,7.5,22.33
1277,2022/11/11 7:15,9.53,5.96,23.54
1278,2022/11/11 7:30,9.63,4.82,32.21
1279,2022/11/11 7:45,9.73,6.73,40.55
1280,2022/11/11 8:00,9.84,8.65,41.25
1281,2022/11/11 8:15,9.94,9.8,43.93
1282,2022/11/11 8:30,10.05,9.8,46.27
1283,2022/11/11 8:45,10.16,13.24,47.11
1284,2022/11/11 9:00,10.27,11.71,48.25
1285,2022/11/11 9:15,10.37,11.33,46.07
1286,2022/11/11 9:30,10.47,10.56,48.62
1287,2022/11/11 9:45,10.56,9.8,46.98
1288,2022/11/11 10:00,10.63,12.09,48.42
1289,2022/11/11 10:15,10.7,10.18,47.95
1290,2022/11/11 10:30,10.75,11.71,48.15
1291,2022/11/11 10:45,10.79,10.94,48.52
1292,2022/11/11 11:00,10.81,10.94,48.32
1293,2022/11/11 11:15,10.81,9.41,46.81
1294,2022/11/11 11:30,10.79,7.5,47.78
1295,2022/11/11 11:45,10.76,10.18,47.58
1296,2022/11/11 12:00,10.79,9.41,47.91
1297,2022/11/11 12:15,10.76,8.65,48.42
1298,2022/11/11 12:30,10.7,9.41,48.02
1299,2022/11/11 12:45,10.62,11.33,46.44
1300,2022/11/11 13:00,10.53,10.94,47.11
1301,2022/11/11 13:15,10.42,13.24,46.24
1302,2022/11/11 13:30,10.29,12.86,48.25
1303,2022/11/11 13:45,10.15,11.71,48.25
1304,2022/11/11 14:00,10.01,12.09,48.08
1305,2022/11/11 14:15,9.85,12.86,48.32
1306,2022/11/11 14:30,9.69,11.33,48.32
1307,2022/11/11 14:45,9.53,10.56,45.07
1308,2022/11/11 15:00,9.37,9.41,40.05
1309,2022/11/11 15:15,9.21,10.56,35.93
1310,2022/11/11 15:30,9.03,9.8,42.69
1311,2022/11/11 15:45,8.85,13.24,48.48
1312,2022/11/11 16:00,8.65,12.09,48.22
1313,2022/11/11 16:15,8.46,10.18,48.42
1314,2022/11/11 16:30,8.27,10.18,46.14
1315,2022/11/11 16:45,8.11,9.03,44.23
1316,2022/11/11 17:00,7.95,5.2,42.19
1317,2022/11/11 17:15,7.82,8.26,40.45
1318,2022/11/11 17:30,7.71,8.26,41.75
1319,2022/11/11 17:45,7.62,9.8,38.97
1320,2022/11/11 18:00,8.36,9.03,41.32
1321,2022/11/11 18:15,8.32,9.41,40.48
1322,2022/11/11 18:30,8.29,7.5,37.37
1323,2022/11/11 18:45,8.27,7.88,32.91
1324,2022/11/11 19:00,8.27,7.88,29.4
1325,2022/11/11 19:15,8.27,3.67,23.17
1326,2022/11/11 19:30,8.27,4.05,28.13
1327,2022/11/11 19:45,8.26,6.35,24.78
1328,2022/11/11 20:00,8.25,7.88,22.7
1329,2022/11/11 20:15,8.25,8.26,31.37
1330,2022/11/11 20:30,8.24,5.96,34.66
1331,2022/11/11 20:45,8.25,8.65,36.33
1332,2022/11/11 21:00,8.26,9.03,39.34
1333,2022/11/11 21:15,8.28,8.65,36.93
1334,2022/11/11 21:30,8.3,10.18,42.66
1335,2022/11/11 21:45,8.32,5.96,42.79
1336,2022/11/11 22:00,8.35,4.43,41.32
1337,2022/11/11 22:15,8.38,3.28,40.51
1338,2022/11/11 22:30,8.4,2.9,40.75
1339,2022/11/11 22:45,8.41,2.9,39.21
1340,2022/11/11 23:00,8.41,3.28,36.6
1341,2022/11/11 23:15,8.41,3.67,35.12
1342,2022/11/11 23:30,8.41,3.67,37.03
1343,2022/11/11 23:45,8.39,4.82,40.45
1344,2022/11/12 0:00,8.41,3.67,41.05
1345,2022/11/12 0:15,8.37,4.82,42.96
1346,2022/11/12 0:30,8.33,4.05,36.13
1347,2022/11/12 0:45,8.28,4.05,37.8
1348,2022/11/12 1:00,8.23,7.11,40.01
1349,2022/11/12 1:15,8.17,6.73,46.41
1350,2022/11/12 1:30,8.12,5.2,39.71
1351,2022/11/12 1:45,8.06,3.28,35.99
1352,2022/11/12 2:00,8.01,3.67,28.8
1353,2022/11/12 2:15,7.94,6.35,39.18
1354,2022/11/12 2:30,7.88,7.11,35.46
1355,2022/11/12 2:45,7.81,7.5,22.8
1356,2022/11/12 3:00,7.75,5.2,20.89
1357,2022/11/12 3:15,7.68,5.58,21.03
1358,2022/11/12 3:30,7.63,4.43,25.05
1359,2022/11/12 3:45,7.59,9.8,32.55
1360,2022/11/12 4:00,7.56,7.5,27.02
1361,2022/11/12 4:15,7.55,6.35,27.86
1362,2022/11/12 4:30,7.53,3.28,30.37
1363,2022/11/12 4:45,7.52,6.73,26.32
1364,2022/11/12 5:00,7.51,5.96,28.16
1365,2022/11/12 5:15,7.5,5.96,27.42
1366,2022/11/12 5:30,7.5,5.58,27.12
1367,2022/11/12 5:45,7.5,3.28,23.24
1368,2022/11/12 6:00,7.65,3.67,20.93
1369,2022/11/12 6:15,7.68,5.2,16.17
1370,2022/11/12 6:30,7.71,4.05,13.26
1371,2022/11/12 6:45,7.75,4.43,19.05
1372,2022/11/12 7:00,7.78,7.5,15.94
1373,2022/11/12 7:15,7.82,4.82,14.97
1374,2022/11/12 7:30,7.86,5.96,13.86
1375,2022/11/12 7:45,7.9,4.82,16.98
1376,2022/11/12 8:00,7.93,2.52,22
1377,2022/11/12 8:15,7.97,2.52,10.95
1378,2022/11/12 8:30,8.01,3.28,3.42
1379,2022/11/12 8:45,8.04,2.52,1.07
1380,2022/11/12 9:00,8.08,3.28,0.7
1381,2022/11/12 9:15,8.11,2.9,1.04
1382,2022/11/12 9:30,8.14,3.28,1.77
1383,2022/11/12 9:45,8.18,3.67,5.16
1384,2022/11/12 10:00,8.21,5.96,8.84
1385,2022/11/12 10:15,8.25,6.35,13.66
1386,2022/11/12 10:30,8.28,7.11,16.37
1387,2022/11/12 10:45,8.32,7.11,14.1
1388,2022/11/12 11:00,8.36,7.11,17.65
1389,2022/11/12 11:15,8.41,7.88,21.26
1390,2022/11/12 11:30,8.45,8.65,26.52
1391,2022/11/12 11:45,8.49,8.65,32.38
1392,2022/11/12 12:00,8.53,8.65,33.15
1393,2022/11/12 12:15,8.57,8.26,27.96
1394,2022/11/12 12:30,8.61,7.11,25.78
1395,2022/11/12 12:45,8.65,7.88,29
1396,2022/11/12 13:00,8.69,7.88,26.89
1397,2022/11/12 13:15,8.72,8.65,31.74
1398,2022/11/12 13:30,8.76,7.11,31.78
1399,2022/11/12 13:45,8.78,8.65,26.32
1400,2022/11/12 14:00,8.79,7.88,25.01
1401,2022/11/12 14:15,8.8,8.65,23.51
1402,2022/11/12 14:30,8.81,7.88,27.59
1403,2022/11/12 14:45,8.82,7.11,22.47
1404,2022/11/12 15:00,8.82,6.73,18.58
1405,2022/11/12 15:15,8.83,6.73,22.4
1406,2022/11/12 15:30,8.84,9.03,24.34
1407,2022/11/12 15:45,8.84,7.88,22.84
1408,2022/11/12 16:00,8.84,8.65,26.55
1409,2022/11/12 16:15,8.85,5.96,21.13
1410,2022/11/12 16:30,8.85,6.35,18.42
1411,2022/11/12 16:45,8.85,6.73,17.91
1412,2022/11/12 17:00,8.84,7.11,23.24
1413,2022/11/12 17:15,8.84,9.41,33.65
1414,2022/11/12 17:30,8.83,8.65,38.51
1415,2022/11/12 17:45,8.83,9.03,39.31
1416,2022/11/12 18:00,8.97,9.03,40.98
1417,2022/11/12 18:15,9.01,9.41,36.93
1418,2022/11/12 18:30,9.03,9.41,36.3
1419,2022/11/12 18:45,9.04,9.03,42.22
1420,2022/11/12 19:00,9.04,9.03,42.39
1421,2022/11/12 19:15,9.02,6.73,38.97
1422,2022/11/12 19:30,9,7.5,40.05
1423,2022/11/12 19:45,8.97,9.03,42.62
1424,2022/11/12 20:00,8.93,8.26,40.45
1425,2022/11/12 20:15,8.88,9.03,41.85
1426,2022/11/12 20:30,8.83,9.03,40.65
1427,2022/11/12 20:45,8.76,8.65,42.46
1428,2022/11/12 21:00,8.7,9.41,42.32
1429,2022/11/12 21:15,8.63,9.03,44.6
1430,2022/11/12 21:30,8.55,9.03,43.46
1431,2022/11/12 21:45,8.47,9.03,44.57
1432,2022/11/12 22:00,8.39,10.56,45.87
1433,2022/11/12 22:15,8.3,11.71,46.14
1434,2022/11/12 22:30,8.21,9.41,41.18
1435,2022/11/12 22:45,8.12,8.65,41.99
1436,2022/11/12 23:00,8.04,7.88,38.27
1437,2022/11/12 23:15,7.96,7.5,38.44
1438,2022/11/12 23:30,7.88,7.11,34.69
1439,2022/11/12 23:45,7.81,5.96,26.95
1440,2022/11/13 0:00,7.71,5.58,24.98
1441,2022/11/13 0:15,7.64,5.96,22.37
1442,2022/11/13 0:30,7.57,6.35,25.65
1443,2022/11/13 0:45,7.49,6.73,23.67
1444,2022/11/13 1:00,7.42,6.35,22.5
1445,2022/11/13 1:15,7.36,6.73,24.38
1446,2022/11/13 1:30,7.29,7.11,25.55
1447,2022/11/13 1:45,7.22,7.11,24.41
1448,2022/11/13 2:00,7.15,7.11,22.53
1449,2022/11/13 2:15,7.08,7.5,23.54
1450,2022/11/13 2:30,7.01,7.88,23.27
1451,2022/11/13 2:45,6.94,7.11,21.43
1452,2022/11/13 3:00,6.86,7.11,20.22
1453,2022/11/13 3:15,6.79,7.5,22.43
1454,2022/11/13 3:30,6.71,7.5,21.86
1455,2022/11/13 3:45,6.62,6.73,21.13
1456,2022/11/13 4:00,6.52,7.11,21.43
1457,2022/11/13 4:15,6.42,7.11,19.45
1458,2022/11/13 4:30,6.31,6.35,16.04
1459,2022/11/13 4:45,6.2,6.73,14.1
1460,2022/11/13 5:00,6.07,6.73,12.86
1461,2022/11/13 5:15,5.94,7.11,12.05
1462,2022/11/13 5:30,5.8,6.73,10.35
1463,2022/11/13 5:45,5.66,5.2,7.5
1464,2022/11/13 6:00,5.39,3.67,6.16
1465,2022/11/13 6:15,5.23,2.9,6.13
1466,2022/11/13 6:30,5.06,2.14,4.45
1467,2022/11/13 6:45,4.89,2.14,3.18
1468,2022/11/13 7:00,4.7,4.05,4.12
1469,2022/11/13 7:15,4.5,2.52,3.38
1470,2022/11/13 7:30,4.3,2.52,3.18
1471,2022/11/13 7:45,4.1,2.52,1.24
1472,2022/11/13 8:00,3.91,2.52,0
1473,2022/11/13 8:15,3.71,1.37,0
1474,2022/11/13 8:30,3.52,1.75,0
1475,2022/11/13 8:45,3.33,1.75,0
1476,2022/11/13 9:00,3.15,1.37,0
1477,2022/11/13 9:15,2.97,0,0
1478,2022/11/13 9:30,2.8,0,0
1479,2022/11/13 9:45,2.64,0,0
1480,2022/11/13 10:00,2.5,0.6,0
1481,2022/11/13 10:15,2.36,0,0
1482,2022/11/13 10:30,2.25,0,0
1483,2022/11/13 10:45,2.15,0.99,0
1484,2022/11/13 11:00,2.07,1.75,0
1485,2022/11/13 11:15,2.02,2.9,0
1486,2022/11/13 11:30,1.98,3.28,0
1487,2022/11/13 11:45,1.96,2.52,0
1488,2022/11/13 12:00,1.96,3.67,0
1489,2022/11/13 12:15,1.99,2.9,0.2
1490,2022/11/13 12:30,2.04,2.52,0.27
1491,2022/11/13 12:45,2.1,3.67,0.6
1492,2022/11/13 13:00,2.19,3.28,0.97
1493,2022/11/13 13:15,2.3,2.9,0.44
1494,2022/11/13 13:30,2.43,4.05,0.8
1495,2022/11/13 13:45,2.58,3.67,1.47
1496,2022/11/13 14:00,2.75,4.82,3.11
1497,2022/11/13 14:15,2.93,3.67,3.21
1498,2022/11/13 14:30,3.13,4.05,4.15
1499,2022/11/13 14:45,3.34,4.43,4.89
1500,2022/11/13 15:00,3.57,4.82,6.66
1501,2022/11/13 15:15,3.8,5.2,6.36
1502,2022/11/13 15:30,4.04,1.75,7.87
1503,2022/11/13 15:45,4.28,2.14,7.03
1504,2022/11/13 16:00,4.51,2.52,10.55
1505,2022/11/13 16:15,4.75,4.82,17.34
1506,2022/11/13 16:30,4.98,7.11,21.86
1507,2022/11/13 16:45,5.21,7.88,22.67
1508,2022/11/13 17:00,5.42,8.26,23.61
1509,2022/11/13 17:15,5.64,9.03,28.59
1510,2022/11/13 17:30,5.84,9.41,39.68
1511,2022/11/13 17:45,6.03,9.8,40.01
1512,2022/11/13 18:00,5.64,9.41,41.25
1513,2022/11/13 18:15,5.84,9.03,39.78
1514,2022/11/13 18:30,6.03,9.41,42.32
1515,2022/11/13 18:45,6.21,9.8,45.57
1516,2022/11/13 19:00,6.39,10.94,47.81
1517,2022/11/13 19:15,6.55,11.33,47.95
1518,2022/11/13 19:30,6.71,10.56,46.07
1519,2022/11/13 19:45,6.86,9.8,47.81
1520,2022/11/13 20:00,7,9.41,45.84
1521,2022/11/13 20:15,7.13,9.41,48.18
1522,2022/11/13 20:30,7.24,10.18,48.05
1523,2022/11/13 20:45,7.35,8.65,45.2
1524,2022/11/13 21:00,7.45,9.03,42.29
1525,2022/11/13 21:15,7.54,8.65,43.09
1526,2022/11/13 21:30,7.61,9.03,46.54
1527,2022/11/13 21:45,7.68,8.65,44.87
1528,2022/11/13 22:00,7.74,9.8,45.67
1529,2022/11/13 22:15,7.79,10.56,44.93
1530,2022/11/13 22:30,7.83,10.18,46.51
1531,2022/11/13 22:45,7.88,9.8,46.07
1532,2022/11/13 23:00,7.92,10.56,46.07
1533,2022/11/13 23:15,7.95,10.56,47.41
1534,2022/11/13 23:30,7.99,9.41,46.37
1535,2022/11/13 23:45,8.02,10.18,46.81
1536,2022/11/14 0:00,8.13,9.03,47.61
1537,2022/11/14 0:15,8.16,10.94,48.48
1538,2022/11/14 0:30,8.19,10.18,48.38
1539,2022/11/14 0:45,8.21,9.8,48.42
1540,2022/11/14 1:00,8.24,9.41,47.51
1541,2022/11/14 1:15,8.27,9.8,47.11
1542,2022/11/14 1:30,8.3,9.41,46.54
1543,2022/11/14 1:45,8.33,9.8,45.77
1544,2022/11/14 2:00,8.35,9.41,45.67
1545,2022/11/14 2:15,8.38,9.41,46.58
1546,2022/11/14 2:30,8.4,9.8,48.28
1547,2022/11/14 2:45,8.42,11.33,48.22
1548,2022/11/14 3:00,8.43,11.33,47.58
1549,2022/11/14 3:15,8.45,10.56,45.81
1550,2022/11/14 3:30,8.46,10.18,43.96
1551,2022/11/14 3:45,8.48,11.33,45.44
1552,2022/11/14 4:00,8.49,10.56,44.63
1553,2022/11/14 4:15,8.51,10.94,42.09
1554,2022/11/14 4:30,8.52,10.56,44.33
1555,2022/11/14 4:45,8.53,7.5,44.8
1556,2022/11/14 5:00,8.54,9.03,44.1
1557,2022/11/14 5:15,8.54,9.41,43.43
1558,2022/11/14 5:30,8.54,6.73,39.11
1559,2022/11/14 5:45,8.53,5.96,37.1
1560,2022/11/14 6:00,8.56,4.82,35.86
1561,2022/11/14 6:15,8.55,8.26,38.77
1562,2022/11/14 6:30,8.53,7.88,43.36
1563,2022/11/14 6:45,8.51,9.03,43.29
1564,2022/11/14 7:00,8.48,7.88,45.1
1565,2022/11/14 7:15,8.44,7.88,42.72
1566,2022/11/14 7:30,8.39,6.35,39.01
1567,2022/11/14 7:45,8.33,8.65,46.21
1568,2022/11/14 8:00,8.25,7.5,45.17
1569,2022/11/14 8:15,8.16,9.41,42.66
1570,2022/11/14 8:30,8.06,8.65,38.84
1571,2022/11/14 8:45,7.94,7.88,40.88
1572,2022/11/14 9:00,7.81,7.88,32.08
1573,2022/11/14 9:15,7.68,6.73,29.53
1574,2022/11/14 9:30,7.54,6.73,30.64
1575,2022/11/14 9:45,7.39,5.58,23.4
1576,2022/11/14 10:00,7.25,7.5,30.64
1577,2022/11/14 10:15,7.11,7.11,31.44
1578,2022/11/14 10:30,6.96,7.5,24.04
1579,2022/11/14 10:45,6.82,7.5,25.72
1580,2022/11/14 11:00,6.67,6.73,19.59
1581,2022/11/14 11:15,6.53,7.11,16.88
1582,2022/11/14 11:30,6.39,5.58,13.36
1583,2022/11/14 11:45,6.25,5.2,11.65
1584,2022/11/14 12:00,6.11,6.73,11.72
1585,2022/11/14 12:15,5.98,6.35,11.89
1586,2022/11/14 12:30,5.87,6.73,12.59
1587,2022/11/14 12:45,5.77,5.58,9.14
1588,2022/11/14 13:00,5.69,5.2,11.22
1589,2022/11/14 13:15,5.62,4.43,9.27
1590,2022/11/14 13:30,5.56,5.58,11.15
1591,2022/11/14 13:45,5.51,4.82,12.66
1592,2022/11/14 14:00,5.47,4.43,12.76
1593,2022/11/14 14:15,5.43,5.2,9.61
1594,2022/11/14 14:30,5.41,5.96,12.12
1595,2022/11/14 14:45,5.39,5.2,8.97
1596,2022/11/14 15:00,5.38,5.96,10.92
1597,2022/11/14 15:15,5.37,5.58,12.22
1598,2022/11/14 15:30,5.37,5.96,11.25
1599,2022/11/14 15:45,5.38,5.58,13.56
1600,2022/11/14 16:00,5.38,5.58,12.25
1601,2022/11/14 16:15,5.39,6.73,14.6
1602,2022/11/14 16:30,5.39,6.35,15.7
1603,2022/11/14 16:45,5.39,6.35,18.18
1604,2022/11/14 17:00,5.38,6.73,18.52
1605,2022/11/14 17:15,5.36,6.35,20.99
1606,2022/11/14 17:30,5.34,7.11,21.36
1607,2022/11/14 17:45,5.32,8.65,25.72
1608,2022/11/14 18:00,5.22,7.11,24.41
1609,2022/11/14 18:15,5.17,6.73,24.07
1610,2022/11/14 18:30,5.12,7.11,26.62
1611,2022/11/14 18:45,5.05,8.26,25.61
1612,2022/11/14 19:00,4.97,7.5,24.58
1613,2022/11/14 19:15,4.89,8.26,27.32
1614,2022/11/14 19:30,4.79,7.5,22.2
1615,2022/11/14 19:45,4.69,8.26,25.61
1616,2022/11/14 20:00,4.59,6.73,20.46
1617,2022/11/14 20:15,4.48,7.5,18.21
1618,2022/11/14 20:30,4.37,6.35,14.16
1619,2022/11/14 20:45,4.25,5.58,11.82
1620,2022/11/14 21:00,4.14,5.58,9.11
1621,2022/11/14 21:15,4.03,5.2,9.88
1622,2022/11/14 21:30,3.91,5.2,9.68
1623,2022/11/14 21:45,3.79,4.43,6.96
1624,2022/11/14 22:00,3.67,4.05,4.75
1625,2022/11/14 22:15,3.56,4.05,2.65
1626,2022/11/14 22:30,3.44,4.43,1.71
1627,2022/11/14 22:45,3.33,3.28,0.2
1628,2022/11/14 23:00,3.22,2.14,0
1629,2022/11/14 23:15,3.11,3.28,0
1630,2022/11/14 23:30,3,2.14,0
1631,2022/11/14 23:45,2.89,1.37,0
1632,2022/11/15 0:00,2.89,0.99,0
1633,2022/11/15 0:15,2.78,0,0
1634,2022/11/15 0:30,2.68,1.75,0
1635,2022/11/15 0:45,2.59,1.37,0
1636,2022/11/15 1:00,2.51,1.75,0
1637,2022/11/15 1:15,2.44,0.6,0
1638,2022/11/15 1:30,2.39,1.75,0
1639,2022/11/15 1:45,2.34,0,0
1640,2022/11/15 2:00,2.31,0,0
1641,2022/11/15 2:15,2.28,0,0
1642,2022/11/15 2:30,2.26,0.99,0
1643,2022/11/15 2:45,2.24,0,0
1644,2022/11/15 3:00,2.23,2.9,0
1645,2022/11/15 3:15,2.22,4.43,5.73
1646,2022/11/15 3:30,2.22,4.43,4.59
1647,2022/11/15 3:45,2.23,2.9,1.91
1648,2022/11/15 4:00,2.25,4.82,3.78
1649,2022/11/15 4:15,2.27,4.05,4.32
1650,2022/11/15 4:30,2.28,4.05,3.65
1651,2022/11/15 4:45,2.29,4.43,2.91
1652,2022/11/15 5:00,2.29,4.05,3.38
1653,2022/11/15 5:15,2.28,3.28,1.98
1654,2022/11/15 5:30,2.26,2.14,0.23
1655,2022/11/15 5:45,2.23,2.52,0.5
1656,2022/11/15 6:00,1.7,1.37,0.17
1657,2022/11/15 6:15,1.69,1.75,0.07
1658,2022/11/15 6:30,1.67,1.37,0.2
1659,2022/11/15 6:45,1.67,2.9,0.6
1660,2022/11/15 7:00,1.67,2.52,0.77
1661,2022/11/15 7:15,1.68,2.52,0.3
1662,2022/11/15 7:30,1.69,1.75,0.23
1663,2022/11/15 7:45,1.71,2.9,0.74
1664,2022/11/15 8:00,1.72,2.52,0.7
1665,2022/11/15 8:15,1.73,1.37,0.37
1666,2022/11/15 8:30,1.75,0.99,0
1667,2022/11/15 8:45,1.75,1.37,0
1668,2022/11/15 9:00,1.76,1.37,0
1669,2022/11/15 9:15,1.76,1.75,0
1670,2022/11/15 9:30,1.76,2.14,0
1671,2022/11/15 9:45,1.76,1.75,0
1672,2022/11/15 10:00,1.76,2.14,0
1673,2022/11/15 10:15,1.76,1.75,0
1674,2022/11/15 10:30,1.76,2.14,0
1675,2022/11/15 10:45,1.76,1.37,0
1676,2022/11/15 11:00,1.75,1.75,0
1677,2022/11/15 11:15,1.75,1.75,0
1678,2022/11/15 11:30,1.75,1.37,0
1679,2022/11/15 11:45,1.75,2.14,0
1680,2022/11/15 12:00,1.68,2.14,0
1681,2022/11/15 12:15,1.68,0.99,0
1682,2022/11/15 12:30,1.69,1.75,0
1683,2022/11/15 12:45,1.71,1.37,0
1684,2022/11/15 13:00,1.74,2.14,0
1685,2022/11/15 13:15,1.78,0.99,0
1686,2022/11/15 13:30,1.83,1.75,0
1687,2022/11/15 13:45,1.89,1.75,0
1688,2022/11/15 14:00,1.96,0.99,0
1689,2022/11/15 14:15,2.03,1.37,0
1690,2022/11/15 14:30,2.12,1.37,0
1691,2022/11/15 14:45,2.21,1.37,0
1692,2022/11/15 15:00,2.31,2.14,0
1693,2022/11/15 15:15,2.42,2.52,0
1694,2022/11/15 15:30,2.55,2.14,0
1695,2022/11/15 15:45,2.69,2.52,0
1696,2022/11/15 16:00,2.84,2.9,0
1697,2022/11/15 16:15,3.01,2.9,0
1698,2022/11/15 16:30,3.18,2.9,0
1699,2022/11/15 16:45,3.35,2.9,0
1700,2022/11/15 17:00,3.54,3.67,0
1701,2022/11/15 17:15,3.72,4.05,2.44
1702,2022/11/15 17:30,3.91,4.05,3.72
1703,2022/11/15 17:45,4.1,4.82,5.02
1704,2022/11/15 18:00,3.86,5.2,6.66
1705,2022/11/15 18:15,4.05,5.58,8.87
1706,2022/11/15 18:30,4.24,5.58,9.01
1707,2022/11/15 18:45,4.42,5.96,12.19
1708,2022/11/15 19:00,4.6,5.96,14.3
1709,2022/11/15 19:15,4.77,7.11,20.89
1710,2022/11/15 19:30,4.93,7.5,28.33
1711,2022/11/15 19:45,5.09,8.26,34.45
1712,2022/11/15 20:00,5.25,9.03,35.93
1713,2022/11/15 20:15,5.39,8.65,39.04
1714,2022/11/15 20:30,5.53,9.41,37.7
1715,2022/11/15 20:45,5.67,9.41,38.54
1716,2022/11/15 21:00,5.8,9.41,38.51
1717,2022/11/15 21:15,5.92,9.8,42.22
1718,2022/11/15 21:30,6.05,8.65,31.68
1719,2022/11/15 21:45,6.17,8.26,26.52
1720,2022/11/15 22:00,6.3,8.26,28.9
1721,2022/11/15 22:15,6.42,8.65,29.9
1722,2022/11/15 22:30,6.55,8.26,27.62
1723,2022/11/15 22:45,6.69,9.03,31.47
1724,2022/11/15 23:00,6.82,9.03,35.22
1725,2022/11/15 23:15,6.96,9.41,41.75
1726,2022/11/15 23:30,7.1,7.88,41.18
1727,2022/11/15 23:45,7.23,10.18,43.26
1728,2022/11/16 0:00,7.38,9.03,46.71
1729,2022/11/16 0:15,7.49,9.41,46.98
1730,2022/11/16 0:30,7.6,10.56,48.48
1731,2022/11/16 0:45,7.71,10.18,48.22
1732,2022/11/16 1:00,7.8,10.18,48.45
1733,2022/11/16 1:15,7.89,11.33,48.48
1734,2022/11/16 1:30,7.96,10.18,48.32
1735,2022/11/16 1:45,8.03,10.56,48.05
1736,2022/11/16 2:00,8.07,11.33,47.01
1737,2022/11/16 2:15,8.11,10.94,43.83
1738,2022/11/16 2:30,8.13,8.65,44.06
1739,2022/11/16 2:45,8.14,8.26,46.01
1740,2022/11/16 3:00,8.13,11.71,47.35
1741,2022/11/16 3:15,8.12,9.8,43.66
1742,2022/11/16 3:30,8.1,10.56,45.97
1743,2022/11/16 3:45,8.07,11.33,45.87
1744,2022/11/16 4:00,8.04,10.94,48.28
1745,2022/11/16 4:15,8,10.94,47.04
1746,2022/11/16 4:30,7.96,9.8,41.15
1747,2022/11/16 4:45,7.92,10.18,43.39
1748,2022/11/16 5:00,7.88,9.8,43.19
1749,2022/11/16 5:15,7.83,7.88,40.38
1750,2022/11/16 5:30,7.78,7.88,43.63
1751,2022/11/16 5:45,7.72,8.26,37.47
1752,2022/11/16 6:00,7.97,7.88,33.72
1753,2022/11/16 6:15,7.92,8.65,38.71
1754,2022/11/16 6:30,7.86,7.5,34.82
1755,2022/11/16 6:45,7.77,7.88,32.91
1756,2022/11/16 7:00,7.68,7.11,29.7
1757,2022/11/16 7:15,7.56,7.5,30.3
1758,2022/11/16 7:30,7.43,7.88,29.87
1759,2022/11/16 7:45,7.29,4.82,17.95
1760,2022/11/16 8:00,7.14,6.73,20.93
1761,2022/11/16 8:15,6.97,7.11,21.06
1762,2022/11/16 8:30,6.79,5.96,17.98
1763,2022/11/16 8:45,6.6,4.82,12.36
1764,2022/11/16 9:00,6.4,5.2,11.48
1765,2022/11/16 9:15,6.18,4.05,7.67
1766,2022/11/16 9:30,5.96,4.82,7.77
1767,2022/11/16 9:45,5.73,5.58,6.26
1768,2022/11/16 10:00,5.5,4.82,4.89
1769,2022/11/16 10:15,5.28,4.82,6.29
1770,2022/11/16 10:30,5.06,4.43,2.65
1771,2022/11/16 10:45,4.85,2.9,2.11
1772,2022/11/16 11:00,4.67,2.9,0.64
1773,2022/11/16 11:15,4.49,2.14,0
1774,2022/11/16 11:30,4.33,2.52,0
1775,2022/11/16 11:45,4.19,2.14,0
1776,2022/11/16 12:00,4.01,1.75,0
1777,2022/11/16 12:15,3.89,2.9,0
1778,2022/11/16 12:30,3.79,2.52,0
1779,2022/11/16 12:45,3.71,2.9,0
1780,2022/11/16 13:00,3.66,1.37,0
1781,2022/11/16 13:15,3.63,0.6,0
1782,2022/11/16 13:30,3.61,1.37,0
1783,2022/11/16 13:45,3.62,1.75,0
1784,2022/11/16 14:00,3.64,0.99,0
1785,2022/11/16 14:15,3.69,1.37,0
1786,2022/11/16 14:30,3.75,2.14,0
1787,2022/11/16 14:45,3.82,1.75,0
1788,2022/11/16 15:00,3.91,1.37,0.07
1789,2022/11/16 15:15,4.02,2.14,0.17
1790,2022/11/16 15:30,4.12,2.14,1.31
1791,2022/11/16 15:45,4.21,2.14,0.54
1792,2022/11/16 16:00,4.31,2.9,0.87
1793,2022/11/16 16:15,4.41,3.28,2.38
1794,2022/11/16 16:30,4.49,1.37,2.98
1795,2022/11/16 16:45,4.57,4.82,3.68
1796,2022/11/16 17:00,4.63,5.96,9.24
1797,2022/11/16 17:15,4.69,6.73,9.38
1798,2022/11/16 17:30,4.74,5.58,8.3
1799,2022/11/16 17:45,4.78,5.2,7.57
1800,2022/11/16 18:00,3.98,5.2,6.46
1801,2022/11/16 18:15,4,5.2,6.23
1802,2022/11/16 18:30,4.02,4.82,7.2
1803,2022/11/16 18:45,4.04,4.82,6.5
1804,2022/11/16 19:00,4.05,5.58,9.21
1805,2022/11/16 19:15,4.07,5.58,8.77
1806,2022/11/16 19:30,4.07,5.58,7.03
1807,2022/11/16 19:45,4.07,5.58,7.13
1808,2022/11/16 20:00,4.06,4.82,4.35
1809,2022/11/16 20:15,4.04,4.43,3.65
1810,2022/11/16 20:30,4.01,3.67,1.14
1811,2022/11/16 20:45,3.98,3.28,0.47
1812,2022/11/16 21:00,3.95,2.14,0
1813,2022/11/16 21:15,3.91,2.14,0
1814,2022/11/16 21:30,3.89,1.37,0
1815,2022/11/16 21:45,3.87,1.75,0
1816,2022/11/16 22:00,3.88,0.99,0
1817,2022/11/16 22:15,3.89,0,0
1818,2022/11/16 22:30,3.91,0,0
1819,2022/11/16 22:45,3.95,0,0
1820,2022/11/16 23:00,3.99,0,0
1821,2022/11/16 23:15,4.05,1.37,0
1822,2022/11/16 23:30,4.12,2.52,0
1823,2022/11/16 23:45,4.2,2.14,0
1824,2022/11/17 0:00,4.24,3.28,0.13
1825,2022/11/17 0:15,4.35,6.35,6.66
1826,2022/11/17 0:30,4.48,5.2,10.61
1827,2022/11/17 0:45,4.62,5.2,11.59
1828,2022/11/17 1:00,4.77,6.35,14.7
1829,2022/11/17 1:15,4.93,6.35,13.46
1830,2022/11/17 1:30,5.08,4.82,15.17
1831,2022/11/17 1:45,5.23,5.96,15.87
1832,2022/11/17 2:00,5.37,6.35,19.55
1833,2022/11/17 2:15,5.5,6.35,20.86
1834,2022/11/17 2:30,5.62,6.35,22.5
1835,2022/11/17 2:45,5.74,5.58,22.1
1836,2022/11/17 3:00,5.85,5.96,19.35
1837,2022/11/17 3:15,5.95,5.58,24.88
1838,2022/11/17 3:30,6.05,7.11,32.08
1839,2022/11/17 3:45,6.14,6.35,36.87
1840,2022/11/17 4:00,6.24,7.11,40.01
1841,2022/11/17 4:15,6.32,9.03,39.48
1842,2022/11/17 4:30,6.4,8.26,38.71
1843,2022/11/17 4:45,6.48,7.5,34.29
1844,2022/11/17 5:00,6.55,8.26,36.03
1845,2022/11/17 5:15,6.62,7.11,33.68
1846,2022/11/17 5:30,6.68,7.5,28.59
1847,2022/11/17 5:45,6.74,4.82,24.38
1848,2022/11/17 6:00,7.03,6.73,27.12
1849,2022/11/17 6:15,7.12,5.96,30.44
1850,2022/11/17 6:30,7.2,7.5,34.55
1851,2022/11/17 6:45,7.26,7.5,38.84
1852,2022/11/17 7:00,7.31,8.65,42.89
1853,2022/11/17 7:15,7.35,6.35,35.39
1854,2022/11/17 7:30,7.38,3.67,34.42
1855,2022/11/17 7:45,7.4,3.67,34.59
1856,2022/11/17 8:00,7.42,3.67,33.95
1857,2022/11/17 8:15,7.42,5.96,41.08
1858,2022/11/17 8:30,7.42,6.73,42.06
1859,2022/11/17 8:45,7.41,6.35,41.25
1860,2022/11/17 9:00,7.38,4.43,40.75
1861,2022/11/17 9:15,7.34,5.96,38.74
1862,2022/11/17 9:30,7.3,2.9,32.55
1863,2022/11/17 9:45,7.26,2.52,28.66
1864,2022/11/17 10:00,7.22,3.28,25.82
1865,2022/11/17 10:15,7.18,3.28,29.53
1866,2022/11/17 10:30,7.15,4.82,31.17
1867,2022/11/17 10:45,7.13,4.43,28.33
1868,2022/11/17 11:00,7.13,3.67,21.7
1869,2022/11/17 11:15,7.13,5.58,18.68
1870,2022/11/17 11:30,7.13,5.58,18.35
1871,2022/11/17 11:45,7.14,7.11,27.93
1872,2022/11/17 12:00,nan,5.96,20.73
1873,2022/11/17 12:15,nan,5.58,18.88
1874,2022/11/17 12:30,nan,3.28,29
1875,2022/11/17 12:45,nan,3.28,29.87
1876,2022/11/17 13:00,nan,5.96,28.33
1877,2022/11/17 13:15,nan,4.05,29.73
1878,2022/11/17 13:30,nan,5.58,26.72
1879,2022/11/17 13:45,nan,5.96,31.01
1880,2022/11/17 14:00,nan,7.11,30.54
1881,2022/11/17 14:15,nan,8.65,32.18
1882,2022/11/17 14:30,nan,5.96,29.53
1883,2022/11/17 14:45,nan,7.5,26.52
1884,2022/11/17 15:00,nan,8.26,31.57
1885,2022/11/17 15:15,nan,6.73,28.46
1886,2022/11/17 15:30,nan,7.11,34.29
1887,2022/11/17 15:45,nan,9.41,39.51
1888,2022/11/17 16:00,nan,8.65,42.02
1889,2022/11/17 16:15,nan,10.18,44.83
1890,2022/11/17 16:30,nan,10.56,46.51
1891,2022/11/17 16:45,nan,12.09,46.64
1892,2022/11/17 17:00,nan,11.71,48.28
1893,2022/11/17 17:15,nan,11.33,48.42
1894,2022/11/17 17:30,nan,10.18,47.95
1895,2022/11/17 17:45,nan,9.41,42.76
1896,2022/11/17 18:00,9.2,9.41,41.85
1897,2022/11/17 18:15,9.32,9.8,39.68
1898,2022/11/17 18:30,9.41,9.41,40.98
1899,2022/11/17 18:45,9.48,9.41,42.76
1900,2022/11/17 19:00,9.53,9.03,43.09
1901,2022/11/17 19:15,9.56,9.8,43.13
1902,2022/11/17 19:30,9.58,9.8,45.1
1903,2022/11/17 19:45,9.59,10.56,48.38
1904,2022/11/17 20:00,9.6,11.71,48.42
1905,2022/11/17 20:15,9.6,11.33,48.25
1906,2022/11/17 20:30,9.6,12.09,48.35
1907,2022/11/17 20:45,9.6,12.09,48.35
1908,2022/11/17 21:00,9.59,12.48,48.25
1909,2022/11/17 21:15,9.59,11.71,48.38
1910,2022/11/17 21:30,9.57,12.09,48.32
1911,2022/11/17 21:45,9.54,10.94,48.42
1912,2022/11/17 22:00,9.49,10.56,48.35
1913,2022/11/17 22:15,9.43,9.41,48.35
1914,2022/11/17 22:30,9.39,9.8,46.21
1915,2022/11/17 22:45,9.36,6.35,41.02
1916,2022/11/17 23:00,9.34,4.43,32.11
1917,2022/11/17 23:15,9.32,5.58,31.61
1918,2022/11/17 23:30,9.31,5.2,33.08
1919,2022/11/17 23:45,9.29,5.96,27.42
1920,2022/11/18 0:00,9.26,5.2,26.42
1921,2022/11/18 0:15,9.23,6.35,26.15
1922,2022/11/18 0:30,9.2,6.35,24.58
1923,2022/11/18 0:45,9.16,5.58,16.91
1924,2022/11/18 1:00,9.11,6.35,15.74
1925,2022/11/18 1:15,9.05,8.26,26.45
1926,2022/11/18 1:30,8.98,8.26,27.12
1927,2022/11/18 1:45,8.92,7.5,26.18
1928,2022/11/18 2:00,8.85,6.35,24.58
1929,2022/11/18 2:15,8.78,6.73,24.44
1930,2022/11/18 2:30,8.71,6.73,19.76
1931,2022/11/18 2:45,8.64,7.11,20.29
1932,2022/11/18 3:00,8.56,6.73,17.44
1933,2022/11/18 3:15,8.49,5.96,21.16
1934,2022/11/18 3:30,8.4,5.96,19.82
1935,2022/11/18 3:45,8.31,5.96,18.88
1936,2022/11/18 4:00,8.22,5.96,13.63
1937,2022/11/18 4:15,8.11,5.96,16.94
1938,2022/11/18 4:30,8,6.73,22.1
1939,2022/11/18 4:45,7.88,5.2,13.39
1940,2022/11/18 5:00,7.76,5.2,10.95
1941,2022/11/18 5:15,7.63,5.2,15.64
1942,2022/11/18 5:30,7.49,5.58,14.57
1943,2022/11/18 5:45,7.35,5.96,16.81
1944,2022/11/18 6:00,7.17,6.73,15.3
1945,2022/11/18 6:15,6.96,5.2,11.75
1946,2022/11/18 6:30,6.74,5.2,10.11
1947,2022/11/18 6:45,6.51,5.58,9.34
1948,2022/11/18 7:00,6.28,4.82,7.23
1949,2022/11/18 7:15,6.03,3.67,4.86
1950,2022/11/18 7:30,5.79,4.82,4.75
1951,2022/11/18 7:45,5.56,3.67,3.45
1952,2022/11/18 8:00,5.32,3.28,3.28
1953,2022/11/18 8:15,5.09,3.28,3.11
1954,2022/11/18 8:30,4.86,4.43,3.92
1955,2022/11/18 8:45,4.65,3.67,3.11
1956,2022/11/18 9:00,4.44,4.43,3.31
1957,2022/11/18 9:15,4.24,4.82,2.21
1958,2022/11/18 9:30,4.07,4.43,1.44
1959,2022/11/18 9:45,3.92,3.67,0.74
1960,2022/11/18 10:00,3.79,3.28,0.07
1961,2022/11/18 10:15,3.67,3.67,0.54
1962,2022/11/18 10:30,3.58,2.52,0.1
1963,2022/11/18 10:45,3.51,2.9,0
1964,2022/11/18 11:00,3.45,2.9,0
1965,2022/11/18 11:15,3.42,2.9,0
1966,2022/11/18 11:30,3.39,2.9,0
1967,2022/11/18 11:45,3.38,1.75,0
1968,2022/11/18 12:00,3.33,2.14,0
1969,2022/11/18 12:15,3.35,2.14,0
1970,2022/11/18 12:30,3.38,2.14,0
1971,2022/11/18 12:45,3.42,1.75,0
1972,2022/11/18 13:00,3.48,2.52,0
1973,2022/11/18 13:15,3.56,2.52,0
1974,2022/11/18 13:30,3.64,3.28,0
1975,2022/11/18 13:45,3.72,2.9,0.74
1976,2022/11/18 14:00,3.81,4.05,1.64
1977,2022/11/18 14:15,3.91,4.05,2.01
1978,2022/11/18 14:30,4.01,4.05,4.15
1979,2022/11/18 14:45,4.11,2.9,2.65
1980,2022/11/18 15:00,4.21,4.43,3.88
1981,2022/11/18 15:15,4.33,4.05,3.82
1982,2022/11/18 15:30,4.45,4.82,4.65
1983,2022/11/18 15:45,4.58,4.05,4.55
1984,2022/11/18 16:00,4.73,4.82,5.56
1985,2022/11/18 16:15,4.88,4.82,8.1
1986,2022/11/18 16:30,5.04,3.28,5.96
1987,2022/11/18 16:45,5.21,3.28,8.71
1988,2022/11/18 17:00,5.37,3.28,8.94
1989,2022/11/18 17:15,5.54,3.28,10.25
1990,2022/11/18 17:30,5.7,3.28,10.18
1991,2022/11/18 17:45,5.87,3.28,9.88
1992,2022/11/18 18:00,6.48,2.9,11.69
1993,2022/11/18 18:15,6.66,3.28,11.69
1994,2022/11/18 18:30,6.83,2.9,13.43
1995,2022/11/18 18:45,6.98,2.52,14.1
1996,2022/11/18 19:00,7.13,2.9,14.97
1997,2022/11/18 19:15,7.26,3.67,16.44
1998,2022/11/18 19:30,7.37,3.28,13.86
1999,2022/11/18 19:45,7.48,3.28,17.08
2000,2022/11/18 20:00,7.56,4.05,19.72
2001,2022/11/18 20:15,7.64,8.65,26.95
2002,2022/11/18 20:30,7.71,9.03,28.36
2003,2022/11/18 20:45,7.77,5.96,25.98
2004,2022/11/18 21:00,7.81,7.88,28.59
2005,2022/11/18 21:15,7.85,5.2,25.82
2006,2022/11/18 21:30,7.9,4.82,28.46
2007,2022/11/18 21:45,7.94,4.43,26.42
2008,2022/11/18 22:00,7.98,5.2,27.86
2009,2022/11/18 22:15,8.03,4.43,28.76
2010,2022/11/18 22:30,8.08,4.43,28.53
2011,2022/11/18 22:45,8.15,5.96,29.77
2012,2022/11/18 23:00,8.22,6.35,32.18
2013,2022/11/18 23:15,8.3,3.67,29.26
2014,2022/11/18 23:30,8.4,5.58,32.14
2015,2022/11/18 23:45,8.5,6.73,41.75
2016,2022/11/19 0:00,8.56,8.26,46.91
2017,2022/11/19 0:15,8.68,9.8,48.02
2018,2022/11/19 0:30,8.81,9.41,48.28
2019,2022/11/19 0:45,8.94,11.33,48.25
2020,2022/11/19 1:00,9.09,12.09,48.38
2021,2022/11/19 1:15,9.24,10.56,48.32
2022,2022/11/19 1:30,9.39,10.56,48.35
2023,2022/11/19 1:45,9.54,10.94,48.38
2024,2022/11/19 2:00,9.68,10.56,48.28
2025,2022/11/19 2:15,9.82,9.41,48.35
2026,2022/11/19 2:30,9.96,12.48,48.38
2027,2022/11/19 2:45,10.09,12.48,48.35
2028,2022/11/19 3:00,10.23,12.48,48.28
2029,2022/11/19 3:15,10.35,12.09,48.25
2030,2022/11/19 3:30,10.48,13.24,48.38
2031,2022/11/19 3:45,10.6,12.48,48.45
2032,2022/11/19 4:00,10.71,12.86,48.25
2033,2022/11/19 4:15,10.81,12.86,48.35
2034,2022/11/19 4:30,10.9,12.48,48.45
2035,2022/11/19 4:45,10.98,12.86,48.18
2036,2022/11/19 5:00,11.05,11.33,48.22
2037,2022/11/19 5:15,11.12,12.86,48.45
2038,2022/11/19 5:30,11.17,12.86,48.38
2039,2022/11/19 5:45,11.21,10.94,48.48
2040,2022/11/19 6:00,11.15,12.09,48.48
2041,2022/11/19 6:15,11.17,10.18,48.35
2042,2022/11/19 6:30,11.19,9.03,48.35
2043,2022/11/19 6:45,11.22,10.94,48.35
2044,2022/11/19 7:00,11.25,9.8,48.38
2045,2022/11/19 7:15,11.28,7.11,48.38
2046,2022/11/19 7:30,11.31,8.26,48.28
2047,2022/11/19 7:45,11.34,7.5,46.41
2048,2022/11/19 8:00,11.38,6.35,46.24
2049,2022/11/19 8:15,11.42,9.41,46.94
2050,2022/11/19 8:30,11.46,9.41,43.56
2051,2022/11/19 8:45,11.5,9.8,46.58
2052,2022/11/19 9:00,11.55,13.24,48.82
2053,2022/11/19 9:15,11.61,10.18,48.45
2054,2022/11/19 9:30,11.68,10.94,48.32
2055,2022/11/19 9:45,11.75,11.71,48.28
2056,2022/11/19 10:00,11.83,10.56,48.38
2057,2022/11/19 10:15,11.91,12.09,48.45
2058,2022/11/19 10:30,11.99,12.09,48.25
2059,2022/11/19 10:45,12.06,10.56,48.62
2060,2022/11/19 11:00,12.13,11.71,48.25
2061,2022/11/19 11:15,12.2,10.94,48.28
2062,2022/11/19 11:30,12.26,9.8,48.42
2063,2022/11/19 11:45,12.32,10.18,48.48
2064,2022/11/19 12:00,12.3,12.86,48.38
2065,2022/11/19 12:15,12.35,13.24,48.35
2066,2022/11/19 12:30,12.4,9.8,48.52
2067,2022/11/19 12:45,12.45,12.48,48.28
2068,2022/11/19 13:00,12.5,10.56,48.42
2069,2022/11/19 13:15,12.54,14.01,48.42
2070,2022/11/19 13:30,12.57,9.41,48.15
2071,2022/11/19 13:45,12.61,11.71,48.28
2072,2022/11/19 14:00,12.64,12.48,48.15
2073,2022/11/19 14:15,12.67,9.8,48.35
2074,2022/11/19 14:30,12.7,10.94,48.32
2075,2022/11/19 14:45,12.73,11.33,48.45
2076,2022/11/19 15:00,12.76,12.09,48.18
2077,2022/11/19 15:15,12.79,10.56,48.35
2078,2022/11/19 15:30,12.84,12.86,48.15
2079,2022/11/19 15:45,12.88,12.86,48.42
2080,2022/11/19 16:00,12.93,12.48,48.15
2081,2022/11/19 16:15,12.99,14.01,48.25
2082,2022/11/19 16:30,13.06,11.33,48.38
2083,2022/11/19 16:45,13.13,10.18,48.28
2084,2022/11/19 17:00,13.2,12.86,48.38
2085,2022/11/19 17:15,13.28,10.56,48.45
2086,2022/11/19 17:30,13.36,10.18,48.32
2087,2022/11/19 17:45,13.44,13.63,48.42
2088,2022/11/19 18:00,13.54,14.01,48.15
2089,2022/11/19 18:15,13.57,15.54,48.35
2090,2022/11/19 18:30,13.6,13.24,48.22
2091,2022/11/19 18:45,13.61,13.63,48.35
2092,2022/11/19 19:00,13.62,13.63,48.12
2093,2022/11/19 19:15,13.61,10.94,48.18
2094,2022/11/19 19:30,13.6,11.71,48.42
2095,2022/11/19 19:45,13.58,16.31,48.52
2096,2022/11/19 20:00,13.55,13.63,48.18
2097,2022/11/19 20:15,13.51,16.31,48.25
2098,2022/11/19 20:30,13.47,15.92,48.18
2099,2022/11/19 20:45,13.41,15.16,48.35
2100,2022/11/19 21:00,13.35,13.63,48.22
2101,2022/11/19 21:15,13.27,12.86,48.38
2102,2022/11/19 21:30,13.18,14.77,48.45
2103,2022/11/19 21:45,13.09,12.86,48.18
2104,2022/11/19 22:00,13.01,12.86,48.38
2105,2022/11/19 22:15,12.91,11.71,48.35
2106,2022/11/19 22:30,12.83,12.48,48.52
2107,2022/11/19 22:45,12.75,15.54,48.32
2108,2022/11/19 23:00,12.67,12.48,48.52
2109,2022/11/19 23:15,12.6,13.24,48.35
2110,2022/11/19 23:30,12.54,14.39,48.32
2111,2022/11/19 23:45,12.47,12.09,48.18
2112,2022/11/20 0:00,12.44,12.86,48.28
2113,2022/11/20 0:15,12.38,14.39,48.32
2114,2022/11/20 0:30,12.33,13.24,48.28
2115,2022/11/20 0:45,12.28,9.8,48.32
2116,2022/11/20 1:00,12.23,12.86,48.35
2117,2022/11/20 1:15,12.18,14.39,48.52
2118,2022/11/20 1:30,12.13,13.24,48.62
2119,2022/11/20 1:45,12.07,14.77,48.25
2120,2022/11/20 2:00,12.02,14.77,48.18
2121,2022/11/20 2:15,11.95,12.48,48.48
2122,2022/11/20 2:30,11.89,10.18,48.38
2123,2022/11/20 2:45,11.82,14.77,48.05
2124,2022/11/20 3:00,11.75,13.24,48.35
2125,2022/11/20 3:15,11.68,11.33,48.28
2126,2022/11/20 3:30,11.6,12.09,48.28
2127,2022/11/20 3:45,11.52,13.63,48.42
2128,2022/11/20 4:00,11.44,14.01,48.38
2129,2022/11/20 4:15,11.36,14.39,48.68
2130,2022/11/20 4:30,11.27,14.77,48.62
2131,2022/11/20 4:45,11.18,10.18,48.62
2132,2022/11/20 5:00,11.09,15.92,48.68
2133,2022/11/20 5:15,11,12.48,48.75
2134,2022/11/20 5:30,10.9,10.94,48.02
2135,2022/11/20 5:45,10.81,12.09,48.35
2136,2022/11/20 6:00,10.98,14.39,48.65
2137,2022/11/20 6:15,10.88,11.71,48.45
2138,2022/11/20 6:30,10.78,14.77,48.48
2139,2022/11/20 6:45,10.68,11.71,48.38
2140,2022/11/20 7:00,10.58,13.63,48.45
2141,2022/11/20 7:15,10.48,11.71,48.15
2142,2022/11/20 7:30,10.37,13.24,48.52
2143,2022/11/20 7:45,10.26,12.86,48.35
2144,2022/11/20 8:00,10.15,8.65,48.52
2145,2022/11/20 8:15,10.03,10.94,48.58
2146,2022/11/20 8:30,9.91,9.8,48.32
2147,2022/11/20 8:45,9.79,7.88,48.48
2148,2022/11/20 9:00,9.66,11.33,48.08
2149,2022/11/20 9:15,9.53,10.56,48.32
2150,2022/11/20 9:30,9.4,11.71,45.77
2151,2022/11/20 9:45,9.27,9.41,44.53
2152,2022/11/20 10:00,9.14,7.5,38.04
2153,2022/11/20 10:15,9.02,9.8,41.95
2154,2022/11/20 10:30,8.89,10.94,45.07
2155,2022/11/20 10:45,8.77,9.03,46.81
2156,2022/11/20 11:00,8.66,9.8,47.58
2157,2022/11/20 11:15,8.54,9.03,48.22
2158,2022/11/20 11:30,8.43,9.03,48.25
2159,2022/11/20 11:45,8.33,11.71,48.22
2160,2022/11/20 12:00,8.3,10.94,48.25
2161,2022/11/20 12:15,8.21,9.03,48.62
2162,2022/11/20 12:30,8.13,8.26,46.17
2163,2022/11/20 12:45,8.06,11.71,48.18
2164,2022/11/20 13:00,8,8.26,38.37
2165,2022/11/20 13:15,7.94,9.03,39.51
2166,2022/11/20 13:30,7.89,6.73,41.69
2167,2022/11/20 13:45,7.84,7.5,44.53
2168,2022/11/20 14:00,7.8,9.03,38.07
2169,2022/11/20 14:15,7.76,10.56,43.96
2170,2022/11/20 14:30,7.73,7.88,38.41
2171,2022/11/20 14:45,7.7,9.41,38.31
2172,2022/11/20 15:00,7.68,9.8,36.2
2173,2022/11/20 15:15,7.66,7.88,37.2
2174,2022/11/20 15:30,7.65,8.65,29.7
2175,2022/11/20 15:45,7.64,7.5,26.59
2176,2022/11/20 16:00,7.63,7.5,29.03
2177,2022/11/20 16:15,7.63,7.88,29.53
2178,2022/11/20 16:30,7.63,6.73,20.12
2179,2022/11/20 16:45,7.63,7.5,20.26
2180,2022/11/20 17:00,7.63,6.35,22.47
2181,2022/11/20 17:15,7.63,6.73,25.28
2182,2022/11/20 17:30,7.63,7.88,29.93
2183,2022/11/20 17:45,7.63,9.03,35.39
2184,2022/11/20 18:00,7.45,8.65,33.48
2185,2022/11/20 18:15,7.43,8.26,29.67
2186,2022/11/20 18:30,7.41,8.26,37.23
2187,2022/11/20 18:45,7.39,9.8,44.1
2188,2022/11/20 19:00,7.36,7.5,37.7
2189,2022/11/20 19:15,7.34,8.65,39.54
2190,2022/11/20 19:30,7.31,8.65,34.35
2191,2022/11/20 19:45,7.28,7.88,31.74
2192,2022/11/20 20:00,7.24,7.5,30.3
2193,2022/11/20 20:15,7.21,7.88,26.28
2194,2022/11/20 20:30,7.18,7.88,21.4
2195,2022/11/20 20:45,7.14,7.5,23.07
2196,2022/11/20 21:00,7.11,7.5,20.73
2197,2022/11/20 21:15,7.07,6.73,17.41
2198,2022/11/20 21:30,7.03,5.2,13.33
2199,2022/11/20 21:45,6.98,5.58,11.18
2200,2022/11/20 22:00,6.94,5.2,11.42
2201,2022/11/20 22:15,6.88,5.58,13.29
2202,2022/11/20 22:30,6.83,5.96,12.32
2203,2022/11/20 22:45,6.77,5.96,13.23
2204,2022/11/20 23:00,6.71,5.58,13.46
2205,2022/11/20 23:15,6.64,6.35,12.99
2206,2022/11/20 23:30,6.57,5.2,13.39
2207,2022/11/20 23:45,6.49,6.73,17.61
2208,2022/11/21 0:00,6.34,6.73,19.35
2209,2022/11/21 0:15,6.25,5.96,14.9
2210,2022/11/21 0:30,6.16,6.73,16.61
2211,2022/11/21 0:45,6.06,5.2,15.03
2212,2022/11/21 1:00,5.97,4.43,12.82
2213,2022/11/21 1:15,5.87,5.58,16.88
2214,2022/11/21 1:30,5.78,5.2,17.08
2215,2022/11/21 1:45,5.68,4.82,18.21
2216,2022/11/21 2:00,5.59,4.43,15.57
2217,2022/11/21 2:15,5.51,3.28,15.03
2218,2022/11/21 2:30,5.43,3.67,14
2219,2022/11/21 2:45,5.35,5.58,14.03
2220,2022/11/21 3:00,5.28,4.43,13.66
2221,2022/11/21 3:15,5.21,3.28,13.36
2222,2022/11/21 3:30,5.15,6.35,15.23
2223,2022/11/21 3:45,5.08,6.73,16.01
2224,2022/11/21 4:00,5.02,7.11,17.11
2225,2022/11/21 4:15,4.96,5.96,13.06
2226,2022/11/21 4:30,4.9,5.2,9.54
2227,2022/11/21 4:45,4.84,4.82,5.19
2228,2022/11/21 5:00,4.78,4.43,3.21
2229,2022/11/21 5:15,4.71,4.43,1.31
2230,2022/11/21 5:30,4.65,3.28,0.57
2231,2022/11/21 5:45,4.59,2.52,0.9
2232,2022/11/21 6:00,3.95,2.9,0.03
2233,2022/11/21 6:15,3.89,2.52,0
2234,2022/11/21 6:30,3.83,2.52,0
2235,2022/11/21 6:45,3.78,2.9,0
2236,2022/11/21 7:00,3.74,2.52,0
2237,2022/11/21 7:15,3.7,2.9,0
2238,2022/11/21 7:30,3.66,2.14,0
2239,2022/11/21 7:45,3.64,2.14,0
2240,2022/11/21 8:00,3.63,1.75,0
2241,2022/11/21 8:15,3.63,2.14,0
2242,2022/11/21 8:30,3.64,1.37,0
2243,2022/11/21 8:45,3.65,1.37,0
2244,2022/11/21 9:00,3.68,1.37,0
2245,2022/11/21 9:15,3.72,1.37,0
2246,2022/11/21 9:30,3.78,2.52,0
2247,2022/11/21 9:45,3.84,2.14,0
2248,2022/11/21 10:00,3.91,0.99,0
2249,2022/11/21 10:15,3.99,2.14,0
2250,2022/11/21 10:30,4.07,3.28,0
2251,2022/11/21 10:45,4.16,2.52,0
2252,2022/11/21 11:00,4.25,2.9,0
2253,2022/11/21 11:15,4.35,2.14,0
2254,2022/11/21 11:30,4.44,2.52,0
2255,2022/11/21 11:45,4.54,2.52,0
2256,2022/11/21 12:00,4.63,2.14,0
2257,2022/11/21 12:15,4.73,1.37,0
2258,2022/11/21 12:30,4.83,3.67,0.47
2259,2022/11/21 12:45,4.92,2.9,1.61
2260,2022/11/21 13:00,5.01,5.2,3.18
2261,2022/11/21 13:15,5.09,3.28,3.88
2262,2022/11/21 13:30,5.18,4.05,3.68
2263,2022/11/21 13:45,5.25,2.9,1.88
2264,2022/11/21 14:00,5.33,3.28,2.28
2265,2022/11/21 14:15,5.4,3.28,1.74
2266,2022/11/21 14:30,5.46,2.52,1.34
2267,2022/11/21 14:45,5.52,2.14,0.44
2268,2022/11/21 15:00,5.58,2.52,0
2269,2022/11/21 15:15,5.63,2.52,0
2270,2022/11/21 15:30,5.69,3.28,0
2271,2022/11/21 15:45,5.74,3.67,2.34
2272,2022/11/21 16:00,5.8,4.43,5.76
2273,2022/11/21 16:15,5.85,6.35,11.12
2274,2022/11/21 16:30,5.9,5.96,17.98
2275,2022/11/21 16:45,5.96,5.58,18.18
2276,2022/11/21 17:00,6.01,6.35,14.7
2277,2022/11/21 17:15,6.06,5.58,10.11
2278,2022/11/21 17:30,6.11,4.82,10.65
2279,2022/11/21 17:45,6.15,5.2,8.07
2280,2022/11/21 18:00,6.2,4.82,4.62
2281,2022/11/21 18:15,6.24,4.05,2.78
2282,2022/11/21 18:30,6.27,4.05,2.95
2283,2022/11/21 18:45,6.29,3.67,3.62
2284,2022/11/21 19:00,6.32,5.2,6.7
2285,2022/11/21 19:15,6.33,6.73,12.79
2286,2022/11/21 19:30,6.35,5.96,13.9
2287,2022/11/21 19:45,6.36,6.35,11.79
2288,2022/11/21 20:00,6.37,5.2,13.09
2289,2022/11/21 20:15,6.38,6.35,12.96
2290,2022/11/21 20:30,6.39,4.82,11.25
2291,2022/11/21 20:45,6.39,5.58,12.69
2292,2022/11/21 21:00,6.39,5.58,11.22
2293,2022/11/21 21:15,6.4,6.35,17.21
2294,2022/11/21 21:30,6.39,5.96,14.63
2295,2022/11/21 21:45,6.38,5.96,12.46
2296,2022/11/21 22:00,6.36,5.96,13.93
2297,2022/11/21 22:15,6.33,6.35,15.94
2298,2022/11/21 22:30,6.29,7.5,20.63
2299,2022/11/21 22:45,6.23,7.11,20.32
2300,2022/11/21 23:00,6.15,7.88,21.33
2301,2022/11/21 23:15,6.06,7.5,19.42
2302,2022/11/21 23:30,5.94,6.73,17.51
2303,2022/11/21 23:45,5.8,6.35,15.03
2304,2022/11/22 0:00,5.64,6.73,15.17
2305,2022/11/22 0:15,5.46,5.96,15.4
2306,2022/11/22 0:30,5.27,5.96,14.97
2307,2022/11/22 0:45,5.07,7.11,19.12
2308,2022/11/22 1:00,4.87,6.35,14.63
2309,2022/11/22 1:15,4.66,5.96,11.99
2310,2022/11/22 1:30,4.46,5.58,9.91
2311,2022/11/22 1:45,4.25,4.82,6.26
2312,2022/11/22 2:00,4.05,4.05,3.31
2313,2022/11/22 2:15,3.86,3.67,2.65
2314,2022/11/22 2:30,3.68,4.05,5.29
2315,2022/11/22 2:45,3.5,4.82,8.27
2316,2022/11/22 3:00,3.34,5.2,5.93
2317,2022/11/22 3:15,3.18,4.05,3.01
2318,2022/11/22 3:30,3.04,4.43,3.52
2319,2022/11/22 3:45,2.92,4.82,4.39
2320,2022/11/22 4:00,2.82,4.43,3.25
2321,2022/11/22 4:15,2.74,4.82,5.79
2322,2022/11/22 4:30,2.66,4.43,3.68
2323,2022/11/22 4:45,2.58,4.82,4.72
2324,2022/11/22 5:00,2.51,5.2,5.63
2325,2022/11/22 5:15,2.45,4.05,2.95
2326,2022/11/22 5:30,2.39,2.9,0.4
2327,2022/11/22 5:45,2.34,2.14,0
2328,2022/11/22 6:00,2.12,1.37,0
2329,2022/11/22 6:15,2.08,1.75,0
2330,2022/11/22 6:30,2.06,1.37,0
2331,2022/11/22 6:45,2.06,0,0
2332,2022/11/22 7:00,2.08,0,0
2333,2022/11/22 7:15,2.11,0,0
2334,2022/11/22 7:30,2.15,0,0
2335,2022/11/22 7:45,2.19,0,0
2336,2022/11/22 8:00,2.24,0,0
2337,2022/11/22 8:15,2.29,1.75,0
2338,2022/11/22 8:30,2.35,1.75,0
2339,2022/11/22 8:45,2.41,2.52,0
2340,2022/11/22 9:00,2.47,2.14,0
2341,2022/11/22 9:15,2.53,0,0
2342,2022/11/22 9:30,2.59,0,0
2343,2022/11/22 9:45,2.65,1.37,0
2344,2022/11/22 10:00,2.71,1.37,0
2345,2022/11/22 10:15,2.77,1.75,0
2346,2022/11/22 10:30,2.82,2.52,0
2347,2022/11/22 10:45,2.87,1.75,0
2348,2022/11/22 11:00,2.92,2.52,0
2349,2022/11/22 11:15,2.97,2.52,0
2350,2022/11/22 11:30,3.03,3.28,0
2351,2022/11/22 11:45,3.08,2.9,1.27
2352,2022/11/22 12:00,3.07,2.14,3.68
2353,2022/11/22 12:15,3.13,2.9,7.94
2354,2022/11/22 12:30,3.18,4.05,10.45
2355,2022/11/22 12:45,3.24,2.9,9.98
2356,2022/11/22 13:00,3.31,2.9,10.71
2357,2022/11/22 13:15,3.38,4.82,10.78
2358,2022/11/22 13:30,3.46,2.9,10.61
2359,2022/11/22 13:45,3.54,2.9,14.97
2360,2022/11/22 14:00,3.63,4.43,9.48
2361,2022/11/22 14:15,3.72,4.82,8.61
2362,2022/11/22 14:30,3.83,4.43,8.47
2363,2022/11/22 14:45,3.94,3.28,9.34
2364,2022/11/22 15:00,4.06,2.14,10.48
2365,2022/11/22 15:15,4.19,3.28,8.77
2366,2022/11/22 15:30,4.33,3.28,8.81
2367,2022/11/22 15:45,4.48,2.52,14.2
2368,2022/11/22 16:00,4.63,1.75,17.41
2369,2022/11/22 16:15,4.8,2.52,17.11
2370,2022/11/22 16:30,4.97,2.9,14.43
2371,2022/11/22 16:45,5.14,2.9,14.73
2372,2022/11/22 17:00,5.32,2.9,14
2373,2022/11/22 17:15,5.5,2.14,10.41
2374,2022/11/22 17:30,5.69,6.35,15.94
2375,2022/11/22 17:45,5.87,6.73,20.99
2376,2022/11/22 18:00,6.29,6.35,22.2
2377,2022/11/22 18:15,6.46,6.35,29
2378,2022/11/22 18:30,6.61,7.11,27.36
2379,2022/11/22 18:45,6.74,7.5,28.33
2380,2022/11/22 19:00,6.86,6.35,22.2
2381,2022/11/22 19:15,6.95,6.73,22.27
2382,2022/11/22 19:30,7.04,7.11,28.63
2383,2022/11/22 19:45,7.11,7.11,38.14
2384,2022/11/22 20:00,7.17,6.35,40.68
2385,2022/11/22 20:15,7.22,7.88,42.06
2386,2022/11/22 20:30,7.25,7.5,38.27
2387,2022/11/22 20:45,7.28,8.26,43.53
2388,2022/11/22 21:00,7.29,8.26,44.2
2389,2022/11/22 21:15,7.29,9.41,45.94
2390,2022/11/22 21:30,7.28,9.41,46.04
2391,2022/11/22 21:45,7.27,8.65,47.71
2392,2022/11/22 22:00,7.24,8.26,44.13
2393,2022/11/22 22:15,7.2,7.88,37.53
2394,2022/11/22 22:30,7.16,7.88,35.22
2395,2022/11/22 22:45,7.12,7.11,32.38
2396,2022/11/22 23:00,7.08,6.73,32.81
2397,2022/11/22 23:15,7.05,6.73,34.05
2398,2022/11/22 23:30,7.01,6.73,27.76
2399,2022/11/22 23:45,6.97,6.35,27.46
2400,2022/11/23 0:00,6.78,7.11,25.18
2401,2022/11/23 0:15,6.73,6.35,25.21
2402,2022/11/23 0:30,6.67,5.96,21.03
2403,2022/11/23 0:45,6.6,5.2,19.29
2404,2022/11/23 1:00,6.54,5.58,20.09
2405,2022/11/23 1:15,6.47,7.11,23.04
2406,2022/11/23 1:30,6.39,5.96,25.11
2407,2022/11/23 1:45,6.31,5.96,26.05
2408,2022/11/23 2:00,6.23,7.88,34.45
2409,2022/11/23 2:15,6.15,7.5,30.44
2410,2022/11/23 2:30,6.06,8.65,35.02
2411,2022/11/23 2:45,5.97,8.26,35.19
2412,2022/11/23 3:00,5.87,8.65,30.6
2413,2022/11/23 3:15,5.78,7.88,28.43
2414,2022/11/23 3:30,5.67,7.88,23.3
2415,2022/11/23 3:45,5.55,6.73,20.09
2416,2022/11/23 4:00,5.42,5.96,18.55
2417,2022/11/23 4:15,5.29,5.96,14.73
2418,2022/11/23 4:30,5.14,5.58,13.23
2419,2022/11/23 4:45,4.98,4.82,10.51
2420,2022/11/23 5:00,4.82,4.43,4.92
2421,2022/11/23 5:15,4.64,5.2,6.36
2422,2022/11/23 5:30,4.46,4.82,5.59
2423,2022/11/23 5:45,4.28,4.82,3.52
2424,2022/11/23 6:00,3.85,4.05,1.57
2425,2022/11/23 6:15,3.64,2.52,0
2426,2022/11/23 6:30,3.44,2.14,0
2427,2022/11/23 6:45,3.24,2.9,0
2428,2022/11/23 7:00,3.05,2.9,0
2429,2022/11/23 7:15,2.88,2.14,0
2430,2022/11/23 7:30,2.71,2.52,0
2431,2022/11/23 7:45,2.56,2.14,0
2432,2022/11/23 8:00,2.43,2.52,0
2433,2022/11/23 8:15,2.32,2.52,0
2434,2022/11/23 8:30,2.23,3.28,0
2435,2022/11/23 8:45,2.17,3.28,0
2436,2022/11/23 9:00,2.14,2.9,0
2437,2022/11/23 9:15,2.13,2.14,0
2438,2022/11/23 9:30,2.15,2.52,0
2439,2022/11/23 9:45,2.2,2.52,0
2440,2022/11/23 10:00,2.27,2.52,0
2441,2022/11/23 10:15,2.37,2.52,0
2442,2022/11/23 10:30,2.48,2.9,0
2443,2022/11/23 10:45,2.6,3.28,0
2444,2022/11/23 11:00,2.72,4.05,0.1
2445,2022/11/23 11:15,2.85,3.67,1.21
2446,2022/11/23 11:30,2.99,3.67,3.01
2447,2022/11/23 11:45,3.13,4.43,5.36
2448,2022/11/23 12:00,3.29,4.05,4.79
2449,2022/11/23 12:15,3.43,4.82,4.32
2450,2022/11/23 12:30,3.57,3.67,4.45
2451,2022/11/23 12:45,3.71,4.05,4.99
2452,2022/11/23 13:00,3.85,3.28,5.36
2453,2022/11/23 13:15,3.99,4.82,4.99
2454,2022/11/23 13:30,4.12,4.82,5.99
2455,2022/11/23 13:45,4.25,4.05,5.56
2456,2022/11/23 14:00,4.38,5.2,6.96
2457,2022/11/23 14:15,4.5,4.05,9.94
2458,2022/11/23 14:30,4.63,5.96,10.41
2459,2022/11/23 14:45,4.74,5.96,11.25
2460,2022/11/23 15:00,4.86,5.58,10.21
2461,2022/11/23 15:15,4.97,4.43,7.23
2462,2022/11/23 15:30,5.08,4.43,8.47
2463,2022/11/23 15:45,5.18,3.67,5.19
2464,2022/11/23 16:00,5.27,3.67,3.25
2465,2022/11/23 16:15,5.36,3.28,2.34
2466,2022/11/23 16:30,5.45,2.9,1.34
2467,2022/11/23 16:45,5.53,2.52,0
2468,2022/11/23 17:00,5.6,2.52,0
2469,2022/11/23 17:15,5.67,2.52,0.07
2470,2022/11/23 17:30,5.74,3.28,1.88
2471,2022/11/23 17:45,5.8,5.2,8.84
2472,2022/11/23 18:00,5.72,7.11,15.4
2473,2022/11/23 18:15,5.78,7.11,13.59
2474,2022/11/23 18:30,5.84,6.35,13.03
2475,2022/11/23 18:45,5.88,5.96,16.04
2476,2022/11/23 19:00,5.91,6.35,17.41
2477,2022/11/23 19:15,5.94,5.96,16.34
2478,2022/11/23 19:30,5.95,6.73,14.43
2479,2022/11/23 19:45,5.96,6.73,14.87
2480,2022/11/23 20:00,5.96,6.35,15.64
2481,2022/11/23 20:15,5.95,6.35,14.4
2482,2022/11/23 20:30,5.93,6.35,16.51
2483,2022/11/23 20:45,5.91,6.35,16.54
2484,2022/11/23 21:00,5.88,6.73,16.34
2485,2022/11/23 21:15,5.84,6.35,16.88
2486,2022/11/23 21:30,5.8,7.5,17.71
2487,2022/11/23 21:45,5.75,5.96,16.24
2488,2022/11/23 22:00,5.69,6.35,15.1
2489,2022/11/23 22:15,5.63,7.5,21.83
2490,2022/11/23 22:30,5.56,7.11,19.35
2491,2022/11/23 22:45,5.5,7.5,22.03
2492,2022/11/23 23:00,5.43,7.11,23.44
2493,2022/11/23 23:15,5.36,6.73,19.76
2494,2022/11/23 23:30,5.29,6.73,17.51
2495,2022/11/23 23:45,5.23,7.11,15.37
2496,2022/11/24 0:00,5.23,6.73,16.07
2497,2022/11/24 0:15,5.16,6.35,15.13
2498,2022/11/24 0:30,5.1,6.73,18.35
2499,2022/11/24 0:45,5.05,6.73,18.38
2500,2022/11/24 1:00,5.01,6.35,17.11
2501,2022/11/24 1:15,4.98,6.35,12.79
2502,2022/11/24 1:30,4.96,4.82,11.75
2503,2022/11/24 1:45,4.94,5.2,12.69
2504,2022/11/24 2:00,4.94,4.43,13.86
2505,2022/11/24 2:15,4.94,3.28,9.68
2506,2022/11/24 2:30,4.95,4.82,10.11
2507,2022/11/24 2:45,4.96,5.2,10.01
2508,2022/11/24 3:00,4.98,5.2,11.22
2509,2022/11/24 3:15,5.01,5.96,15.13
2510,2022/11/24 3:30,5.04,7.5,24.78
2511,2022/11/24 3:45,5.08,7.5,26.35
2512,2022/11/24 4:00,5.12,7.5,27.09
2513,2022/11/24 4:15,5.17,6.73,26.05
2514,2022/11/24 4:30,5.22,7.11,25.61
2515,2022/11/24 4:45,5.26,5.96,22.8
2516,2022/11/24 5:00,5.3,7.5,27.49
2517,2022/11/24 5:15,5.33,7.11,30.91
2518,2022/11/24 5:30,5.36,7.88,30.97
2519,2022/11/24 5:45,5.37,8.65,32.38
2520,2022/11/24 6:00,6.16,8.65,27.52
2521,2022/11/24 6:15,6.18,7.88,20.49
2522,2022/11/24 6:30,6.18,7.11,22.03
2523,2022/11/24 6:45,6.17,6.35,21.26
2524,2022/11/24 7:00,6.14,7.11,23
2525,2022/11/24 7:15,6.09,7.11,21.26
2526,2022/11/24 7:30,6.03,6.73,19.55
2527,2022/11/24 7:45,5.97,6.73,20.49
2528,2022/11/24 8:00,5.9,4.05,19.99
2529,2022/11/24 8:15,5.83,5.96,21.9
2530,2022/11/24 8:30,5.75,7.11,18.85
2531,2022/11/24 8:45,5.67,5.2,12.99
2532,2022/11/24 9:00,5.58,4.43,8.54
2533,2022/11/24 9:15,5.49,4.82,9.68
2534,2022/11/24 9:30,5.41,4.05,7.53
2535,2022/11/24 9:45,5.34,4.43,5.56
2536,2022/11/24 10:00,5.28,4.43,8.61
2537,2022/11/24 10:15,5.23,4.82,10.61
2538,2022/11/24 10:30,5.2,4.82,8.94
2539,2022/11/24 10:45,5.18,4.05,7.9
2540,2022/11/24 11:00,5.19,5.2,6.93
2541,2022/11/24 11:15,5.21,4.43,7.7
2542,2022/11/24 11:30,5.25,5.2,6.5
2543,2022/11/24 11:45,5.29,4.05,5.56
2544,2022/11/24 12:00,5.34,5.2,8.94
2545,2022/11/24 12:15,5.4,4.05,6.29
2546,2022/11/24 12:30,5.47,3.67,4.69
2547,2022/11/24 12:45,5.55,2.9,3.21
2548,2022/11/24 13:00,5.63,3.28,3.42
2549,2022/11/24 13:15,5.72,4.05,4.05
2550,2022/11/24 13:30,5.8,4.82,6.6
2551,2022/11/24 13:45,5.87,5.2,6.29
2552,2022/11/24 14:00,5.94,3.28,5.73
2553,2022/11/24 14:15,6,2.9,4.49
2554,2022/11/24 14:30,6.06,3.28,4.92
2555,2022/11/24 14:45,6.1,3.28,3.68
2556,2022/11/24 15:00,6.14,4.05,3.35
2557,2022/11/24 15:15,6.17,4.43,3.35
2558,2022/11/24 15:30,6.18,3.28,3.42
2559,2022/11/24 15:45,6.19,4.43,3.68
2560,2022/11/24 16:00,6.19,5.2,6.66
2561,2022/11/24 16:15,6.18,3.67,7.06
2562,2022/11/24 16:30,6.17,4.05,6.26
2563,2022/11/24 16:45,6.16,2.9,5.46
2564,2022/11/24 17:00,6.14,3.28,7.33
2565,2022/11/24 17:15,6.13,1.75,8.5
2566,2022/11/24 17:30,6.12,2.9,12.15
2567,2022/11/24 17:45,6.1,3.67,14.63
2568,2022/11/24 18:00,5.6,5.2,14.73
2569,2022/11/24 18:15,5.6,7.11,20.42
2570,2022/11/24 18:30,5.6,7.11,24.64
2571,2022/11/24 18:45,5.58,7.5,25.41
2572,2022/11/24 19:00,5.55,7.5,22.33
2573,2022/11/24 19:15,5.51,7.11,21.4
2574,2022/11/24 19:30,5.47,7.11,19.59
2575,2022/11/24 19:45,5.42,5.96,15.03
2576,2022/11/24 20:00,5.38,5.2,9.24
2577,2022/11/24 20:15,5.33,4.82,5.22
2578,2022/11/24 20:30,5.29,5.2,9.21
2579,2022/11/24 20:45,5.24,6.35,17.21
2580,2022/11/24 21:00,5.2,6.35,17.14
2581,2022/11/24 21:15,5.15,6.35,14.36
2582,2022/11/24 21:30,5.09,4.05,9.41
2583,2022/11/24 21:45,5.03,6.35,12.79
2584,2022/11/24 22:00,4.96,5.96,9.81
2585,2022/11/24 22:15,4.88,4.82,5.42
2586,2022/11/24 22:30,4.8,4.43,7.67
2587,2022/11/24 22:45,4.72,2.9,2.38
2588,2022/11/24 23:00,4.64,3.67,4.05
2589,2022/11/24 23:15,4.55,4.43,5.59
2590,2022/11/24 23:30,4.47,4.82,9.31
2591,2022/11/24 23:45,4.37,5.58,9.81
2592,2022/11/25 0:00,4.23,5.58,9.64
2593,2022/11/25 0:15,4.14,5.2,8.91
2594,2022/11/25 0:30,4.05,4.82,11.05
2595,2022/11/25 0:45,3.96,5.2,10.05
2596,2022/11/25 1:00,3.87,4.82,10.25
2597,2022/11/25 1:15,3.79,5.2,10.05
2598,2022/11/25 1:30,3.72,4.43,10.48
2599,2022/11/25 1:45,3.65,4.05,9.48
2600,2022/11/25 2:00,3.59,5.2,10.05
2601,2022/11/25 2:15,3.54,4.82,7.17
2602,2022/11/25 2:30,3.5,4.05,6.96
2603,2022/11/25 2:45,3.47,3.67,6.56
2604,2022/11/25 3:00,3.45,3.67,1.84
2605,2022/11/25 3:15,3.44,3.67,2.18
2606,2022/11/25 3:30,3.43,2.9,0.23
2607,2022/11/25 3:45,3.43,2.9,0
2608,2022/11/25 4:00,3.43,1.75,0
2609,2022/11/25 4:15,3.43,3.67,0.23
2610,2022/11/25 4:30,3.44,3.28,0.27
2611,2022/11/25 4:45,3.45,3.67,1.47
2612,2022/11/25 5:00,3.46,3.28,0.77
2613,2022/11/25 5:15,3.46,2.52,0.57
2614,2022/11/25 5:30,3.47,2.52,0
2615,2022/11/25 5:45,3.48,2.9,0.9
2616,2022/11/25 6:00,2.75,2.52,0.44
2617,2022/11/25 6:15,2.69,3.28,0.7
2618,2022/11/25 6:30,2.64,2.9,0.6
2619,2022/11/25 6:45,2.59,2.52,0.7
2620,2022/11/25 7:00,2.56,3.67,2.14
2621,2022/11/25 7:15,2.53,2.9,4.49
2622,2022/11/25 7:30,2.52,3.67,7.2
2623,2022/11/25 7:45,2.52,2.9,4.96
2624,2022/11/25 8:00,2.53,3.28,4.65
2625,2022/11/25 8:15,2.55,3.28,3.75
2626,2022/11/25 8:30,2.59,2.9,2.34
2627,2022/11/25 8:45,2.63,3.28,2.24
2628,2022/11/25 9:00,2.69,3.28,0.37
2629,2022/11/25 9:15,2.75,1.75,0
2630,2022/11/25 9:30,2.83,2.9,0
2631,2022/11/25 9:45,2.91,2.9,0
2632,2022/11/25 10:00,3,3.28,1.94
2633,2022/11/25 10:15,3.1,2.9,0.37
2634,2022/11/25 10:30,3.2,2.52,0
2635,2022/11/25 10:45,3.3,1.75,0
2636,2022/11/25 11:00,3.39,1.75,0
2637,2022/11/25 11:15,3.49,1.75,0
2638,2022/11/25 11:30,3.57,3.28,0
2639,2022/11/25 11:45,3.65,2.52,0
2640,2022/11/25 12:00,3.74,2.52,0
2641,2022/11/25 12:15,3.81,2.14,0
2642,2022/11/25 12:30,3.89,2.52,0
2643,2022/11/25 12:45,3.98,4.05,2.58
2644,2022/11/25 13:00,4.08,4.43,2.01
2645,2022/11/25 13:15,4.19,2.9,2.95
2646,2022/11/25 13:30,4.31,4.43,3.21
2647,2022/11/25 13:45,4.44,4.43,7.7
2648,2022/11/25 14:00,4.58,5.2,7.57
2649,2022/11/25 14:15,4.73,5.58,9.11
2650,2022/11/25 14:30,4.9,4.82,10.51
2651,2022/11/25 14:45,5.07,4.43,16.31
2652,2022/11/25 15:00,5.24,7.11,20.42
2653,2022/11/25 15:15,5.43,6.35,18.88
2654,2022/11/25 15:30,5.61,7.11,20.89
2655,2022/11/25 15:45,5.8,7.5,26.32
2656,2022/11/25 16:00,5.99,6.35,26.32
2657,2022/11/25 16:15,6.19,6.73,31.88
2658,2022/11/25 16:30,6.37,7.11,39.61
2659,2022/11/25 16:45,6.54,6.73,35.96
2660,2022/11/25 17:00,6.7,8.26,38.57
2661,2022/11/25 17:15,6.85,8.65,40.28
2662,2022/11/25 17:30,6.99,8.65,39.01
2663,2022/11/25 17:45,7.12,7.88,32.88
2664,2022/11/25 18:00,7.71,8.26,32.65
2665,2022/11/25 18:15,7.76,9.41,31.88
2666,2022/11/25 18:30,7.81,7.11,29.03
2667,2022/11/25 18:45,7.85,7.88,27.05
2668,2022/11/25 19:00,7.87,7.88,27.12
2669,2022/11/25 19:15,7.88,7.5,28.49
2670,2022/11/25 19:30,7.88,8.26,33.68
2671,2022/11/25 19:45,7.86,10.18,32.81
2672,2022/11/25 20:00,7.84,6.35,32.98
2673,2022/11/25 20:15,7.81,7.5,33.01
2674,2022/11/25 20:30,7.78,7.5,26.99
2675,2022/11/25 20:45,7.74,6.73,26.52
2676,2022/11/25 21:00,7.7,3.67,20.93
2677,2022/11/25 21:15,7.66,6.35,21.8
2678,2022/11/25 21:30,7.62,5.96,22.9
2679,2022/11/25 21:45,7.6,5.96,24.98
2680,2022/11/25 22:00,7.59,5.58,24.34
2681,2022/11/25 22:15,7.58,5.58,20.83
2682,2022/11/25 22:30,7.6,3.28,19.86
2683,2022/11/25 22:45,7.63,5.2,21.93
2684,2022/11/25 23:00,7.67,5.58,16.47
2685,2022/11/25 23:15,7.74,4.82,19.72
2686,2022/11/25 23:30,7.82,6.35,25.41
2687,2022/11/25 23:45,7.92,4.82,31.47
2688,2022/11/26 0:00,8.05,9.41,39.51
2689,2022/11/26 0:15,8.18,8.26,42.83
2690,2022/11/26 0:30,8.32,10.18,46.64
2691,2022/11/26 0:45,8.46,10.18,48.42
2692,2022/11/26 1:00,8.61,10.56,48.25
2693,2022/11/26 1:15,8.76,9.8,44.47
2694,2022/11/26 1:30,8.91,10.18,43.26
2695,2022/11/26 1:45,9.05,10.18,43.23
2696,2022/11/26 2:00,9.18,6.73,39.51
2697,2022/11/26 2:15,9.29,9.03,42.46
2698,2022/11/26 2:30,9.4,6.35,38.51
2699,2022/11/26 2:45,9.5,8.65,42.86
2700,2022/11/26 3:00,9.58,9.41,44.2
2701,2022/11/26 3:15,9.66,8.26,41.99
2702,2022/11/26 3:30,9.73,7.88,46.64
2703,2022/11/26 3:45,9.8,10.56,43.9
2704,2022/11/26 4:00,9.86,9.41,46.14
2705,2022/11/26 4:15,9.91,9.8,41.89
2706,2022/11/26 4:30,9.95,9.8,42.46
2707,2022/11/26 4:45,9.99,9.8,44.67
2708,2022/11/26 5:00,10.02,10.18,45.2
2709,2022/11/26 5:15,10.04,10.56,45.87
2710,2022/11/26 5:30,10.06,10.56,45.57
2711,2022/11/26 5:45,10.07,9.41,46.81
2712,2022/11/26 6:00,9.91,12.09,48.08
2713,2022/11/26 6:15,9.89,8.65,48.58
2714,2022/11/26 6:30,9.88,10.94,48.38
2715,2022/11/26 6:45,9.87,12.09,48.32
2716,2022/11/26 7:00,9.85,12.09,48.52
2717,2022/11/26 7:15,9.83,11.71,48.18
2718,2022/11/26 7:30,9.81,10.94,48.38
2719,2022/11/26 7:45,9.79,9.8,48.18
2720,2022/11/26 8:00,9.76,10.56,48.32
2721,2022/11/26 8:15,9.74,12.48,48.18
2722,2022/11/26 8:30,9.7,12.48,47.21
2723,2022/11/26 8:45,9.67,10.18,48.18
2724,2022/11/26 9:00,9.63,12.09,48.42
2725,2022/11/26 9:15,9.59,9.8,46.07
2726,2022/11/26 9:30,9.54,9.8,47.08
2727,2022/11/26 9:45,9.49,9.41,45.64
2728,2022/11/26 10:00,9.42,7.88,43.8
2729,2022/11/26 10:15,9.35,10.94,46.04
2730,2022/11/26 10:30,9.27,10.18,44.13
2731,2022/11/26 10:45,9.18,9.41,45.64
2732,2022/11/26 11:00,9.08,12.09,42.83
2733,2022/11/26 11:15,8.98,9.03,43.93
2734,2022/11/26 11:30,8.87,8.26,39.64
2735,2022/11/26 11:45,8.76,9.03,34.99
2736,2022/11/26 12:00,8.65,7.88,39.54
2737,2022/11/26 12:15,8.54,8.65,38.87
2738,2022/11/26 12:30,8.42,8.65,35.86
2739,2022/11/26 12:45,8.31,8.65,32.38
2740,2022/11/26 13:00,8.2,7.11,32.88
2741,2022/11/26 13:15,8.08,8.65,28.76
2742,2022/11/26 13:30,7.97,8.65,28.33
2743,2022/11/26 13:45,7.86,5.96,20.56
2744,2022/11/26 14:00,7.76,6.73,17.08
2745,2022/11/26 14:15,7.66,5.96,19.15
2746,2022/11/26 14:30,7.57,5.58,20.39
2747,2022/11/26 14:45,7.49,7.5,18.25
2748,2022/11/26 15:00,7.41,4.82,13.63
2749,2022/11/26 15:15,7.35,5.58,16.31
2750,2022/11/26 15:30,7.29,6.73,14.46
2751,2022/11/26 15:45,7.23,6.35,15.27
2752,2022/11/26 16:00,7.18,5.96,12.05
2753,2022/11/26 16:15,7.14,5.58,13.93
2754,2022/11/26 16:30,7.1,5.96,13.96
2755,2022/11/26 16:45,7.07,5.2,9.48
2756,2022/11/26 17:00,7.03,4.82,7.63
2757,2022/11/26 17:15,7,3.67,5.99
2758,2022/11/26 17:30,6.97,2.9,4.96
2759,2022/11/26 17:45,6.95,2.9,4.32
2760,2022/11/26 18:00,7.04,2.52,4.22
2761,2022/11/26 18:15,7,2.52,2.48
2762,2022/11/26 18:30,6.97,2.52,2.65
2763,2022/11/26 18:45,6.92,2.9,2.88
2764,2022/11/26 19:00,6.87,3.67,3.18
2765,2022/11/26 19:15,6.82,4.43,5.89
2766,2022/11/26 19:30,6.75,5.2,10.58
2767,2022/11/26 19:45,6.68,5.58,12.82
2768,2022/11/26 20:00,6.6,5.58,13.66
2769,2022/11/26 20:15,6.51,5.58,15.34
2770,2022/11/26 20:30,6.41,7.11,16.14
2771,2022/11/26 20:45,6.31,6.35,16.24
2772,2022/11/26 21:00,6.2,5.96,10.92
2773,2022/11/26 21:15,6.09,4.82,7
2774,2022/11/26 21:30,5.99,4.05,3.45
2775,2022/11/26 21:45,5.9,3.67,1.84
2776,2022/11/26 22:00,5.82,3.28,2.68
2777,2022/11/26 22:15,5.75,3.28,2.08
2778,2022/11/26 22:30,5.7,5.96,4.96
2779,2022/11/26 22:45,5.65,4.05,3.92
2780,2022/11/26 23:00,5.61,4.05,6.36
2781,2022/11/26 23:15,5.59,2.52,2.41
2782,2022/11/26 23:30,5.57,5.58,10.05
2783,2022/11/26 23:45,5.57,5.96,15.47
2784,2022/11/27 0:00,5.66,6.73,22.13
2785,2022/11/27 0:15,5.67,7.88,26.99
2786,2022/11/27 0:30,5.69,7.5,27.79
2787,2022/11/27 0:45,5.71,8.65,31.98
2788,2022/11/27 1:00,5.73,7.11,26.89
2789,2022/11/27 1:15,5.76,4.43,17.95
2790,2022/11/27 1:30,5.78,7.88,20.12
2791,2022/11/27 1:45,5.8,7.11,19.19
2792,2022/11/27 2:00,5.82,6.73,19.15
2793,2022/11/27 2:15,5.83,7.11,14.57
2794,2022/11/27 2:30,5.84,5.96,13.43
2795,2022/11/27 2:45,5.85,6.35,16.54
2796,2022/11/27 3:00,5.85,6.35,11.89
2797,2022/11/27 3:15,5.86,4.05,12.69
2798,2022/11/27 3:30,5.86,5.2,14.03
2799,2022/11/27 3:45,5.85,3.67,12.72
2800,2022/11/27 4:00,5.85,7.11,12.02
2801,2022/11/27 4:15,5.85,3.67,13.86
2802,2022/11/27 4:30,5.85,4.05,13.43
2803,2022/11/27 4:45,5.85,4.82,14.03
2804,2022/11/27 5:00,5.85,2.52,14.13
2805,2022/11/27 5:15,5.86,5.96,13.66
2806,2022/11/27 5:30,5.86,3.67,20.26
2807,2022/11/27 5:45,5.87,4.82,18.82
2808,2022/11/27 6:00,5.92,5.58,20.79
2809,2022/11/27 6:15,5.93,4.05,20.32
2810,2022/11/27 6:30,5.94,5.96,18.25
2811,2022/11/27 6:45,5.95,4.82,12.76
2812,2022/11/27 7:00,5.97,4.43,12.62
2813,2022/11/27 7:15,5.98,3.67,11.02
2814,2022/11/27 7:30,5.99,4.43,10.78
2815,2022/11/27 7:45,6,5.58,20.96
2816,2022/11/27 8:00,6.02,5.2,18.92
2817,2022/11/27 8:15,6.04,6.35,7.37
2818,2022/11/27 8:30,6.06,5.2,8.47
2819,2022/11/27 8:45,6.08,4.43,7.9
2820,2022/11/27 9:00,6.11,7.88,13.23
2821,2022/11/27 9:15,6.14,4.05,10.35
2822,2022/11/27 9:30,6.16,4.82,15.34
2823,2022/11/27 9:45,6.18,4.82,18.55
2824,2022/11/27 10:00,6.19,6.35,14.73
2825,2022/11/27 10:15,6.19,5.2,14.77
2826,2022/11/27 10:30,6.19,5.2,15.3
2827,2022/11/27 10:45,6.18,4.82,17.21
2828,2022/11/27 11:00,6.17,7.11,22.23
2829,2022/11/27 11:15,6.15,5.96,15.67
2830,2022/11/27 11:30,6.11,5.96,12.69
2831,2022/11/27 11:45,6.07,6.35,13.73
2832,2022/11/27 12:00,6.09,6.35,11.65
2833,2022/11/27 12:15,6.03,5.58,5.83
2834,2022/11/27 12:30,5.96,4.43,7.03
2835,2022/11/27 12:45,5.87,4.82,6.03
2836,2022/11/27 13:00,5.78,4.43,5.99
2837,2022/11/27 13:15,5.68,4.05,6.6
2838,2022/11/27 13:30,5.57,5.2,5.96
2839,2022/11/27 13:45,5.45,4.43,6.06
2840,2022/11/27 14:00,5.33,4.05,7.2
2841,2022/11/27 14:15,5.21,4.43,7.97
2842,2022/11/27 14:30,5.08,4.05,5.26
2843,2022/11/27 14:45,4.96,4.05,0.94
2844,2022/11/27 15:00,4.84,3.67,0.64
2845,2022/11/27 15:15,4.72,2.14,0.97
2846,2022/11/27 15:30,4.6,2.14,0.2
2847,2022/11/27 15:45,4.49,2.9,0.13
2848,2022/11/27 16:00,4.39,3.28,1.51
2849,2022/11/27 16:15,4.28,3.28,0.94
2850,2022/11/27 16:30,4.18,2.52,0.97
2851,2022/11/27 16:45,4.07,3.28,1.88
2852,2022/11/27 17:00,3.96,2.14,0.3
2853,2022/11/27 17:15,3.85,2.52,0
2854,2022/11/27 17:30,3.73,2.9,0
2855,2022/11/27 17:45,3.61,3.28,0
2856,2022/11/27 18:00,3.24,3.28,0
2857,2022/11/27 18:15,3.26,2.9,0
2858,2022/11/27 18:30,3.28,2.9,0
2859,2022/11/27 18:45,3.31,3.28,0
2860,2022/11/27 19:00,3.35,3.28,0.13
2861,2022/11/27 19:15,3.39,4.05,1.31
2862,2022/11/27 19:30,3.44,4.05,1.14
2863,2022/11/27 19:45,3.49,4.05,1.37
2864,2022/11/27 20:00,3.55,4.05,0.57
2865,2022/11/27 20:15,3.61,3.67,0.3
2866,2022/11/27 20:30,3.69,3.28,0.17
2867,2022/11/27 20:45,3.78,1.37,1.17
2868,2022/11/27 21:00,3.88,2.9,2.31
2869,2022/11/27 21:15,3.99,3.67,2.41
2870,2022/11/27 21:30,4.11,4.05,2.81
2871,2022/11/27 21:45,4.22,4.05,2.85
2872,2022/11/27 22:00,4.34,4.05,4.19
2873,2022/11/27 22:15,4.46,4.05,5.09
2874,2022/11/27 22:30,4.57,4.05,5.16
2875,2022/11/27 22:45,4.68,2.9,5.26
2876,2022/11/27 23:00,4.78,4.43,5.49
2877,2022/11/27 23:15,4.89,3.67,6.06
2878,2022/11/27 23:30,4.99,4.82,6.46
2879,2022/11/27 23:45,5.1,4.82,7.6
2880,2022/11/28 0:00,5.24,5.58,12.89
2881,2022/11/28 0:15,5.35,5.2,10.58
2882,2022/11/28 0:30,5.45,4.82,12.29
2883,2022/11/28 0:45,5.54,5.58,6.76
2884,2022/11/28 1:00,5.62,4.82,4.96
2885,2022/11/28 1:15,5.7,4.82,5.26
2886,2022/11/28 1:30,5.78,4.43,6.19
2887,2022/11/28 1:45,5.87,4.82,9.11
2888,2022/11/28 2:00,5.96,4.43,9.64
2889,2022/11/28 2:15,6.04,5.96,18.25
2890,2022/11/28 2:30,6.13,6.73,22.57
2891,2022/11/28 2:45,6.22,5.96,17.04
2892,2022/11/28 3:00,6.31,5.96,15.97
2893,2022/11/28 3:15,6.4,5.96,15.3
2894,2022/11/28 3:30,6.47,6.35,18.92
2895,2022/11/28 3:45,6.53,5.2,19.25
2896,2022/11/28 4:00,6.57,5.58,18.48
2897,2022/11/28 4:15,6.6,6.73,20.93
2898,2022/11/28 4:30,6.62,5.96,14.7
2899,2022/11/28 4:45,6.63,5.2,9.04
2900,2022/11/28 5:00,6.64,5.58,9.14
2901,2022/11/28 5:15,6.65,5.96,9.91
2902,2022/11/28 5:30,6.66,5.2,7.87
2903,2022/11/28 5:45,6.68,4.43,10.05
2904,2022/11/28 6:00,6.22,5.96,18.38
2905,2022/11/28 6:15,6.24,6.35,18.45
2906,2022/11/28 6:30,6.24,5.58,12.62
2907,2022/11/28 6:45,6.24,4.05,7.43
2908,2022/11/28 7:00,6.23,2.14,5.69
2909,2022/11/28 7:15,6.2,3.28,6.53
2910,2022/11/28 7:30,6.17,2.9,6.53
2911,2022/11/28 7:45,6.15,2.9,7.23
2912,2022/11/28 8:00,6.12,2.14,5.19
2913,2022/11/28 8:15,6.1,2.9,4.45
2914,2022/11/28 8:30,6.07,2.9,7.43
2915,2022/11/28 8:45,6.04,4.05,12.09
2916,2022/11/28 9:00,6.01,4.05,11.65
2917,2022/11/28 9:15,5.99,3.67,12.59
2918,2022/11/28 9:30,5.96,2.52,7.3
2919,2022/11/28 9:45,5.94,4.43,10.08
2920,2022/11/28 10:00,5.92,2.52,15.54
2921,2022/11/28 10:15,5.91,4.82,15.5
2922,2022/11/28 10:30,5.89,4.82,21.73
2923,2022/11/28 10:45,5.88,4.43,23.91
2924,2022/11/28 11:00,5.88,2.9,23.54
2925,2022/11/28 11:15,5.87,4.05,21.73
2926,2022/11/28 11:30,5.87,5.58,18.45
2927,2022/11/28 11:45,5.87,4.05,22.43
2928,2022/11/28 12:00,5.86,4.82,28.59
2929,2022/11/28 12:15,5.88,4.43,25.58
2930,2022/11/28 12:30,5.91,5.2,15.5
2931,2022/11/28 12:45,5.94,2.9,12.46
2932,2022/11/28 13:00,5.98,4.05,12.15
2933,2022/11/28 13:15,6.01,3.28,12.39
2934,2022/11/28 13:30,6.04,3.67,17.95
2935,2022/11/28 13:45,6.07,2.9,18.72
2936,2022/11/28 14:00,6.11,2.14,23.2
2937,2022/11/28 14:15,6.14,4.82,29.06
2938,2022/11/28 14:30,6.18,4.43,24.18
2939,2022/11/28 14:45,6.22,5.2,20.09
2940,2022/11/28 15:00,6.25,5.2,23.64
2941,2022/11/28 15:15,6.29,5.58,14.7
2942,2022/11/28 15:30,6.32,5.96,11.65
2943,2022/11/28 15:45,6.34,4.82,14
2944,2022/11/28 16:00,6.35,5.96,10.48
2945,2022/11/28 16:15,6.35,2.14,12.02
2946,2022/11/28 16:30,6.34,4.82,12.25
2947,2022/11/28 16:45,6.33,3.67,14.77
2948,2022/11/28 17:00,6.31,4.43,13.39
2949,2022/11/28 17:15,6.29,6.35,14
2950,2022/11/28 17:30,6.27,6.35,13.73
2951,2022/11/28 17:45,6.24,5.96,10.31
2952,2022/11/28 18:00,5.85,5.58,12.32
2953,2022/11/28 18:15,5.8,6.73,16.37
2954,2022/11/28 18:30,5.75,4.82,11.12
2955,2022/11/28 18:45,5.71,6.73,16.57
2956,2022/11/28 19:00,5.67,5.58,10.75
2957,2022/11/28 19:15,5.63,4.82,10.98
2958,2022/11/28 19:30,5.61,4.43,8
2959,2022/11/28 19:45,5.6,4.82,8.47
2960,2022/11/28 20:00,5.61,4.82,12.25
2961,2022/11/28 20:15,5.64,6.35,13.66
2962,2022/11/28 20:30,5.68,5.2,13.96
2963,2022/11/28 20:45,5.74,6.35,14.67
2964,2022/11/28 21:00,5.81,4.82,12.25
2965,2022/11/28 21:15,5.89,6.35,16.61
2966,2022/11/28 21:30,5.99,2.9,12.32
2967,2022/11/28 21:45,6.1,3.28,14.03
2968,2022/11/28 22:00,6.22,5.58,22.9
2969,2022/11/28 22:15,6.36,5.58,19.65
2970,2022/11/28 22:30,6.5,7.11,17.65
2971,2022/11/28 22:45,6.63,4.05,13.36
2972,2022/11/28 23:00,6.77,4.82,16.57
2973,2022/11/28 23:15,6.89,5.96,20.73
2974,2022/11/28 23:30,7.01,5.96,17.68
2975,2022/11/28 23:45,7.12,5.96,18.55
2976,2022/11/29 0:00,7.15,7.11,19.19
2977,2022/11/29 0:15,7.24,5.2,13.43
2978,2022/11/29 0:30,7.32,4.43,12.62
2979,2022/11/29 0:45,7.4,5.96,11.75
2980,2022/11/29 1:00,7.47,6.35,21.26
2981,2022/11/29 1:15,7.54,8.65,26.95
2982,2022/11/29 1:30,7.62,7.5,27.22
2983,2022/11/29 1:45,7.69,9.03,29.73
2984,2022/11/29 2:00,7.76,9.03,36.46
2985,2022/11/29 2:15,7.83,6.73,42.76
2986,2022/11/29 2:30,7.9,8.65,47.71
2987,2022/11/29 2:45,7.98,12.86,48.72
2988,2022/11/29 3:00,8.05,10.56,48.38
2989,2022/11/29 3:15,8.13,10.18,48.38
2990,2022/11/29 3:30,8.22,8.65,48.12
2991,2022/11/29 3:45,8.31,10.56,48.35
2992,2022/11/29 4:00,8.41,14.01,48.32
2993,2022/11/29 4:15,8.52,10.94,48.25
2994,2022/11/29 4:30,8.62,10.56,48.62
2995,2022/11/29 4:45,8.73,12.48,48.35
2996,2022/11/29 5:00,8.83,13.63,48.25
2997,2022/11/29 5:15,8.94,11.33,48.35
2998,2022/11/29 5:30,9.04,12.48,48.45
2999,2022/11/29 5:45,9.14,11.71,48.62
3000,2022/11/29 6:00,10.66,13.63,48.15
3001,2022/11/29 6:15,10.73,13.24,48.45
3002,2022/11/29 6:30,10.78,14.01,48.68
3003,2022/11/29 6:45,10.82,12.86,48.08
3004,2022/11/29 7:00,10.86,9.41,48.58
3005,2022/11/29 7:15,10.9,12.86,48.38
3006,2022/11/29 7:30,10.93,10.18,48.38
3007,2022/11/29 7:45,10.95,12.48,48.48
3008,2022/11/29 8:00,10.97,9.8,48.42
3009,2022/11/29 8:15,10.99,11.71,48.28
3010,2022/11/29 8:30,11,10.18,48.52
3011,2022/11/29 8:45,11.01,13.24,48.38
3012,2022/11/29 9:00,11.02,12.09,48.15
3013,2022/11/29 9:15,11.02,14.01,48.08
3014,2022/11/29 9:30,11.02,14.39,48.52
3015,2022/11/29 9:45,11.01,12.86,48.72
3016,2022/11/29 10:00,11.01,13.24,48.62
3017,2022/11/29 10:15,11,12.86,48.25
3018,2022/11/29 10:30,10.99,12.86,48.82
3019,2022/11/29 10:45,10.98,14.39,48.52
3020,2022/11/29 11:00,10.97,11.33,48.32
3021,2022/11/29 11:15,10.96,12.48,48.48
3022,2022/11/29 11:30,10.94,12.09,48.58
3023,2022/11/29 11:45,10.93,13.24,48.45
3024,2022/11/29 12:00,10.96,10.18,48.38
3025,2022/11/29 12:15,10.94,13.24,48.52
3026,2022/11/29 12:30,10.92,10.94,48.45
3027,2022/11/29 12:45,10.9,10.18,48.35
3028,2022/11/29 13:00,10.89,10.56,48.35
3029,2022/11/29 13:15,10.88,10.56,48.65
3030,2022/11/29 13:30,10.86,12.09,48.45
3031,2022/11/29 13:45,10.86,9.03,48.52
3032,2022/11/29 14:00,10.85,9.8,48.02
3033,2022/11/29 14:15,10.85,9.41,47.95
3034,2022/11/29 14:30,10.84,9.03,48.52
3035,2022/11/29 14:45,10.85,9.41,48.42
3036,2022/11/29 15:00,10.85,12.09,48.28
3037,2022/11/29 15:15,10.86,10.56,48.32
3038,2022/11/29 15:30,10.87,9.41,48.52
3039,2022/11/29 15:45,10.89,11.33,48.08
3040,2022/11/29 16:00,10.93,8.26,48.35
3041,2022/11/29 16:15,10.97,9.8,48.42
3042,2022/11/29 16:30,11.01,8.26,48.42
3043,2022/11/29 16:45,11.07,12.09,48.35
3044,2022/11/29 17:00,11.12,12.09,48.38
3045,2022/11/29 17:15,11.18,10.56,48.52
3046,2022/11/29 17:30,11.24,13.63,48.52
3047,2022/11/29 17:45,11.31,15.54,48.62
3048,2022/11/29 18:00,11.57,9.41,48.22
3049,2022/11/29 18:15,11.61,12.48,48.79
3050,2022/11/29 18:30,11.65,12.86,48.42
3051,2022/11/29 18:45,11.68,10.56,48.55
3052,2022/11/29 19:00,11.71,12.48,48.22
3053,2022/11/29 19:15,11.73,10.94,48.25
3054,2022/11/29 19:30,11.75,12.86,48.32
3055,2022/11/29 19:45,11.76,10.56,48.15
3056,2022/11/29 20:00,11.76,10.18,48.18
3057,2022/11/29 20:15,11.76,13.24,48.62
3058,2022/11/29 20:30,11.74,11.33,48.45
3059,2022/11/29 20:45,11.72,12.86,48.08
3060,2022/11/29 21:00,11.69,13.24,48.52
3061,2022/11/29 21:15,11.65,9.8,48.28
3062,2022/11/29 21:30,11.61,11.71,48.38
3063,2022/11/29 21:45,11.55,13.24,48.35
3064,2022/11/29 22:00,11.5,14.77,48.92
3065,2022/11/29 22:15,11.43,12.86,48.35
3066,2022/11/29 22:30,11.37,13.24,48.32
3067,2022/11/29 22:45,11.31,16.31,48.22
3068,2022/11/29 23:00,11.26,14.01,48.55
3069,2022/11/29 23:15,11.21,10.94,48.45
3070,2022/11/29 23:30,11.16,14.77,48.52
3071,2022/11/29 23:45,11.12,12.48,48.48
3072,2022/11/30 0:00,11.09,16.69,48.89
3073,2022/11/30 0:15,11.05,13.24,48.42
3074,2022/11/30 0:30,11.01,12.86,47.95
3075,2022/11/30 0:45,10.97,13.24,48.42
3076,2022/11/30 1:00,10.93,13.24,48.05
3077,2022/11/30 1:15,10.89,14.39,48.32
3078,2022/11/30 1:30,10.85,12.48,48.18
3079,2022/11/30 1:45,10.81,11.33,47.88
3080,2022/11/30 2:00,10.77,11.33,48.08
3081,2022/11/30 2:15,10.72,11.71,48.45
3082,2022/11/30 2:30,10.68,9.8,48.18
3083,2022/11/30 2:45,10.63,12.86,48.68
3084,2022/11/30 3:00,10.59,12.86,47.98
3085,2022/11/30 3:15,10.54,9.03,48.55
3086,2022/11/30 3:30,10.5,12.86,48.15
3087,2022/11/30 3:45,10.47,14.77,48.38
3088,2022/11/30 4:00,10.44,9.41,48.68
3089,2022/11/30 4:15,10.41,13.24,47.95
3090,2022/11/30 4:30,10.39,14.39,48.65
3091,2022/11/30 4:45,10.37,12.48,48.58
3092,2022/11/30 5:00,10.36,12.86,48.52
3093,2022/11/30 5:15,10.36,11.33,48.32
3094,2022/11/30 5:30,10.35,11.71,48.65
3095,2022/11/30 5:45,10.35,11.33,46.34
3096,2022/11/30 6:00,10.3,9.8,47.75
3097,2022/11/30 6:15,10.29,12.09,48.02
3098,2022/11/30 6:30,10.28,9.41,48.42
3099,2022/11/30 6:45,10.29,9.03,48.25
3100,2022/11/30 7:00,10.31,11.71,45.84
3101,2022/11/30 7:15,10.33,11.33,45.74
3102,2022/11/30 7:30,10.36,9.41,45.3
3103,2022/11/30 7:45,10.4,12.09,47.75
3104,2022/11/30 8:00,10.43,12.86,48.35
3105,2022/11/30 8:15,10.47,12.48,48.68
3106,2022/11/30 8:30,10.51,10.18,48.42
3107,2022/11/30 8:45,10.56,12.48,48.32
3108,2022/11/30 9:00,10.6,12.48,48.35
3109,2022/11/30 9:15,10.65,10.18,48.32
3110,2022/11/30 9:30,10.7,11.71,48.05
3111,2022/11/30 9:45,10.75,12.48,47.98
3112,2022/11/30 10:00,10.8,10.56,48.08
3113,2022/11/30 10:15,10.85,12.48,48.48
3114,2022/11/30 10:30,10.89,10.94,48.05
3115,2022/11/30 10:45,10.92,12.09,48.62
3116,2022/11/30 11:00,10.95,13.63,48.18
3117,2022/11/30 11:15,10.97,15.16,48.28
3118,2022/11/30 11:30,10.98,12.86,48.65
3119,2022/11/30 11:45,10.99,12.48,48.85
3120,2022/11/30 12:00,10.99,10.94,48.22
3121,2022/11/30 12:15,10.98,9.8,47.78
3122,2022/11/30 12:30,10.97,11.33,48.25
3123,2022/11/30 12:45,10.95,10.56,46.54
3124,2022/11/30 13:00,10.92,10.18,48.18
3125,2022/11/30 13:15,10.9,15.54,48.48
3126,2022/11/30 13:30,10.87,13.24,48.38
3127,2022/11/30 13:45,10.84,12.09,48.35
3128,2022/11/30 14:00,10.81,12.09,48.28
3129,2022/11/30 14:15,10.78,12.09,48.35
3130,2022/11/30 14:30,10.75,12.48,48.28
3131,2022/11/30 14:45,10.71,12.09,48.32
3132,2022/11/30 15:00,10.67,10.56,48.62
3133,2022/11/30 15:15,10.62,11.71,48.28
3134,2022/11/30 15:30,10.57,10.56,48.25
3135,2022/11/30 15:45,10.54,13.63,48.35
3136,2022/11/30 16:00,10.5,7.5,48.32
3137,2022/11/30 16:15,10.48,11.33,47.21
3138,2022/11/30 16:30,10.46,8.65,48.35
3139,2022/11/30 16:45,10.45,8.26,48.45
3140,2022/11/30 17:00,10.45,10.18,48.45
3141,2022/11/30 17:15,10.45,11.71,48.38
3142,2022/11/30 17:30,10.46,10.18,48.08
3143,2022/11/30 17:45,10.47,10.18,48.28
3144,2022/11/30 18:00,10.54,10.94,48.68
3145,2022/11/30 18:15,10.53,11.33,47.85
3146,2022/11/30 18:30,10.52,12.09,48.25
3147,2022/11/30 18:45,10.51,10.94,48.42
3148,2022/11/30 19:00,10.5,9.03,48.15
3149,2022/11/30 19:15,10.49,12.48,48.68
3150,2022/11/30 19:30,10.48,11.71,48.72
3151,2022/11/30 19:45,10.47,12.09,48.22
3152,2022/11/30 20:00,10.45,10.18,48.42
3153,2022/11/30 20:15,10.42,12.09,48.12
3154,2022/11/30 20:30,10.39,10.94,44.93
3155,2022/11/30 20:45,10.35,12.48,48.38
3156,2022/11/30 21:00,10.31,12.09,48.22
3157,2022/11/30 21:15,10.26,11.33,48.65
3158,2022/11/30 21:30,10.21,12.09,48.38
3159,2022/11/30 21:45,10.15,10.56,48.32
3160,2022/11/30 22:00,10.09,11.33,48.22
3161,2022/11/30 22:15,10.02,11.33,48.28
3162,2022/11/30 22:30,9.95,12.09,48.42
3163,2022/11/30 22:45,9.88,11.71,48.48
3164,2022/11/30 23:00,9.82,11.33,48.45
3165,2022/11/30 23:15,9.75,9.41,47.08
3166,2022/11/30 23:30,9.69,11.33,46.31
3167,2022/11/30 23:45,9.63,7.5,47.85
3168,2022/12/1 0:00,9.6,10.18,44.33
3169,2022/12/1 0:15,9.54,9.8,42.72
3170,2022/12/1 0:30,9.49,9.41,40.15
3171,2022/12/1 0:45,9.43,7.5,40.92
3172,2022/12/1 1:00,9.38,9.8,37.6
3173,2022/12/1 1:15,9.33,9.41,40.78
3174,2022/12/1 1:30,9.28,8.65,38.51
3175,2022/12/1 1:45,9.23,8.26,41.42
3176,2022/12/1 2:00,9.18,8.65,39.01
3177,2022/12/1 2:15,9.14,7.88,42.36
3178,2022/12/1 2:30,9.09,8.26,40.51
3179,2022/12/1 2:45,9.05,9.03,37.7
3180,2022/12/1 3:00,9,10.56,39.78
3181,2022/12/1 3:15,8.96,7.88,36.6
3182,2022/12/1 3:30,8.91,7.11,36.23
3183,2022/12/1 3:45,8.87,7.11,34.82
3184,2022/12/1 4:00,8.82,7.5,33.22
3185,2022/12/1 4:15,8.77,7.11,34.66
3186,2022/12/1 4:30,8.73,7.11,30.94
3187,2022/12/1 4:45,8.68,8.26,28.46
3188,2022/12/1 5:00,8.62,8.65,29.8
3189,2022/12/1 5:15,8.57,7.5,27.49
3190,2022/12/1 5:30,8.51,6.73,25.25
3191,2022/12/1 5:45,8.45,7.11,23.61
3192,2022/12/1 6:00,8.07,6.35,21.86
3193,2022/12/1 6:15,8,7.88,20.96
3194,2022/12/1 6:30,7.93,7.11,23.54
3195,2022/12/1 6:45,7.86,7.5,20.02
3196,2022/12/1 7:00,7.8,7.11,17.88
3197,2022/12/1 7:15,7.72,5.96,19.12
3198,2022/12/1 7:30,7.65,5.96,19.86
3199,2022/12/1 7:45,7.58,5.58,19.62
3200,2022/12/1 8:00,7.51,5.58,19.42
3201,2022/12/1 8:15,7.44,5.58,20.99
3202,2022/12/1 8:30,7.37,7.11,18.65
3203,2022/12/1 8:45,7.3,6.35,20.39
3204,2022/12/1 9:00,7.23,5.96,20.66
3205,2022/12/1 9:15,7.15,7.11,22.77
3206,2022/12/1 9:30,7.09,6.35,19.15
3207,2022/12/1 9:45,7.03,6.35,20.76
3208,2022/12/1 10:00,6.98,6.35,21.4
3209,2022/12/1 10:15,6.94,7.5,24.31
3210,2022/12/1 10:30,6.9,5.96,20.02
3211,2022/12/1 10:45,6.87,5.96,17.31
3212,2022/12/1 11:00,6.85,6.73,20.16
3213,2022/12/1 11:15,6.84,6.73,22.67
3214,2022/12/1 11:30,6.83,6.35,26.38
3215,2022/12/1 11:45,6.82,7.11,25.25
3216,2022/12/1 12:00,6.83,6.35,22.63
3217,2022/12/1 12:15,6.84,7.5,22.43
3218,2022/12/1 12:30,6.86,7.11,28.33
3219,2022/12/1 12:45,6.9,5.96,31.31
3220,2022/12/1 13:00,6.94,5.58,30.64
3221,2022/12/1 13:15,6.98,9.03,28.03
3222,2022/12/1 13:30,7.03,8.65,34.29
3223,2022/12/1 13:45,7.07,7.11,29.13
3224,2022/12/1 14:00,7.11,7.5,32.18
3225,2022/12/1 14:15,7.15,9.41,34.29
3226,2022/12/1 14:30,7.19,7.5,29.57
3227,2022/12/1 14:45,7.23,7.5,33.38
3228,2022/12/1 15:00,7.26,5.96,29.67
3229,2022/12/1 15:15,7.29,8.65,30.7
3230,2022/12/1 15:30,7.33,7.88,25.38
3231,2022/12/1 15:45,7.37,8.26,20.29
3232,2022/12/1 16:00,7.42,7.5,21.53
3233,2022/12/1 16:15,7.47,7.11,20.29
3234,2022/12/1 16:30,7.53,5.2,20.93
3235,2022/12/1 16:45,7.59,6.35,17.28
3236,2022/12/1 17:00,7.66,5.96,19.29
3237,2022/12/1 17:15,7.73,5.58,15.87
3238,2022/12/1 17:30,7.82,4.82,13.23
3239,2022/12/1 17:45,7.91,4.43,7.9
3240,2022/12/1 18:00,7.97,3.28,7.4
3241,2022/12/1 18:15,8.07,4.82,9.91
3242,2022/12/1 18:30,8.17,6.35,19.69
3243,2022/12/1 18:45,8.28,7.5,34.92
3244,2022/12/1 19:00,8.38,9.03,44.97
3245,2022/12/1 19:15,8.49,10.56,45.6
3246,2022/12/1 19:30,8.59,9.8,44.33
3247,2022/12/1 19:45,8.67,10.18,43.09
3248,2022/12/1 20:00,8.75,8.26,37.94
3249,2022/12/1 20:15,8.82,9.03,40.08
3250,2022/12/1 20:30,8.88,8.65,41.82
3251,2022/12/1 20:45,8.93,10.18,46.14
3252,2022/12/1 21:00,8.98,8.26,43.43
3253,2022/12/1 21:15,9.01,5.96,39.51
3254,2022/12/1 21:30,9.04,8.26,37.7
3255,2022/12/1 21:45,9.07,7.88,37.67
3256,2022/12/1 22:00,9.09,8.26,39.95
3257,2022/12/1 22:15,9.11,7.5,39.24
3258,2022/12/1 22:30,9.13,8.26,39.64
3259,2022/12/1 22:45,9.15,5.58,38.07
3260,2022/12/1 23:00,9.16,9.41,38.31
3261,2022/12/1 23:15,9.17,8.65,40.72
3262,2022/12/1 23:30,9.17,8.26,39.54
3263,2022/12/1 23:45,9.17,10.94,42.19
3264,2022/12/2 0:00,9.12,10.18,43.76
3265,2022/12/2 0:15,9.11,8.26,39.34
3266,2022/12/2 0:30,9.09,8.26,42.93
3267,2022/12/2 0:45,9.07,7.5,38.71
3268,2022/12/2 1:00,9.06,6.35,36.97
3269,2022/12/2 1:15,9.04,6.35,34.89
3270,2022/12/2 1:30,9.02,7.88,34.66
3271,2022/12/2 1:45,9.01,7.5,36.2
3272,2022/12/2 2:00,9,7.5,39.01
3273,2022/12/2 2:15,8.99,6.73,36.97
3274,2022/12/2 2:30,8.99,7.5,39.61
3275,2022/12/2 2:45,8.99,8.65,43.26
3276,2022/12/2 3:00,8.99,7.88,42.69
3277,2022/12/2 3:15,9,7.88,44.57
3278,2022/12/2 3:30,9.01,9.03,46.07
3279,2022/12/2 3:45,9.03,9.8,48.42
3280,2022/12/2 4:00,9.06,9.8,48.12
3281,2022/12/2 4:15,9.09,9.03,48.38
3282,2022/12/2 4:30,9.12,10.18,47.95
3283,2022/12/2 4:45,9.15,9.03,48.18
3284,2022/12/2 5:00,9.17,9.03,46.88
3285,2022/12/2 5:15,9.2,9.8,48.02
3286,2022/12/2 5:30,9.22,10.56,46.14
3287,2022/12/2 5:45,9.25,10.18,48.38
3288,2022/12/2 6:00,9.2,9.03,46.84
3289,2022/12/2 6:15,9.21,9.8,47.48
3290,2022/12/2 6:30,9.23,9.41,46.61
3291,2022/12/2 6:45,9.24,8.26,44.67
3292,2022/12/2 7:00,9.24,8.26,44.73
3293,2022/12/2 7:15,9.25,9.41,45.37
3294,2022/12/2 7:30,9.26,7.11,43.73
3295,2022/12/2 7:45,9.26,7.88,39.01
3296,2022/12/2 8:00,9.27,7.5,39.78
3297,2022/12/2 8:15,9.28,8.26,43.26
3298,2022/12/2 8:30,9.28,8.26,46.74
3299,2022/12/2 8:45,9.29,7.5,42.86
3300,2022/12/2 9:00,9.31,10.56,44.03
3301,2022/12/2 9:15,9.32,9.03,48.12
3302,2022/12/2 9:30,9.33,9.03,44.83
3303,2022/12/2 9:45,9.34,10.18,43.63
3304,2022/12/2 10:00,9.36,10.18,46.74
3305,2022/12/2 10:15,9.37,7.11,47.85
3306,2022/12/2 10:30,9.38,10.18,47.14
3307,2022/12/2 10:45,9.4,9.03,44.06
3308,2022/12/2 11:00,9.41,10.56,46.47
3309,2022/12/2 11:15,9.42,9.8,47.61
3310,2022/12/2 11:30,9.44,8.26,45
3311,2022/12/2 11:45,9.45,8.65,47.88
3312,2022/12/2 12:00,9.53,9.03,45.81
3313,2022/12/2 12:15,9.54,11.33,48.48
3314,2022/12/2 12:30,9.55,9.8,47.71
3315,2022/12/2 12:45,9.55,8.65,43.23
3316,2022/12/2 13:00,9.55,10.94,48.45
3317,2022/12/2 13:15,9.55,8.65,47.61
3318,2022/12/2 13:30,9.53,10.94,48.05
3319,2022/12/2 13:45,9.51,11.33,48.42
3320,2022/12/2 14:00,9.49,10.94,48.08
3321,2022/12/2 14:15,9.45,12.48,48.38
3322,2022/12/2 14:30,9.42,11.33,48.32
3323,2022/12/2 14:45,9.37,13.63,48.52
3324,2022/12/2 15:00,9.33,11.71,48.22
3325,2022/12/2 15:15,9.27,9.41,47.28
3326,2022/12/2 15:30,9.22,8.65,47.88
3327,2022/12/2 15:45,9.17,7.88,46.44
3328,2022/12/2 16:00,9.11,9.41,43.83
3329,2022/12/2 16:15,9.05,9.8,47.31
3330,2022/12/2 16:30,9,9.8,47.38
3331,2022/12/2 16:45,8.94,9.8,45.5
3332,2022/12/2 17:00,8.88,9.8,42.32
3333,2022/12/2 17:15,8.83,8.65,40.95
3334,2022/12/2 17:30,8.77,9.8,45.3
3335,2022/12/2 17:45,8.72,10.56,48.35
3336,2022/12/2 18:00,8.42,9.8,47.55
3337,2022/12/2 18:15,8.34,8.26,40.82
3338,2022/12/2 18:30,8.27,7.5,28.39
3339,2022/12/2 18:45,8.2,6.73,25.11
3340,2022/12/2 19:00,8.14,6.35,22.74
3341,2022/12/2 19:15,8.09,6.35,23.57
3342,2022/12/2 19:30,8.04,6.35,22.7
3343,2022/12/2 19:45,8,7.5,30.8
3344,2022/12/2 20:00,7.97,6.73,29.47
3345,2022/12/2 20:15,7.94,7.88,36.06
3346,2022/12/2 20:30,7.91,8.26,38.87
3347,2022/12/2 20:45,7.89,7.11,31.91
3348,2022/12/2 21:00,7.87,7.11,26.32
3349,2022/12/2 21:15,7.85,6.73,23.17
3350,2022/12/2 21:30,7.83,7.5,24.64
3351,2022/12/2 21:45,7.82,7.5,26.59
3352,2022/12/2 22:00,7.81,5.96,18.05
3353,2022/12/2 22:15,7.82,5.96,17.38
3354,2022/12/2 22:30,7.83,5.58,18.92
3355,2022/12/2 22:45,7.85,5.58,14.87
3356,2022/12/2 23:00,7.88,5.96,23.61
3357,2022/12/2 23:15,7.91,7.11,29.43
3358,2022/12/2 23:30,7.96,7.5,32.95
3359,2022/12/2 23:45,8.01,8.65,33.48
3360,2022/12/3 0:00,8.05,5.96,29.33
3361,2022/12/3 0:15,8.13,5.58,29.63
3362,2022/12/3 0:30,8.23,4.05,35.66
3363,2022/12/3 0:45,8.34,5.96,37.94
3364,2022/12/3 1:00,8.47,5.2,41.95
3365,2022/12/3 1:15,8.62,9.8,45.14
3366,2022/12/3 1:30,8.78,7.11,47.95
3367,2022/12/3 1:45,8.95,6.73,46.47
3368,2022/12/3 2:00,9.12,7.88,48.35
3369,2022/12/3 2:15,9.3,9.41,48.45
3370,2022/12/3 2:30,9.46,9.41,46.01
3371,2022/12/3 2:45,9.62,7.5,45.5
3372,2022/12/3 3:00,9.77,9.8,36.76
3373,2022/12/3 3:15,9.89,7.11,32.14
3374,2022/12/3 3:30,10.01,5.2,32.95
3375,2022/12/3 3:45,10.1,7.5,40.48
3376,2022/12/3 4:00,10.17,7.88,40.28
3377,2022/12/3 4:15,10.23,9.03,46.14
3378,2022/12/3 4:30,10.26,7.5,48.15
3379,2022/12/3 4:45,10.27,9.41,48.45
3380,2022/12/3 5:00,10.26,11.71,48.65
3381,2022/12/3 5:15,10.24,8.65,48.22
3382,2022/12/3 5:30,10.19,10.18,48.35
3383,2022/12/3 5:45,10.13,9.03,47.14
3384,2022/12/3 6:00,10.07,9.03,48.58
3385,2022/12/3 6:15,9.96,9.03,48.45
3386,2022/12/3 6:30,9.85,9.41,48.32
3387,2022/12/3 6:45,9.73,11.33,47.88
3388,2022/12/3 7:00,9.59,9.03,48.32
3389,2022/12/3 7:15,9.46,8.26,48.58
3390,2022/12/3 7:30,9.32,7.88,46.37
3391,2022/12/3 7:45,9.19,8.65,47.58
3392,2022/12/3 8:00,9.06,9.8,46.04
3393,2022/12/3 8:15,8.94,8.65,47.25
3394,2022/12/3 8:30,8.81,10.18,44.5
3395,2022/12/3 8:45,8.69,9.8,47.75
3396,2022/12/3 9:00,8.58,7.88,43.9
3397,2022/12/3 9:15,8.47,10.18,46.24
3398,2022/12/3 9:30,8.38,5.96,44.06
3399,2022/12/3 9:45,8.29,8.65,44
3400,2022/12/3 10:00,8.22,10.18,43.19
3401,2022/12/3 10:15,8.16,5.2,44.33
3402,2022/12/3 10:30,8.11,9.8,43.7
3403,2022/12/3 10:45,8.07,9.03,44.06
3404,2022/12/3 11:00,8.04,7.88,47.58
3405,2022/12/3 11:15,8.01,9.41,45.77
3406,2022/12/3 11:30,7.98,10.94,45.97
3407,2022/12/3 11:45,7.96,8.65,41.35
3408,2022/12/3 12:00,7.93,10.18,45.17
3409,2022/12/3 12:15,7.91,7.88,41.12
3410,2022/12/3 12:30,7.9,9.8,43.46
3411,2022/12/3 12:45,7.89,9.41,43.8
3412,2022/12/3 13:00,7.88,9.8,41.12
3413,2022/12/3 13:15,7.87,7.88,42.29
3414,2022/12/3 13:30,7.85,7.5,35.46
3415,2022/12/3 13:45,7.83,7.11,36.36
3416,2022/12/3 14:00,7.8,9.41,40.72
3417,2022/12/3 14:15,7.77,7.5,36.26
3418,2022/12/3 14:30,7.74,9.03,40.51
3419,2022/12/3 14:45,7.71,8.65,36.93
3420,2022/12/3 15:00,7.69,8.65,40.65
3421,2022/12/3 15:15,7.66,7.5,40.65
3422,2022/12/3 15:30,7.64,9.03,41.25
3423,2022/12/3 15:45,7.63,10.94,43.46
3424,2022/12/3 16:00,7.63,9.03,44.57
3425,2022/12/3 16:15,7.65,9.41,42.69
3426,2022/12/3 16:30,7.67,11.71,45.91
3427,2022/12/3 16:45,7.7,9.8,48.42
3428,2022/12/3 17:00,7.74,9.41,46.91
3429,2022/12/3 17:15,7.78,9.8,42.29
3430,2022/12/3 17:30,7.84,9.41,42.19
3431,2022/12/3 17:45,7.89,10.56,43.9
3432,2022/12/3 18:00,8.34,12.09,47.14
3433,2022/12/3 18:15,8.38,10.18,48.18
3434,2022/12/3 18:30,8.42,10.56,47.68
3435,2022/12/3 18:45,8.47,10.94,48.42
3436,2022/12/3 19:00,8.52,10.56,45.34
3437,2022/12/3 19:15,8.57,9.41,47.91
3438,2022/12/3 19:30,8.62,9.41,48.48
3439,2022/12/3 19:45,8.67,9.8,48.35
3440,2022/12/3 20:00,8.7,10.56,48.42
3441,2022/12/3 20:15,8.73,12.86,48.38
3442,2022/12/3 20:30,8.75,12.09,48.58
3443,2022/12/3 20:45,8.76,10.94,48.42
3444,2022/12/3 21:00,8.77,11.71,48.48
3445,2022/12/3 21:15,8.77,9.8,48.38
3446,2022/12/3 21:30,8.76,9.41,48.35
3447,2022/12/3 21:45,8.75,9.03,47.81
3448,2022/12/3 22:00,8.73,10.18,46.31
3449,2022/12/3 22:15,8.7,9.41,46.34
3450,2022/12/3 22:30,8.67,9.03,45.04
3451,2022/12/3 22:45,8.62,6.73,43.43
3452,2022/12/3 23:00,8.56,9.41,44.27
3453,2022/12/3 23:15,8.5,7.88,46.04
3454,2022/12/3 23:30,8.43,8.65,46.61
3455,2022/12/3 23:45,8.36,9.41,47.61
3456,2022/12/4 0:00,8.28,8.65,45.57
3457,2022/12/4 0:15,8.2,8.26,45
3458,2022/12/4 0:30,8.12,8.65,44.3
3459,2022/12/4 0:45,8.05,8.26,40.18
3460,2022/12/4 1:00,7.97,7.5,31.91
3461,2022/12/4 1:15,7.9,8.26,31.88
3462,2022/12/4 1:30,7.83,8.65,28.59
3463,2022/12/4 1:45,7.77,8.65,33.65
3464,2022/12/4 2:00,7.7,9.41,38.2
3465,2022/12/4 2:15,7.65,8.65,35.06
3466,2022/12/4 2:30,7.59,9.03,36.6
3467,2022/12/4 2:45,7.54,8.26,37.84
3468,2022/12/4 3:00,7.49,8.26,38.2
3469,2022/12/4 3:15,7.44,6.73,31.17
3470,2022/12/4 3:30,7.4,6.35,26.79
3471,2022/12/4 3:45,7.37,6.73,25.21
3472,2022/12/4 4:00,7.33,6.35,19.32
3473,2022/12/4 4:15,7.3,5.96,21.86
3474,2022/12/4 4:30,7.27,5.96,21.06
3475,2022/12/4 4:45,7.25,4.05,15.07
3476,2022/12/4 5:00,7.22,5.2,14.87
3477,2022/12/4 5:15,7.19,6.73,18.75
3478,2022/12/4 5:30,7.17,5.58,25.01
3479,2022/12/4 5:45,7.14,7.11,27.86
3480,2022/12/4 6:00,7.3,8.65,26.82
3481,2022/12/4 6:15,7.26,6.35,20.63
3482,2022/12/4 6:30,7.22,5.2,15.47
3483,2022/12/4 6:45,7.19,5.96,17.08
3484,2022/12/4 7:00,7.15,5.58,16.91
3485,2022/12/4 7:15,7.12,5.2,17.48
3486,2022/12/4 7:30,7.08,5.2,18.38
3487,2022/12/4 7:45,7.04,5.96,19.05
3488,2022/12/4 8:00,7.01,7.11,26.75
3489,2022/12/4 8:15,6.97,7.11,20.09
3490,2022/12/4 8:30,6.93,6.73,18.42
3491,2022/12/4 8:45,6.9,5.96,12.19
3492,2022/12/4 9:00,6.86,4.82,14.23
3493,2022/12/4 9:15,6.82,5.2,12.22
3494,2022/12/4 9:30,6.79,4.43,12.59
3495,2022/12/4 9:45,6.77,5.58,13.46
3496,2022/12/4 10:00,6.76,5.58,11.22
3497,2022/12/4 10:15,6.75,5.58,10.95
3498,2022/12/4 10:30,6.74,5.58,10.71
3499,2022/12/4 10:45,6.74,3.67,12.36
3500,2022/12/4 11:00,6.75,4.82,7.77
3501,2022/12/4 11:15,6.77,4.82,7.97
3502,2022/12/4 11:30,6.79,5.2,9.84
3503,2022/12/4 11:45,6.82,5.96,11.92
3504,2022/12/4 12:00,6.86,6.73,17.95
3505,2022/12/4 12:15,6.9,5.96,15.4
3506,2022/12/4 12:30,6.94,4.43,14.93
3507,2022/12/4 12:45,6.98,5.2,21.09
3508,2022/12/4 13:00,7.03,6.35,17.58
3509,2022/12/4 13:15,7.07,2.9,14.73
3510,2022/12/4 13:30,7.12,6.35,18.75
3511,2022/12/4 13:45,7.16,5.96,20.29
3512,2022/12/4 14:00,7.19,4.43,18.05
3513,2022/12/4 14:15,7.22,7.11,20.49
3514,2022/12/4 14:30,7.25,6.35,18.88
3515,2022/12/4 14:45,7.27,7.11,24.34
3516,2022/12/4 15:00,7.29,5.96,20.49
3517,2022/12/4 15:15,7.3,7.5,18.08
3518,2022/12/4 15:30,7.3,4.82,17.75
3519,2022/12/4 15:45,7.3,7.5,20.66
3520,2022/12/4 16:00,7.29,6.73,24.58
3521,2022/12/4 16:15,7.29,7.5,26.42
3522,2022/12/4 16:30,7.28,7.11,23.81
3523,2022/12/4 16:45,7.27,7.5,22.37
3524,2022/12/4 17:00,7.26,6.35,18.88
3525,2022/12/4 17:15,7.25,6.35,17.78
3526,2022/12/4 17:30,7.25,5.96,17.78
3527,2022/12/4 17:45,7.25,6.73,27.72
3528,2022/12/4 18:00,7.18,7.88,34.72
3529,2022/12/4 18:15,7.19,7.11,31.61
3530,2022/12/4 18:30,7.2,6.73,35.06
3531,2022/12/4 18:45,7.22,8.65,43.53
3532,2022/12/4 19:00,7.24,7.11,35.99
3533,2022/12/4 19:15,7.27,5.96,30.3
3534,2022/12/4 19:30,7.3,9.03,38.97
3535,2022/12/4 19:45,7.33,7.5,29.93
3536,2022/12/4 20:00,7.36,7.5,32.58
3537,2022/12/4 20:15,7.4,5.96,24.64
3538,2022/12/4 20:30,7.44,6.35,19.12
3539,2022/12/4 20:45,7.47,5.96,19.35
3540,2022/12/4 21:00,7.51,6.73,24.78
3541,2022/12/4 21:15,7.55,7.88,28.96
3542,2022/12/4 21:30,7.58,7.5,28.26
3543,2022/12/4 21:45,7.6,7.5,32.01
3544,2022/12/4 22:00,7.62,8.65,37.97
3545,2022/12/4 22:15,7.63,8.26,37.3
3546,2022/12/4 22:30,7.64,7.88,35.99
3547,2022/12/4 22:45,7.64,7.5,36.03
3548,2022/12/4 23:00,7.64,8.26,37.37
3549,2022/12/4 23:15,7.63,9.03,39.04
3550,2022/12/4 23:30,7.62,8.26,35.63
3551,2022/12/4 23:45,7.6,9.03,41.18
3552,2022/12/5 0:00,7.57,9.8,43.73
3553,2022/12/5 0:15,7.55,7.5,42.49
3554,2022/12/5 0:30,7.52,10.18,46.44
3555,2022/12/5 0:45,7.49,9.03,37.9
3556,2022/12/5 1:00,7.45,7.5,16.14
3557,2022/12/5 1:15,7.4,5.58,13.39
3558,2022/12/5 1:30,7.36,4.43,19.22
3559,2022/12/5 1:45,7.32,5.2,22.57
3560,2022/12/5 2:00,7.28,6.73,29.6
3561,2022/12/5 2:15,7.23,6.73,34.25
3562,2022/12/5 2:30,7.19,7.5,28.39
3563,2022/12/5 2:45,7.15,7.88,20.93
3564,2022/12/5 3:00,7.11,5.58,15.94
3565,2022/12/5 3:15,7.07,5.58,18.55
3566,2022/12/5 3:30,7.03,6.73,24.18
3567,2022/12/5 3:45,6.99,6.73,27.39
3568,2022/12/5 4:00,6.95,6.35,28.8
3569,2022/12/5 4:15,6.91,4.82,26.42
3570,2022/12/5 4:30,6.88,5.96,28.56
3571,2022/12/5 4:45,6.85,7.11,21.6
3572,2022/12/5 5:00,6.83,5.96,20.46
3573,2022/12/5 5:15,6.8,5.96,17.14
3574,2022/12/5 5:30,6.79,5.58,21.03
3575,2022/12/5 5:45,6.77,6.73,20.06
3576,2022/12/5 6:00,6.68,6.73,16.31
3577,2022/12/5 6:15,6.67,5.58,18.68
3578,2022/12/5 6:30,6.66,7.11,24.54
3579,2022/12/5 6:45,6.64,7.88,24.48
3580,2022/12/5 7:00,6.63,7.11,14.93
3581,2022/12/5 7:15,6.6,6.73,17.55
3582,2022/12/5 7:30,6.57,7.88,23.91
3583,2022/12/5 7:45,6.54,8.26,26.12
3584,2022/12/5 8:00,6.51,7.88,22.74
3585,2022/12/5 8:15,6.47,7.11,15.87
3586,2022/12/5 8:30,6.43,6.73,14.87
3587,2022/12/5 8:45,6.38,6.73,15.23
3588,2022/12/5 9:00,6.34,5.96,9.88
3589,2022/12/5 9:15,6.29,5.96,10.31
3590,2022/12/5 9:30,6.25,5.58,10.31
3591,2022/12/5 9:45,6.21,4.43,11.79
3592,2022/12/5 10:00,6.18,3.67,12.96
3593,2022/12/5 10:15,6.16,5.58,12.05
3594,2022/12/5 10:30,6.15,5.58,11.75
3595,2022/12/5 10:45,6.16,5.58,12.29
3596,2022/12/5 11:00,6.18,6.35,12.62
3597,2022/12/5 11:15,6.21,6.35,17.41
3598,2022/12/5 11:30,6.26,5.58,23.04
3599,2022/12/5 11:45,6.32,5.58,23.4
3600,2022/12/5 12:00,6.42,5.58,19.35
3601,2022/12/5 12:15,6.49,4.82,25.55
3602,2022/12/5 12:30,6.59,7.5,18.11
3603,2022/12/5 12:45,6.69,7.11,27.66
3604,2022/12/5 13:00,6.81,7.5,27.05
3605,2022/12/5 13:15,6.93,7.11,26.02
3606,2022/12/5 13:30,7.06,8.26,30.74
3607,2022/12/5 13:45,7.18,7.88,35.22
3608,2022/12/5 14:00,7.3,9.41,36.53
3609,2022/12/5 14:15,7.41,5.96,36.23
3610,2022/12/5 14:30,7.53,9.03,38.07
3611,2022/12/5 14:45,7.63,9.8,39.24
3612,2022/12/5 15:00,7.74,6.35,35.63
3613,2022/12/5 15:15,7.84,4.82,36.3
3614,2022/12/5 15:30,7.94,8.65,32.88
3615,2022/12/5 15:45,8.05,8.26,33.48
3616,2022/12/5 16:00,8.15,7.5,33.12
3617,2022/12/5 16:15,8.26,7.88,32.95
3618,2022/12/5 16:30,8.37,7.5,26.02
3619,2022/12/5 16:45,8.48,7.5,32.91
3620,2022/12/5 17:00,8.58,8.65,35.22
3621,2022/12/5 17:15,8.68,8.65,29.5
3622,2022/12/5 17:30,8.78,8.65,41.95
3623,2022/12/5 17:45,8.88,9.03,38.94
3624,2022/12/5 18:00,8.97,9.03,45.2
3625,2022/12/5 18:15,9.09,10.94,48.42
3626,2022/12/5 18:30,9.19,9.8,44
3627,2022/12/5 18:45,9.29,11.33,48.32
3628,2022/12/5 19:00,9.39,12.86,48.22
3629,2022/12/5 19:15,9.48,11.71,48.38
3630,2022/12/5 19:30,9.57,12.09,48.38
3631,2022/12/5 19:45,9.64,10.18,48.42
3632,2022/12/5 20:00,9.71,11.33,47.48
3633,2022/12/5 20:15,9.76,11.33,48.68
3634,2022/12/5 20:30,9.81,9.41,44.2
3635,2022/12/5 20:45,9.85,9.41,46.21
3636,2022/12/5 21:00,9.87,10.56,44.87
3637,2022/12/5 21:15,9.9,11.71,47.65
3638,2022/12/5 21:30,9.91,10.56,47.35
3639,2022/12/5 21:45,9.92,10.18,47.71
3640,2022/12/5 22:00,9.92,11.33,48.38
3641,2022/12/5 22:15,9.92,11.33,46.27
3642,2022/12/5 22:30,9.92,12.48,48.32
3643,2022/12/5 22:45,9.92,11.71,48.38
3644,2022/12/5 23:00,9.92,11.71,48.18
3645,2022/12/5 23:15,9.91,10.56,48.15
3646,2022/12/5 23:30,9.91,10.94,48.05
3647,2022/12/5 23:45,9.91,12.09,48.38
3648,2022/12/6 0:00,9.92,11.71,48.28
3649,2022/12/6 0:15,9.93,9.41,48.28
3650,2022/12/6 0:30,9.93,9.41,46.27
3651,2022/12/6 0:45,9.93,11.33,41.08
3652,2022/12/6 1:00,9.93,10.94,43.76
3653,2022/12/6 1:15,9.93,9.8,43.8
3654,2022/12/6 1:30,9.93,8.26,43.26
3655,2022/12/6 1:45,9.93,9.03,44.87
3656,2022/12/6 2:00,9.93,8.65,42.42
3657,2022/12/6 2:15,9.93,9.03,46.44
3658,2022/12/6 2:30,9.92,8.65,45.3
3659,2022/12/6 2:45,9.92,9.03,47.21
3660,2022/12/6 3:00,9.91,10.56,47.48
3661,2022/12/6 3:15,9.9,7.11,45.57
3662,2022/12/6 3:30,9.89,10.56,49.25
3663,2022/12/6 3:45,9.88,9.41,46.71
3664,2022/12/6 4:00,9.86,9.8,48.28
3665,2022/12/6 4:15,9.85,10.18,48.25
3666,2022/12/6 4:30,9.83,11.33,48.38
3667,2022/12/6 4:45,9.81,11.33,48.48
3668,2022/12/6 5:00,9.79,11.71,48.38
3669,2022/12/6 5:15,9.78,10.18,47.58
3670,2022/12/6 5:30,9.76,9.41,45.37
3671,2022/12/6 5:45,9.74,9.8,46.58
3672,2022/12/6 6:00,10.28,9.8,47.55
3673,2022/12/6 6:15,10.27,9.8,48.45
3674,2022/12/6 6:30,10.26,10.18,48.45
3675,2022/12/6 6:45,10.26,10.94,48.38
3676,2022/12/6 7:00,10.26,10.56,48.45
3677,2022/12/6 7:15,10.26,10.56,48.25
3678,2022/12/6 7:30,10.26,10.94,48.42
3679,2022/12/6 7:45,10.27,9.41,44.8
3680,2022/12/6 8:00,10.28,9.03,37.17
3681,2022/12/6 8:15,10.29,6.73,30.34
3682,2022/12/6 8:30,10.3,8.65,27.66
3683,2022/12/6 8:45,10.31,6.35,30.77
3684,2022/12/6 9:00,10.32,10.56,41.29
3685,2022/12/6 9:15,10.33,10.56,43.33
3686,2022/12/6 9:30,10.34,10.18,39.51
3687,2022/12/6 9:45,10.36,7.5,37.1
3688,2022/12/6 10:00,10.37,8.65,46.07
3689,2022/12/6 10:15,10.4,9.03,48.42
3690,2022/12/6 10:30,10.42,9.41,48.35
3691,2022/12/6 10:45,10.44,14.01,48.35
3692,2022/12/6 11:00,10.46,11.71,48.38
3693,2022/12/6 11:15,10.48,11.33,47.81
3694,2022/12/6 11:30,10.49,7.88,47.31
3695,2022/12/6 11:45,10.5,10.18,48.32
3696,2022/12/6 12:00,10.6,10.56,48.25
3697,2022/12/6 12:15,10.61,13.24,48.52
3698,2022/12/6 12:30,10.62,12.86,48.25
3699,2022/12/6 12:45,10.63,9.8,48.42
3700,2022/12/6 13:00,10.65,11.71,47.91
3701,2022/12/6 13:15,10.67,11.33,48.25
3702,2022/12/6 13:30,10.69,12.86,48.22
3703,2022/12/6 13:45,10.71,11.71,48.25
3704,2022/12/6 14:00,10.73,12.09,48.45
3705,2022/12/6 14:15,10.75,11.33,48.45
3706,2022/12/6 14:30,10.78,12.09,48.68
3707,2022/12/6 14:45,10.8,10.18,48.45
3708,2022/12/6 15:00,10.82,10.56,48.18
3709,2022/12/6 15:15,10.84,12.48,48.38
3710,2022/12/6 15:30,10.86,11.33,48.62
3711,2022/12/6 15:45,10.89,10.56,48.32
3712,2022/12/6 16:00,10.92,12.09,48.35
3713,2022/12/6 16:15,10.95,9.8,48.45
3714,2022/12/6 16:30,10.98,9.8,46.04
3715,2022/12/6 16:45,11.01,10.56,47.78
3716,2022/12/6 17:00,11.04,9.8,48.18
3717,2022/12/6 17:15,11.07,10.18,48.62
3718,2022/12/6 17:30,11.09,14.39,48.25
3719,2022/12/6 17:45,11.12,12.48,48.32
3720,2022/12/6 18:00,11.07,7.88,45.44
3721,2022/12/6 18:15,11.1,9.41,36.9
3722,2022/12/6 18:30,11.13,10.94,43.39
3723,2022/12/6 18:45,11.15,12.09,47.85
3724,2022/12/6 19:00,11.17,9.8,45.97
3725,2022/12/6 19:15,11.18,10.94,43.13
3726,2022/12/6 19:30,11.19,10.94,47.91
3727,2022/12/6 19:45,11.19,10.94,48.38
3728,2022/12/6 20:00,11.18,10.56,48.42
3729,2022/12/6 20:15,11.17,13.24,48.18
3730,2022/12/6 20:30,11.15,12.86,48.08
3731,2022/12/6 20:45,11.13,11.33,48.68
3732,2022/12/6 21:00,11.1,9.8,48.32
3733,2022/12/6 21:15,11.06,11.71,48.38
3734,2022/12/6 21:30,11.03,11.71,48.42
3735,2022/12/6 21:45,10.99,13.63,48.32
3736,2022/12/6 22:00,10.96,12.48,48.28
3737,2022/12/6 22:15,10.93,10.94,48.45
3738,2022/12/6 22:30,10.89,10.94,48.32
3739,2022/12/6 22:45,10.86,10.56,48.65
3740,2022/12/6 23:00,10.84,10.18,48.35
3741,2022/12/6 23:15,10.82,13.63,48.48
3742,2022/12/6 23:30,10.8,12.86,48.45
3743,2022/12/6 23:45,10.78,11.71,48.25
3744,2022/12/7 0:00,10.87,11.33,48.58
3745,2022/12/7 0:15,10.86,12.86,48.25
3746,2022/12/7 0:30,10.86,13.24,48.62
3747,2022/12/7 0:45,10.86,13.24,48.45
3748,2022/12/7 1:00,10.87,12.48,48.32
3749,2022/12/7 1:15,10.88,13.24,48.52
3750,2022/12/7 1:30,10.88,14.01,48.38
3751,2022/12/7 1:45,10.89,12.86,48.22
3752,2022/12/7 2:00,10.89,11.71,48.45
3753,2022/12/7 2:15,10.89,12.09,48.72
3754,2022/12/7 2:30,10.89,11.33,48.32
3755,2022/12/7 2:45,10.88,11.71,48.58
3756,2022/12/7 3:00,10.87,11.71,48.28
3757,2022/12/7 3:15,10.85,12.48,48.38
3758,2022/12/7 3:30,10.81,15.16,48.38
3759,2022/12/7 3:45,10.77,14.01,48.45
3760,2022/12/7 4:00,10.71,12.09,48.45
3761,2022/12/7 4:15,10.65,10.94,48.12
3762,2022/12/7 4:30,10.57,9.03,47.38
3763,2022/12/7 4:45,10.48,10.56,47.31
3764,2022/12/7 5:00,10.39,10.18,47.98
3765,2022/12/7 5:15,10.28,9.03,47.61
3766,2022/12/7 5:30,10.17,11.33,47.18
3767,2022/12/7 5:45,10.05,7.11,45.77
3768,2022/12/7 6:00,9.78,8.65,42.32
3769,2022/12/7 6:15,9.67,8.65,42.22
3770,2022/12/7 6:30,9.56,9.8,43.63
3771,2022/12/7 6:45,9.44,10.56,47.31
3772,2022/12/7 7:00,9.32,9.03,43.39
3773,2022/12/7 7:15,9.19,10.56,48.28
3774,2022/12/7 7:30,9.07,10.94,48.25
3775,2022/12/7 7:45,8.95,11.33,41.65
3776,2022/12/7 8:00,8.84,8.26,37.94
3777,2022/12/7 8:15,8.72,8.26,30.54
3778,2022/12/7 8:30,8.61,5.2,22.07
3779,2022/12/7 8:45,8.5,6.35,22.7
3780,2022/12/7 9:00,8.39,5.58,21.06
3781,2022/12/7 9:15,8.29,5.58,22.63
3782,2022/12/7 9:30,8.19,5.58,19.52
3783,2022/12/7 9:45,8.08,4.82,22.63
3784,2022/12/7 10:00,7.98,7.5,21.8
3785,2022/12/7 10:15,7.88,5.96,23.3
3786,2022/12/7 10:30,7.78,5.58,23.2
3787,2022/12/7 10:45,7.68,6.73,19.45
3788,2022/12/7 11:00,7.59,5.96,20.79
3789,2022/12/7 11:15,7.49,6.73,24.07
3790,2022/12/7 11:30,7.4,6.73,22.17
3791,2022/12/7 11:45,7.31,5.2,24.01
3792,2022/12/7 12:00,7.2,7.88,25.92
3793,2022/12/7 12:15,7.11,8.26,30.87
3794,2022/12/7 12:30,7.03,7.11,25.72
3795,2022/12/7 12:45,6.95,5.96,27.32
3796,2022/12/7 13:00,6.87,5.2,20.69
3797,2022/12/7 13:15,6.8,6.73,23.71
3798,2022/12/7 13:30,6.73,6.35,25.61
3799,2022/12/7 13:45,6.68,7.5,23.27
3800,2022/12/7 14:00,6.62,8.26,21.26
3801,2022/12/7 14:15,6.58,4.43,18.58
3802,2022/12/7 14:30,6.54,5.58,14.77
3803,2022/12/7 14:45,6.51,3.28,14.43
3804,2022/12/7 15:00,6.48,6.35,16.07
3805,2022/12/7 15:15,6.46,5.96,17.04
3806,2022/12/7 15:30,6.45,5.58,17.21
3807,2022/12/7 15:45,6.44,5.96,16.24
3808,2022/12/7 16:00,6.43,4.82,15.1
3809,2022/12/7 16:15,6.43,5.96,11.35
3810,2022/12/7 16:30,6.42,5.58,11.25
3811,2022/12/7 16:45,6.41,5.58,10.75
3812,2022/12/7 17:00,6.4,5.2,8.77
3813,2022/12/7 17:15,6.38,5.58,6.13
3814,2022/12/7 17:30,6.35,5.2,4.89
3815,2022/12/7 17:45,6.31,4.82,5.02
3816,2022/12/7 18:00,5.84,4.05,4.79
3817,2022/12/7 18:15,5.8,4.43,4.15
3818,2022/12/7 18:30,5.77,2.14,2.14
3819,2022/12/7 18:45,5.74,2.52,0.77
3820,2022/12/7 19:00,5.73,2.52,0.1
3821,2022/12/7 19:15,5.72,2.9,0.37
3822,2022/12/7 19:30,5.72,3.28,0.37
3823,2022/12/7 19:45,5.74,3.28,0.44
3824,2022/12/7 20:00,5.76,3.28,0.4
3825,2022/12/7 20:15,5.8,3.67,0.37
3826,2022/12/7 20:30,5.86,3.67,0.33
3827,2022/12/7 20:45,5.93,3.67,2.41
3828,2022/12/7 21:00,6.02,3.28,0.7
3829,2022/12/7 21:15,6.13,5.96,6.7
3830,2022/12/7 21:30,6.24,4.43,7.13
3831,2022/12/7 21:45,6.35,8.26,26.42
3832,2022/12/7 22:00,6.46,7.11,17.71
3833,2022/12/7 22:15,6.57,9.03,33.45
3834,2022/12/7 22:30,6.67,8.65,46.04
3835,2022/12/7 22:45,6.75,10.18,46.17
3836,2022/12/7 23:00,6.81,10.18,47.81
3837,2022/12/7 23:15,6.86,9.41,45.4
3838,2022/12/7 23:30,6.89,7.5,46.04
3839,2022/12/7 23:45,6.91,8.65,44.16
3840,2022/12/8 0:00,6.79,9.41,46.61
3841,2022/12/8 0:15,6.76,6.73,47.98
3842,2022/12/8 0:30,6.72,9.03,46.27
3843,2022/12/8 0:45,6.66,10.56,45.44
3844,2022/12/8 1:00,6.58,8.65,44
3845,2022/12/8 1:15,6.49,8.26,43.46
3846,2022/12/8 1:30,6.39,9.41,46.21
3847,2022/12/8 1:45,6.3,9.8,42.26
3848,2022/12/8 2:00,6.21,6.35,39.81
3849,2022/12/8 2:15,6.12,7.88,34.96
3850,2022/12/8 2:30,6.04,4.05,26.85
3851,2022/12/8 2:45,5.97,6.35,28.73
3852,2022/12/8 3:00,5.91,5.96,30.91
3853,2022/12/8 3:15,5.86,5.58,24.34
3854,2022/12/8 3:30,5.82,7.5,23.84
3855,2022/12/8 3:45,5.81,8.26,20.96
3856,2022/12/8 4:00,5.81,7.11,20.83
3857,2022/12/8 4:15,5.82,7.11,20.22
3858,2022/12/8 4:30,5.85,5.96,12.09
3859,2022/12/8 4:45,5.89,8.26,22.74
3860,2022/12/8 5:00,5.93,8.65,24.91
3861,2022/12/8 5:15,5.98,7.5,19.92
3862,2022/12/8 5:30,6.03,8.26,20.93
3863,2022/12/8 5:45,6.08,7.88,22.74
3864,2022/12/8 6:00,6.19,7.11,22.77
3865,2022/12/8 6:15,6.23,7.5,27.09
3866,2022/12/8 6:30,6.27,7.88,29.97
3867,2022/12/8 6:45,6.31,8.26,29.93
3868,2022/12/8 7:00,6.34,7.88,24.98
3869,2022/12/8 7:15,6.36,7.5,20.36
3870,2022/12/8 7:30,6.37,6.73,15.8
3871,2022/12/8 7:45,6.38,6.73,16.47
3872,2022/12/8 8:00,6.39,6.73,17.55
3873,2022/12/8 8:15,6.4,7.88,22.53
3874,2022/12/8 8:30,6.4,6.35,21.06
3875,2022/12/8 8:45,6.4,7.88,22.17
3876,2022/12/8 9:00,6.39,7.5,19.49
3877,2022/12/8 9:15,6.37,7.11,20.19
3878,2022/12/8 9:30,6.35,6.73,16.11
3879,2022/12/8 9:45,6.34,5.58,12.32
3880,2022/12/8 10:00,6.32,5.96,11.25
3881,2022/12/8 10:15,6.3,4.43,12.76
3882,2022/12/8 10:30,6.29,5.96,12.12
3883,2022/12/8 10:45,6.29,5.58,10.82
3884,2022/12/8 11:00,6.3,5.2,12.89
3885,2022/12/8 11:15,6.31,5.58,16.37
3886,2022/12/8 11:30,6.33,6.35,13.66
3887,2022/12/8 11:45,6.36,5.96,14.53
3888,2022/12/8 12:00,6.43,6.73,18.45
3889,2022/12/8 12:15,6.46,7.11,22.43
3890,2022/12/8 12:30,6.51,6.73,22.97
3891,2022/12/8 12:45,6.56,7.11,32.48
3892,2022/12/8 13:00,6.63,8.26,25.51
3893,2022/12/8 13:15,6.7,6.73,28.83
3894,2022/12/8 13:30,6.77,5.2,19.09
3895,2022/12/8 13:45,6.84,6.73,20.12
3896,2022/12/8 14:00,6.92,4.82,14.87
3897,2022/12/8 14:15,6.99,5.58,14.43
3898,2022/12/8 14:30,7.07,5.58,13.83
3899,2022/12/8 14:45,7.14,7.11,20.29
3900,2022/12/8 15:00,7.22,9.03,22.5
3901,2022/12/8 15:15,7.3,7.88,25.31
3902,2022/12/8 15:30,7.38,7.5,32.01
3903,2022/12/8 15:45,7.46,9.03,37.57
3904,2022/12/8 16:00,7.55,7.11,31.98
3905,2022/12/8 16:15,7.63,7.88,32.48
3906,2022/12/8 16:30,7.72,8.26,38
3907,2022/12/8 16:45,7.8,7.88,35.06
3908,2022/12/8 17:00,7.88,8.26,35.49
3909,2022/12/8 17:15,7.95,8.65,35.32
3910,2022/12/8 17:30,8.03,7.88,35.32
3911,2022/12/8 17:45,8.1,8.65,39.38
3912,2022/12/8 18:00,7.84,8.26,39.78
3913,2022/12/8 18:15,7.89,8.65,41.22
3914,2022/12/8 18:30,7.94,8.26,35.26
3915,2022/12/8 18:45,7.98,8.26,33.99
3916,2022/12/8 19:00,8.01,7.88,28.86
3917,2022/12/8 19:15,8.04,7.5,27.46
3918,2022/12/8 19:30,8.06,8.26,32.65
3919,2022/12/8 19:45,8.07,8.26,40.41
3920,2022/12/8 20:00,8.08,9.03,43.19
3921,2022/12/8 20:15,8.09,10.18,45.94
3922,2022/12/8 20:30,8.09,10.56,47.08
3923,2022/12/8 20:45,8.08,9.41,47.48
3924,2022/12/8 21:00,8.07,9.03,45.3
3925,2022/12/8 21:15,8.06,9.8,47.95
3926,2022/12/8 21:30,8.04,11.71,48.52
3927,2022/12/8 21:45,8.01,10.94,48.42
3928,2022/12/8 22:00,7.98,11.33,48.08
3929,2022/12/8 22:15,7.93,9.8,45.17
3930,2022/12/8 22:30,7.88,10.94,46.98
3931,2022/12/8 22:45,7.83,10.18,48.42
3932,2022/12/8 23:00,7.77,10.56,48.38
3933,2022/12/8 23:15,7.72,10.94,48.65
3934,2022/12/8 23:30,7.65,11.33,48.38
3935,2022/12/8 23:45,7.59,10.94,48.42
3936,2022/12/9 0:00,7.51,11.33,48.42
3937,2022/12/9 0:15,7.43,10.56,48.48
3938,2022/12/9 0:30,7.36,10.18,48.65
3939,2022/12/9 0:45,7.29,10.94,47.91
3940,2022/12/9 1:00,7.21,9.03,44.7
3941,2022/12/9 1:15,7.13,9.03,46.81
3942,2022/12/9 1:30,7.06,10.56,47.01
3943,2022/12/9 1:45,6.99,9.8,45.77
3944,2022/12/9 2:00,6.92,10.18,45.57
3945,2022/12/9 2:15,6.86,9.8,42.39
3946,2022/12/9 2:30,6.8,8.65,38.44
3947,2022/12/9 2:45,6.74,7.5,40.58
3948,2022/12/9 3:00,6.69,7.11,38.17
3949,2022/12/9 3:15,6.64,7.11,38.84
3950,2022/12/9 3:30,6.6,7.88,36.06
3951,2022/12/9 3:45,6.56,8.65,35.19
3952,2022/12/9 4:00,6.53,7.5,31.27
3953,2022/12/9 4:15,6.5,7.5,30.74
3954,2022/12/9 4:30,6.48,7.11,31.64
3955,2022/12/9 4:45,6.47,7.11,23.51
3956,2022/12/9 5:00,6.46,3.67,23.47
3957,2022/12/9 5:15,6.45,5.58,24.21
3958,2022/12/9 5:30,6.45,4.05,18.21
3959,2022/12/9 5:45,6.45,7.5,22.03
3960,2022/12/9 6:00,6.37,5.96,24.21
3961,2022/12/9 6:15,6.38,5.96,20.79
3962,2022/12/9 6:30,6.38,7.5,17.65
3963,2022/12/9 6:45,6.37,5.96,14.13
3964,2022/12/9 7:00,6.36,5.2,12.82
3965,2022/12/9 7:15,6.35,5.58,12.99
3966,2022/12/9 7:30,6.33,5.58,11.35
3967,2022/12/9 7:45,6.31,5.58,11.32
3968,2022/12/9 8:00,6.28,5.58,12.49
3969,2022/12/9 8:15,6.24,6.35,13.66
3970,2022/12/9 8:30,6.2,7.11,14.9
3971,2022/12/9 8:45,6.14,6.35,13.96
3972,2022/12/9 9:00,6.08,5.2,11.99
3973,2022/12/9 9:15,6.02,5.58,10.58
3974,2022/12/9 9:30,5.95,5.96,8.1
3975,2022/12/9 9:45,5.89,3.28,6.4
3976,2022/12/9 10:00,5.82,3.28,3.45
3977,2022/12/9 10:15,5.77,4.43,3.75
3978,2022/12/9 10:30,5.72,4.82,6.43
3979,2022/12/9 10:45,5.69,4.82,6.03
3980,2022/12/9 11:00,5.67,5.2,7.2
3981,2022/12/9 11:15,5.66,5.2,7.2
3982,2022/12/9 11:30,5.66,4.82,12.36
3983,2022/12/9 11:45,5.68,5.2,10.88
3984,2022/12/9 12:00,5.77,6.73,14.83
3985,2022/12/9 12:15,5.82,5.58,14.36
3986,2022/12/9 12:30,5.87,4.43,16.37
3987,2022/12/9 12:45,5.93,6.35,18.75
3988,2022/12/9 13:00,6,6.35,16.54
3989,2022/12/9 13:15,6.09,4.43,20.96
3990,2022/12/9 13:30,6.17,6.35,14.4
3991,2022/12/9 13:45,6.25,5.2,12.15
3992,2022/12/9 14:00,6.33,5.96,10.05
3993,2022/12/9 14:15,6.41,5.2,8.47
3994,2022/12/9 14:30,6.49,4.05,9.11
3995,2022/12/9 14:45,6.56,5.58,22.53
3996,2022/12/9 15:00,6.64,6.73,22.97
3997,2022/12/9 15:15,6.71,8.26,23.4
3998,2022/12/9 15:30,6.77,6.73,23.87
3999,2022/12/9 15:45,6.84,7.88,27.99
4000,2022/12/9 16:00,6.9,8.26,31.11
4001,2022/12/9 16:15,6.95,7.5,21.7
4002,2022/12/9 16:30,7.01,6.35,13.76
4003,2022/12/9 16:45,7.06,5.58,12.92
4004,2022/12/9 17:00,7.11,6.35,14.87
4005,2022/12/9 17:15,7.16,5.96,14.83
4006,2022/12/9 17:30,7.21,7.88,20.96
4007,2022/12/9 17:45,7.26,6.35,22.97
4008,2022/12/9 18:00,7.34,6.73,24.81
4009,2022/12/9 18:15,7.39,7.88,28.36
4010,2022/12/9 18:30,7.44,7.88,32.08
4011,2022/12/9 18:45,7.48,7.5,28.46
4012,2022/12/9 19:00,7.5,7.11,26.05
4013,2022/12/9 19:15,7.53,8.26,30.37
4014,2022/12/9 19:30,7.54,8.26,33.28
4015,2022/12/9 19:45,7.55,8.26,34.09
4016,2022/12/9 20:00,7.55,7.88,31.84
4017,2022/12/9 20:15,7.54,7.88,32.68
4018,2022/12/9 20:30,7.53,7.11,32.31
4019,2022/12/9 20:45,7.51,7.11,31.57
4020,2022/12/9 21:00,7.49,7.5,30.07
4021,2022/12/9 21:15,7.46,7.88,32.85
4022,2022/12/9 21:30,7.42,8.65,34.02
4023,2022/12/9 21:45,7.38,8.65,34.66
4024,2022/12/9 22:00,7.34,7.11,32.24
4025,2022/12/9 22:15,7.28,7.11,37.97
4026,2022/12/9 22:30,7.24,7.11,36.33
4027,2022/12/9 22:45,7.19,8.65,39.11
4028,2022/12/9 23:00,7.14,7.88,36.3
4029,2022/12/9 23:15,7.1,8.26,37.3
4030,2022/12/9 23:30,7.06,6.73,37.53
4031,2022/12/9 23:45,7.02,7.88,40.28
4032,2022/12/10 0:00,7.01,7.5,39.74
4033,2022/12/10 0:15,6.97,7.11,37.87
4034,2022/12/10 0:30,6.92,7.5,39.61
4035,2022/12/10 0:45,6.87,6.35,36.66
4036,2022/12/10 1:00,6.81,7.5,38.47
4037,2022/12/10 1:15,6.75,6.73,31.68
4038,2022/12/10 1:30,6.68,7.11,30.4
4039,2022/12/10 1:45,6.6,4.82,24.11
4040,2022/12/10 2:00,6.52,6.73,20.76
4041,2022/12/10 2:15,6.44,7.88,20.86
4042,2022/12/10 2:30,6.35,7.11,21.36
4043,2022/12/10 2:45,6.27,6.73,21.83
4044,2022/12/10 3:00,6.18,6.35,21.63
4045,2022/12/10 3:15,6.08,6.73,18.82
4046,2022/12/10 3:30,5.99,6.35,16.81
4047,2022/12/10 3:45,5.9,6.35,20.02
4048,2022/12/10 4:00,5.8,6.73,20.09
4049,2022/12/10 4:15,5.71,6.73,18.21
4050,2022/12/10 4:30,5.62,5.96,17.11
4051,2022/12/10 4:45,5.54,5.96,15.3
4052,2022/12/10 5:00,5.46,6.73,17.55
4053,2022/12/10 5:15,5.39,7.11,16.37
4054,2022/12/10 5:30,5.33,5.2,15.27
4055,2022/12/10 5:45,5.27,5.96,15.8
4056,2022/12/10 6:00,5.32,5.96,13.06
4057,2022/12/10 6:15,5.27,6.35,15.4
4058,2022/12/10 6:30,5.22,5.2,14.73
4059,2022/12/10 6:45,5.17,3.67,10.48
4060,2022/12/10 7:00,5.12,2.52,9.44
4061,2022/12/10 7:15,5.07,4.05,9.44
4062,2022/12/10 7:30,5.02,5.2,8.24
4063,2022/12/10 7:45,4.97,5.58,9.21
4064,2022/12/10 8:00,4.92,5.58,10.08
4065,2022/12/10 8:15,4.87,4.82,10.65
4066,2022/12/10 8:30,4.82,4.43,7.87
4067,2022/12/10 8:45,4.77,4.82,5.66
4068,2022/12/10 9:00,4.73,5.2,4.08
4069,2022/12/10 9:15,4.68,3.67,4.49
4070,2022/12/10 9:30,4.64,4.05,3.98
4071,2022/12/10 9:45,4.62,2.9,4.32
4072,2022/12/10 10:00,4.6,2.9,4.29
4073,2022/12/10 10:15,4.59,4.82,4.02
4074,2022/12/10 10:30,4.6,4.82,4.05
4075,2022/12/10 10:45,4.62,3.28,5.49
4076,2022/12/10 11:00,4.65,4.43,5.26
4077,2022/12/10 11:15,4.7,3.67,5.59
4078,2022/12/10 11:30,4.75,4.82,6.96
4079,2022/12/10 11:45,4.81,4.82,7.43
4080,2022/12/10 12:00,4.89,4.82,9.34
4081,2022/12/10 12:15,4.97,5.2,12.49
4082,2022/12/10 12:30,5.06,5.96,13.09
4083,2022/12/10 12:45,5.15,5.96,14.36
4084,2022/12/10 13:00,5.25,6.73,18.65
4085,2022/12/10 13:15,5.35,6.73,20.66
4086,2022/12/10 13:30,5.46,6.35,17.21
4087,2022/12/10 13:45,5.55,5.96,16.74
4088,2022/12/10 14:00,5.65,5.58,17.11
4089,2022/12/10 14:15,5.75,4.43,15.03
4090,2022/12/10 14:30,5.84,6.35,14.53
4091,2022/12/10 14:45,5.93,6.35,15.47
4092,2022/12/10 15:00,6.01,6.73,18.55
4093,2022/12/10 15:15,6.1,7.88,20.06
4094,2022/12/10 15:30,6.18,7.5,23.2
4095,2022/12/10 15:45,6.26,7.5,22.1
4096,2022/12/10 16:00,6.33,7.5,27.02
4097,2022/12/10 16:15,6.4,7.5,25.18
4098,2022/12/10 16:30,6.46,8.26,25.05
4099,2022/12/10 16:45,6.52,7.5,27.39
4100,2022/12/10 17:00,6.58,7.11,26.65
4101,2022/12/10 17:15,6.63,8.26,27.19
4102,2022/12/10 17:30,6.68,8.65,28.83
4103,2022/12/10 17:45,6.73,7.5,24.41
4104,2022/12/10 18:00,6.74,7.5,22.1
4105,2022/12/10 18:15,6.78,7.11,22.9
4106,2022/12/10 18:30,6.81,7.11,25.08
4107,2022/12/10 18:45,6.84,7.11,21.63
4108,2022/12/10 19:00,6.86,7.11,19.99
4109,2022/12/10 19:15,6.88,7.11,20.59
4110,2022/12/10 19:30,6.9,6.35,17.34
4111,2022/12/10 19:45,6.91,5.96,18.38
4112,2022/12/10 20:00,6.93,6.73,18.92
4113,2022/12/10 20:15,6.94,6.73,18.58
4114,2022/12/10 20:30,6.95,7.11,15.6
4115,2022/12/10 20:45,6.95,6.35,13.46
4116,2022/12/10 21:00,6.96,6.35,13.39
4117,2022/12/10 21:15,6.96,6.35,12.32
4118,2022/12/10 21:30,6.96,5.58,11.69
4119,2022/12/10 21:45,6.95,5.58,11.28
4120,2022/12/10 22:00,6.93,4.82,11.52
4121,2022/12/10 22:15,6.91,6.73,14.77
4122,2022/12/10 22:30,6.88,7.88,27.72
4123,2022/12/10 22:45,6.84,8.65,32.68
4124,2022/12/10 23:00,6.8,8.26,33.55
4125,2022/12/10 23:15,6.74,7.11,26.12
4126,2022/12/10 23:30,6.67,7.11,24.41
4127,2022/12/10 23:45,6.59,7.5,25.85
4128,2022/12/11 0:00,6.43,6.73,25.01
4129,2022/12/11 0:15,6.33,7.5,31.27
4130,2022/12/11 0:30,6.22,5.58,31.51
4131,2022/12/11 0:45,6.11,6.73,22.67
4132,2022/12/11 1:00,5.98,6.73,19.69
4133,2022/12/11 1:15,5.86,5.58,18.08
4134,2022/12/11 1:30,5.74,4.43,15.6
4135,2022/12/11 1:45,5.62,4.43,16.91
4136,2022/12/11 2:00,5.5,5.2,13.53
4137,2022/12/11 2:15,5.38,3.67,15.77
4138,2022/12/11 2:30,5.27,5.96,12.72
4139,2022/12/11 2:45,5.17,5.96,10.28
4140,2022/12/11 3:00,5.07,4.43,7.13
4141,2022/12/11 3:15,4.97,3.28,7.84
4142,2022/12/11 3:30,4.89,4.82,9.48
4143,2022/12/11 3:45,4.82,5.2,8.47
4144,2022/12/11 4:00,4.76,4.82,7.5
4145,2022/12/11 4:15,4.71,5.96,11.02
4146,2022/12/11 4:30,4.67,6.35,14.16
4147,2022/12/11 4:45,4.65,6.35,15.77
4148,2022/12/11 5:00,4.63,5.96,14.43
4149,2022/12/11 5:15,4.63,5.58,10.82
4150,2022/12/11 5:30,4.63,4.82,7.47
4151,2022/12/11 5:45,4.64,4.82,7.6
4152,2022/12/11 6:00,4.86,4.43,5.69
4153,2022/12/11 6:15,4.89,4.05,5.36
4154,2022/12/11 6:30,4.92,3.67,2.85
4155,2022/12/11 6:45,4.96,3.67,3.15
4156,2022/12/11 7:00,5,4.43,6.73
4157,2022/12/11 7:15,5.06,4.43,6.29
4158,2022/12/11 7:30,5.11,4.82,6.6
4159,2022/12/11 7:45,5.15,5.58,7.6
4160,2022/12/11 8:00,5.19,5.96,9.24
4161,2022/12/11 8:15,5.22,5.96,5.76
4162,2022/12/11 8:30,5.25,5.58,7.67
4163,2022/12/11 8:45,5.27,5.58,6.73
4164,2022/12/11 9:00,5.28,4.82,6.86
4165,2022/12/11 9:15,5.29,5.58,9.71
4166,2022/12/11 9:30,5.29,6.35,9.27
4167,2022/12/11 9:45,5.31,4.82,11.15
4168,2022/12/11 10:00,5.32,5.2,12.86
4169,2022/12/11 10:15,5.34,6.35,13.16
4170,2022/12/11 10:30,5.36,4.82,11.12
4171,2022/12/11 10:45,5.38,4.82,13.09
4172,2022/12/11 11:00,5.4,5.58,17.81
4173,2022/12/11 11:15,5.42,5.96,21.09
4174,2022/12/11 11:30,5.45,6.73,22.07
4175,2022/12/11 11:45,5.48,6.73,26.65
4176,2022/12/11 12:00,5.54,6.73,21.6
4177,2022/12/11 12:15,5.59,7.88,25.72
4178,2022/12/11 12:30,5.64,5.96,26.28
4179,2022/12/11 12:45,5.71,5.58,20.32
4180,2022/12/11 13:00,5.8,6.35,19.25
4181,2022/12/11 13:15,5.89,6.73,19.86
4182,2022/12/11 13:30,6,5.96,15.77
4183,2022/12/11 13:45,6.11,6.35,25.75
4184,2022/12/11 14:00,6.24,6.35,25.38
4185,2022/12/11 14:15,6.37,7.11,24.28
4186,2022/12/11 14:30,6.51,7.5,26.02
4187,2022/12/11 14:45,6.66,7.5,27.52
4188,2022/12/11 15:00,6.82,7.11,24.28
4189,2022/12/11 15:15,6.98,6.35,22.13
4190,2022/12/11 15:30,7.15,5.96,18.15
4191,2022/12/11 15:45,7.33,7.11,20.16
4192,2022/12/11 16:00,7.51,7.11,25.51
4193,2022/12/11 16:15,7.69,8.65,34.15
4194,2022/12/11 16:30,7.87,8.65,42.12
4195,2022/12/11 16:45,8.04,9.8,45.84
4196,2022/12/11 17:00,8.21,10.18,45.97
4197,2022/12/11 17:15,8.38,10.56,46.81
4198,2022/12/11 17:30,8.53,8.65,43.73
4199,2022/12/11 17:45,8.67,9.8,45.4
4200,2022/12/11 18:00,8.82,9.41,47.61
4201,2022/12/11 18:15,8.95,10.94,48.48
4202,2022/12/11 18:30,9.07,10.56,48.38
4203,2022/12/11 18:45,9.18,11.71,48.45
4204,2022/12/11 19:00,9.27,11.33,48.32
4205,2022/12/11 19:15,9.35,12.48,48.35
4206,2022/12/11 19:30,9.43,11.71,48.42
4207,2022/12/11 19:45,9.49,12.48,48.35
4208,2022/12/11 20:00,9.55,10.56,48.45
4209,2022/12/11 20:15,9.6,12.09,48.35
4210,2022/12/11 20:30,9.65,11.71,48.45
4211,2022/12/11 20:45,9.68,10.18,48.28
4212,2022/12/11 21:00,9.71,9.8,48.32
4213,2022/12/11 21:15,9.74,11.33,47.78
4214,2022/12/11 21:30,9.77,9.41,47.98
4215,2022/12/11 21:45,9.79,7.11,44.5
4216,2022/12/11 22:00,9.81,10.56,44.16
4217,2022/12/11 22:15,9.83,6.73,41.25
4218,2022/12/11 22:30,9.86,10.94,45.84
4219,2022/12/11 22:45,9.89,6.35,44.93
4220,2022/12/11 23:00,9.92,9.41,47.65
4221,2022/12/11 23:15,9.96,9.41,47.04
4222,2022/12/11 23:30,10,9.8,48.25
4223,2022/12/11 23:45,10.05,10.56,47.88
4224,2022/12/12 0:00,10.13,11.33,48.32
4225,2022/12/12 0:15,10.19,9.03,47.38
4226,2022/12/12 0:30,10.27,9.41,47.71
4227,2022/12/12 0:45,10.37,9.03,48.45
4228,2022/12/12 1:00,10.48,9.03,48.45
4229,2022/12/12 1:15,10.6,8.65,48.28
4230,2022/12/12 1:30,10.73,9.03,45.81
4231,2022/12/12 1:45,10.87,10.94,45.17
4232,2022/12/12 2:00,11.01,8.65,47.28
4233,2022/12/12 2:15,11.16,9.03,45.74
4234,2022/12/12 2:30,11.31,9.41,48.22
4235,2022/12/12 2:45,11.46,9.8,48.55
4236,2022/12/12 3:00,11.61,10.56,48.52
4237,2022/12/12 3:15,11.76,9.41,48.48
4238,2022/12/12 3:30,11.9,10.94,48.15
4239,2022/12/12 3:45,12.04,11.33,48.35
4240,2022/12/12 4:00,12.18,9.8,48.42
4241,2022/12/12 4:15,12.31,11.71,48.15
4242,2022/12/12 4:30,12.43,9.8,48.32
4243,2022/12/12 4:45,12.52,9.8,48.55
4244,2022/12/12 5:00,12.6,13.63,48.32
4245,2022/12/12 5:15,12.66,11.33,48.22
4246,2022/12/12 5:30,12.7,9.8,48.18
4247,2022/12/12 5:45,12.73,10.94,48.38
4248,2022/12/12 6:00,12.8,10.94,48.45
4249,2022/12/12 6:15,12.78,12.48,48.15
4250,2022/12/12 6:30,12.76,11.71,48.38
4251,2022/12/12 6:45,12.73,11.71,48.35
4252,2022/12/12 7:00,12.7,11.71,48.52
4253,2022/12/12 7:15,12.67,10.56,48.35
4254,2022/12/12 7:30,12.63,12.09,48.38
4255,2022/12/12 7:45,12.6,11.71,48.32
4256,2022/12/12 8:00,12.56,12.48,48.15
4257,2022/12/12 8:15,12.52,14.01,48.22
4258,2022/12/12 8:30,12.48,15.54,48.32
4259,2022/12/12 8:45,12.44,10.94,48.42
4260,2022/12/12 9:00,12.4,11.33,48.32
4261,2022/12/12 9:15,12.36,13.63,48.32
4262,2022/12/12 9:30,12.32,14.01,48.38
4263,2022/12/12 9:45,12.29,15.16,48.22
4264,2022/12/12 10:00,12.26,12.86,48.65
4265,2022/12/12 10:15,12.23,13.24,48.55
4266,2022/12/12 10:30,12.21,12.09,48.32
4267,2022/12/12 10:45,12.19,13.63,48.42
4268,2022/12/12 11:00,12.16,10.94,45.87
4269,2022/12/12 11:15,12.14,12.86,45.57
4270,2022/12/12 11:30,12.13,14.39,45.67
4271,2022/12/12 11:45,12.12,10.56,45.77
4272,2022/12/12 12:00,12.16,14.39,45.57
4273,2022/12/12 12:15,12.17,15.92,45.77
4274,2022/12/12 12:30,12.19,17.07,45.64
4275,2022/12/12 12:45,12.2,18.6,45.84
4276,2022/12/12 13:00,12.22,18.6,45.7
4277,2022/12/12 13:15,12.24,16.31,44.5
4278,2022/12/12 13:30,12.26,16.69,45.7
4279,2022/12/12 13:45,12.28,17.07,45.64
4280,2022/12/12 14:00,12.3,16.69,45.6
4281,2022/12/12 14:15,12.32,15.92,45.6
4282,2022/12/12 14:30,12.34,16.31,45.81
4283,2022/12/12 14:45,12.35,17.07,45.6
4284,2022/12/12 15:00,12.35,14.39,45.5
4285,2022/12/12 15:15,12.34,15.54,45.6
4286,2022/12/12 15:30,12.34,12.86,45.84
4287,2022/12/12 15:45,12.33,14.01,45.84
4288,2022/12/12 16:00,12.33,16.31,45.94
4289,2022/12/12 16:15,12.33,15.16,45.7
4290,2022/12/12 16:30,12.34,10.94,45.7
4291,2022/12/12 16:45,12.35,10.56,45.64
4292,2022/12/12 17:00,12.37,12.48,45.74
4293,2022/12/12 17:15,12.39,14.77,45.67
4294,2022/12/12 17:30,12.42,13.24,45.64
4295,2022/12/12 17:45,12.45,14.39,45.27
4296,2022/12/12 18:00,12.66,15.54,45.64
4297,2022/12/12 18:15,12.71,13.24,45.67
4298,2022/12/12 18:30,12.77,16.69,45.6
4299,2022/12/12 18:45,12.82,13.24,45.7
4300,2022/12/12 19:00,12.87,11.71,45.47
4301,2022/12/12 19:15,12.92,14.39,45.67
4302,2022/12/12 19:30,12.97,12.86,45.97
4303,2022/12/12 19:45,13,14.01,45.5
4304,2022/12/12 20:00,13.02,15.92,45.64
4305,2022/12/12 20:15,13.04,14.77,45.64
4306,2022/12/12 20:30,13.04,12.09,45.7
4307,2022/12/12 20:45,13.03,12.86,45.54
4308,2022/12/12 21:00,13,17.84,45.57
4309,2022/12/12 21:15,12.96,13.24,45.77
4310,2022/12/12 21:30,12.92,9.8,45.64
4311,2022/12/12 21:45,12.87,12.09,45.6
4312,2022/12/12 22:00,12.81,14.01,45.64
4313,2022/12/12 22:15,12.75,13.24,45.74
4314,2022/12/12 22:30,12.69,13.63,45.81
4315,2022/12/12 22:45,12.63,12.86,45.81
4316,2022/12/12 23:00,12.57,14.01,45.47
4317,2022/12/12 23:15,12.5,13.24,45.64
4318,2022/12/12 23:30,12.44,12.09,45.81
4319,2022/12/12 23:45,12.38,13.63,45.57
4320,2022/12/13 0:00,12.28,13.24,45.84
4321,2022/12/13 0:15,12.22,13.63,45.64
4322,2022/12/13 0:30,12.16,14.01,45.5
4323,2022/12/13 0:45,12.1,12.86,45.67
4324,2022/12/13 1:00,12.06,12.48,45.57
4325,2022/12/13 1:15,12.02,13.24,45.54
4326,2022/12/13 1:30,11.99,11.71,45.7
4327,2022/12/13 1:45,11.96,11.71,45.57
4328,2022/12/13 2:00,11.93,16.31,45.7
4329,2022/12/13 2:15,11.91,14.39,45.47
4330,2022/12/13 2:30,11.89,15.54,45.67
4331,2022/12/13 2:45,11.87,14.01,45.6
4332,2022/12/13 3:00,11.85,12.09,45.94
4333,2022/12/13 3:15,11.84,12.48,45.77
4334,2022/12/13 3:30,11.84,12.09,45.84
4335,2022/12/13 3:45,11.84,14.01,45.81
4336,2022/12/13 4:00,11.84,12.48,45.77
4337,2022/12/13 4:15,11.85,14.39,45.74
4338,2022/12/13 4:30,11.86,13.63,45.87
4339,2022/12/13 4:45,11.87,15.16,45.74
4340,2022/12/13 5:00,11.87,13.63,45.7
4341,2022/12/13 5:15,11.87,14.77,45.74
4342,2022/12/13 5:30,11.88,12.48,45.7
4343,2022/12/13 5:45,11.88,16.31,45.67
4344,2022/12/13 6:00,11.72,12.86,45.77
4345,2022/12/13 6:15,11.7,15.54,45.54
4346,2022/12/13 6:30,11.7,13.63,45.64
4347,2022/12/13 6:45,11.69,14.39,45.91
4348,2022/12/13 7:00,11.69,14.39,45.81
4349,2022/12/13 7:15,11.69,14.39,45.7
4350,2022/12/13 7:30,11.7,13.63,45.6
4351,2022/12/13 7:45,11.71,13.63,45.57
4352,2022/12/13 8:00,11.71,14.01,45.97
4353,2022/12/13 8:15,11.72,15.54,45.97
4354,2022/12/13 8:30,11.73,14.77,45.7
4355,2022/12/13 8:45,11.73,11.71,45.5
4356,2022/12/13 9:00,11.72,14.77,45.74
4357,2022/12/13 9:15,11.71,12.86,45.84
4358,2022/12/13 9:30,11.7,14.01,45.74
4359,2022/12/13 9:45,11.68,15.54,45.5
4360,2022/12/13 10:00,11.65,12.09,45.47
4361,2022/12/13 10:15,11.62,14.77,45.91
4362,2022/12/13 10:30,11.58,13.63,45.74
4363,2022/12/13 10:45,11.53,13.24,45.57
4364,2022/12/13 11:00,11.48,15.16,45.74
4365,2022/12/13 11:15,11.41,13.63,45.14
4366,2022/12/13 11:30,11.34,14.01,45.67
4367,2022/12/13 11:45,11.26,9.41,45.7
4368,2022/12/13 12:00,11.15,11.33,44.87
4369,2022/12/13 12:15,11.06,11.33,45.87
4370,2022/12/13 12:30,10.96,13.24,45.64
4371,2022/12/13 12:45,10.85,12.48,45.5
4372,2022/12/13 13:00,10.75,11.33,45.27
4373,2022/12/13 13:15,10.64,12.09,45.7
4374,2022/12/13 13:30,10.54,13.24,44.97
4375,2022/12/13 13:45,10.43,10.56,45.47
4376,2022/12/13 14:00,10.33,11.71,43.49
4377,2022/12/13 14:15,10.22,12.86,45.7
4378,2022/12/13 14:30,10.12,9.8,45.34
4379,2022/12/13 14:45,10.01,9.41,44.13
4380,2022/12/13 15:00,9.91,9.03,42.72
4381,2022/12/13 15:15,9.81,10.18,45.97
4382,2022/12/13 15:30,9.72,9.8,45.54
4383,2022/12/13 15:45,9.64,10.18,42.72
4384,2022/12/13 16:00,9.56,9.8,42.42
4385,2022/12/13 16:15,9.49,8.26,45.17
4386,2022/12/13 16:30,9.43,9.41,42.42
4387,2022/12/13 16:45,9.39,10.18,46.07
4388,2022/12/13 17:00,9.36,10.94,48.45
4389,2022/12/13 17:15,9.35,10.56,45.04
4390,2022/12/13 17:30,9.34,9.41,43.09
4391,2022/12/13 17:45,9.36,7.88,42.39
4392,2022/12/13 18:00,9.48,7.88,42.56
4393,2022/12/13 18:15,9.52,10.56,45.2
4394,2022/12/13 18:30,9.58,9.41,47.75
4395,2022/12/13 18:45,9.65,10.56,48.08
4396,2022/12/13 19:00,9.74,11.33,48.38
4397,2022/12/13 19:15,9.83,12.86,48.35
4398,2022/12/13 19:30,9.92,9.03,48.25
4399,2022/12/13 19:45,10.01,14.01,48.15
4400,2022/12/13 20:00,10.1,9.41,48.22
4401,2022/12/13 20:15,10.18,12.09,48.12
4402,2022/12/13 20:30,10.26,11.33,48.38
4403,2022/12/13 20:45,10.33,12.09,48.18
4404,2022/12/13 21:00,10.4,10.56,48.25
4405,2022/12/13 21:15,10.45,11.33,48.42
4406,2022/12/13 21:30,10.49,13.24,48.25
4407,2022/12/13 21:45,10.53,12.86,48.12
4408,2022/12/13 22:00,10.54,13.24,48.52
4409,2022/12/13 22:15,10.55,11.71,48.58
4410,2022/12/13 22:30,10.54,10.18,48.38
4411,2022/12/13 22:45,10.52,9.03,48.32
4412,2022/12/13 23:00,10.49,10.18,48.45
4413,2022/12/13 23:15,10.45,7.88,47.91
4414,2022/12/13 23:30,10.4,9.03,48.38
4415,2022/12/13 23:45,10.35,9.03,48.25
4416,2022/12/14 0:00,10.29,9.41,47.18
4417,2022/12/14 0:15,10.23,7.88,48.52
4418,2022/12/14 0:30,10.17,10.94,48.42
4419,2022/12/14 0:45,10.1,9.03,45.91
4420,2022/12/14 1:00,10.03,11.71,47.58
4421,2022/12/14 1:15,9.96,10.18,46.81
4422,2022/12/14 1:30,9.88,8.26,45.07
4423,2022/12/14 1:45,9.81,7.5,44.73
4424,2022/12/14 2:00,9.73,9.41,44.06
4425,2022/12/14 2:15,9.65,9.41,46.51
4426,2022/12/14 2:30,9.57,9.03,41.95
4427,2022/12/14 2:45,9.49,8.26,42.93
4428,2022/12/14 3:00,9.4,8.26,40.41
4429,2022/12/14 3:15,9.32,5.96,40.28
4430,2022/12/14 3:30,9.23,8.65,39.78
4431,2022/12/14 3:45,9.15,7.11,42.32
4432,2022/12/14 4:00,9.06,9.41,33.48
4433,2022/12/14 4:15,8.98,7.11,32.14
4434,2022/12/14 4:30,8.89,6.73,28.46
4435,2022/12/14 4:45,8.81,8.65,32.41
4436,2022/12/14 5:00,8.73,7.88,31.84
4437,2022/12/14 5:15,8.64,8.26,32.21
4438,2022/12/14 5:30,8.56,7.88,28.16
4439,2022/12/14 5:45,8.47,6.35,28.36
4440,2022/12/14 6:00,8.35,6.73,28.7
4441,2022/12/14 6:15,8.27,5.96,27.32
4442,2022/12/14 6:30,8.19,6.35,26.55
4443,2022/12/14 6:45,8.11,7.11,24.01
4444,2022/12/14 7:00,8.03,6.73,19.89
4445,2022/12/14 7:15,7.95,7.11,22.8
4446,2022/12/14 7:30,7.88,5.96,21.16
4447,2022/12/14 7:45,7.8,5.96,17.61
4448,2022/12/14 8:00,7.72,4.82,16.34
4449,2022/12/14 8:15,7.65,4.82,17.78
4450,2022/12/14 8:30,7.57,4.05,18.52
4451,2022/12/14 8:45,7.5,6.35,14.06
4452,2022/12/14 9:00,7.42,4.05,13.53
4453,2022/12/14 9:15,7.35,4.82,14.2
4454,2022/12/14 9:30,7.28,6.73,15.03
4455,2022/12/14 9:45,7.21,5.96,16.64
4456,2022/12/14 10:00,7.15,5.96,14.83
4457,2022/12/14 10:15,7.1,5.58,17.81
4458,2022/12/14 10:30,7.04,5.58,17.38
4459,2022/12/14 10:45,6.99,6.73,17.95
4460,2022/12/14 11:00,6.94,7.11,16.64
4461,2022/12/14 11:15,6.9,6.35,17.65
4462,2022/12/14 11:30,6.85,6.35,14.43
4463,2022/12/14 11:45,6.81,4.05,10.85
4464,2022/12/14 12:00,6.77,5.58,12.42
4465,2022/12/14 12:15,6.74,7.5,12.19
4466,2022/12/14 12:30,6.71,5.96,15.2
4467,2022/12/14 12:45,6.68,5.58,13.23
4468,2022/12/14 13:00,6.65,5.96,15.87
4469,2022/12/14 13:15,6.62,6.35,22.13
4470,2022/12/14 13:30,6.59,6.73,22.43
4471,2022/12/14 13:45,6.56,7.11,23.77
4472,2022/12/14 14:00,6.52,7.11,23.17
4473,2022/12/14 14:15,6.48,5.2,23.61
4474,2022/12/14 14:30,6.44,7.11,20.16
4475,2022/12/14 14:45,6.39,6.35,19.42
4476,2022/12/14 15:00,6.35,6.73,20.79
4477,2022/12/14 15:15,6.3,6.73,20.16
4478,2022/12/14 15:30,6.25,6.73,18.68
4479,2022/12/14 15:45,6.2,5.96,15.2
4480,2022/12/14 16:00,6.16,4.43,11.69
4481,2022/12/14 16:15,6.12,5.2,13.29
4482,2022/12/14 16:30,6.07,4.82,11.25
4483,2022/12/14 16:45,6.02,5.2,10.41
4484,2022/12/14 17:00,5.98,4.43,9.17
4485,2022/12/14 17:15,5.93,4.43,8.04
4486,2022/12/14 17:30,5.88,4.43,8.71
4487,2022/12/14 17:45,5.84,5.2,8.3
4488,2022/12/14 18:00,5.5,4.43,8.87
4489,2022/12/14 18:15,5.44,4.43,8.84
4490,2022/12/14 18:30,5.38,4.05,8.47
4491,2022/12/14 18:45,5.32,4.05,6.63
4492,2022/12/14 19:00,5.25,4.43,8.81
4493,2022/12/14 19:15,5.18,4.43,7.43
4494,2022/12/14 19:30,5.1,5.2,8.07
4495,2022/12/14 19:45,5.03,5.2,9.61
4496,2022/12/14 20:00,4.97,4.82,9.21
4497,2022/12/14 20:15,4.91,3.67,6.4
4498,2022/12/14 20:30,4.86,4.05,7.67
4499,2022/12/14 20:45,4.81,4.43,6.7
4500,2022/12/14 21:00,4.78,4.43,8.5
4501,2022/12/14 21:15,4.76,5.58,11.48
4502,2022/12/14 21:30,4.76,5.2,10.21
4503,2022/12/14 21:45,4.77,5.2,9.38
4504,2022/12/14 22:00,4.79,4.82,11.28
4505,2022/12/14 22:15,4.83,4.82,10.25
4506,2022/12/14 22:30,4.89,4.82,8.84
4507,2022/12/14 22:45,4.96,4.43,8.74
4508,2022/12/14 23:00,5.04,5.2,10.28
4509,2022/12/14 23:15,5.15,5.2,12.19
4510,2022/12/14 23:30,5.26,5.2,14.23
4511,2022/12/14 23:45,5.38,5.96,15.5
4512,2022/12/15 0:00,5.49,5.96,17.11
4513,2022/12/15 0:15,5.61,5.96,16.98
4514,2022/12/15 0:30,5.73,5.58,17.28
4515,2022/12/15 0:45,5.83,4.82,20.39
4516,2022/12/15 1:00,5.92,4.82,19.62
4517,2022/12/15 1:15,6,7.11,21.3
4518,2022/12/15 1:30,6.06,7.11,23.14
4519,2022/12/15 1:45,6.11,5.96,25.21
4520,2022/12/15 2:00,6.14,5.2,23.54
4521,2022/12/15 2:15,6.17,5.96,19.72
4522,2022/12/15 2:30,6.18,4.43,20.02
4523,2022/12/15 2:45,6.18,2.52,20.63
4524,2022/12/15 3:00,6.18,5.58,17.98
4525,2022/12/15 3:15,6.17,5.96,21.5
4526,2022/12/15 3:30,6.16,5.58,19.52
4527,2022/12/15 3:45,6.15,7.11,20.39
4528,2022/12/15 4:00,6.15,7.5,18.52
4529,2022/12/15 4:15,6.14,6.35,17.85
4530,2022/12/15 4:30,6.15,4.43,15.34
4531,2022/12/15 4:45,6.16,3.67,10.05
4532,2022/12/15 5:00,6.19,5.2,16.78
4533,2022/12/15 5:15,6.22,5.2,14.4
4534,2022/12/15 5:30,6.25,5.58,11.55
4535,2022/12/15 5:45,6.29,5.58,11.22
4536,2022/12/15 6:00,6.67,5.96,11.62
4537,2022/12/15 6:15,6.68,4.82,9.51
4538,2022/12/15 6:30,6.7,5.58,11.72
4539,2022/12/15 6:45,6.72,7.11,20.29
4540,2022/12/15 7:00,6.75,5.58,13.36
4541,2022/12/15 7:15,6.78,4.82,9.84
4542,2022/12/15 7:30,6.81,4.43,9.44
4543,2022/12/15 7:45,6.84,5.96,12.79
4544,2022/12/15 8:00,6.86,3.28,12.46
4545,2022/12/15 8:15,6.89,4.05,9.74
4546,2022/12/15 8:30,6.92,4.05,6.96
4547,2022/12/15 8:45,6.95,4.82,11.92
4548,2022/12/15 9:00,6.97,5.58,8.94
4549,2022/12/15 9:15,7.01,3.67,10.08
4550,2022/12/15 9:30,7.04,3.28,12.82
4551,2022/12/15 9:45,7.08,4.43,14.33
4552,2022/12/15 10:00,7.11,5.58,15.44
4553,2022/12/15 10:15,7.15,4.82,17.24
4554,2022/12/15 10:30,7.19,7.11,24.24
4555,2022/12/15 10:45,7.22,7.88,25.82
4556,2022/12/15 11:00,7.26,7.5,37.2
4557,2022/12/15 11:15,7.29,8.65,34.52
4558,2022/12/15 11:30,7.32,8.65,36.7
4559,2022/12/15 11:45,7.35,9.8,41.92
4560,2022/12/15 12:00,7.39,10.18,44.8
4561,2022/12/15 12:15,7.42,7.5,38.71
4562,2022/12/15 12:30,7.45,6.73,45.84
4563,2022/12/15 12:45,7.47,7.11,40.65
4564,2022/12/15 13:00,7.48,5.2,41.29
4565,2022/12/15 13:15,7.49,11.33,40.28
4566,2022/12/15 13:30,7.48,7.11,35.09
4567,2022/12/15 13:45,7.47,9.8,36.4
4568,2022/12/15 14:00,7.45,8.65,39.14
4569,2022/12/15 14:15,7.43,10.56,43.03
4570,2022/12/15 14:30,7.4,10.56,46.24
4571,2022/12/15 14:45,7.36,10.56,43.8
4572,2022/12/15 15:00,7.32,7.11,42.86
4573,2022/12/15 15:15,7.27,9.41,44.47
4574,2022/12/15 15:30,7.22,9.03,42.83
4575,2022/12/15 15:45,7.18,9.41,41.25
4576,2022/12/15 16:00,7.14,7.88,38.44
4577,2022/12/15 16:15,7.1,8.26,31.37
4578,2022/12/15 16:30,7.08,5.96,28.06
4579,2022/12/15 16:45,7.07,6.73,24.24
4580,2022/12/15 17:00,7.08,7.5,32.24
4581,2022/12/15 17:15,7.1,8.26,33.68
4582,2022/12/15 17:30,7.14,7.88,29.9
4583,2022/12/15 17:45,7.19,6.73,21.53
4584,2022/12/15 18:00,7.18,5.2,19.15
4585,2022/12/15 18:15,7.25,4.82,14.5
4586,2022/12/15 18:30,7.33,4.82,12.72
4587,2022/12/15 18:45,7.41,4.05,8.84
4588,2022/12/15 19:00,7.5,5.2,14.23
4589,2022/12/15 19:15,7.59,6.35,24.61
4590,2022/12/15 19:30,7.68,7.88,33.42
4591,2022/12/15 19:45,7.76,8.65,39.01
4592,2022/12/15 20:00,7.83,8.26,40.55
4593,2022/12/15 20:15,7.89,9.41,45.77
4594,2022/12/15 20:30,7.94,9.03,46.54
4595,2022/12/15 20:45,7.98,10.56,45.81
4596,2022/12/15 21:00,8,10.18,48.18
4597,2022/12/15 21:15,8.01,9.8,46.61
4598,2022/12/15 21:30,8.01,9.8,48.35
4599,2022/12/15 21:45,8,11.33,47.65
4600,2022/12/15 22:00,7.97,9.03,48.02
4601,2022/12/15 22:15,7.94,9.8,40.01
4602,2022/12/15 22:30,7.89,8.26,43.86
4603,2022/12/15 22:45,7.85,9.03,43.09
4604,2022/12/15 23:00,7.8,6.73,38
4605,2022/12/15 23:15,7.75,7.5,41.22
4606,2022/12/15 23:30,7.7,8.26,38.47
4607,2022/12/15 23:45,7.64,8.65,39.44
4608,2022/12/16 0:00,7.59,7.88,41.29
4609,2022/12/16 0:15,7.53,8.26,42.39
4610,2022/12/16 0:30,7.48,9.03,40.35
4611,2022/12/16 0:45,7.42,7.5,29.87
4612,2022/12/16 1:00,7.37,5.58,29.2
4613,2022/12/16 1:15,7.31,6.73,20.32
4614,2022/12/16 1:30,7.25,7.5,26.12
4615,2022/12/16 1:45,7.2,7.11,26.59
4616,2022/12/16 2:00,7.14,7.11,28.29
4617,2022/12/16 2:15,7.08,7.11,25.08
4618,2022/12/16 2:30,7.02,8.65,29.67
4619,2022/12/16 2:45,6.96,7.88,37.2
4620,2022/12/16 3:00,6.9,7.5,36.9
4621,2022/12/16 3:15,6.83,7.11,39.44
4622,2022/12/16 3:30,6.77,7.11,38.51
4623,2022/12/16 3:45,6.7,5.96,41.82
4624,2022/12/16 4:00,6.63,4.05,41.29
4625,2022/12/16 4:15,6.57,5.96,36.5
4626,2022/12/16 4:30,6.5,8.26,31.07
4627,2022/12/16 4:45,6.44,6.35,21.43
4628,2022/12/16 5:00,6.38,5.2,19.65
4629,2022/12/16 5:15,6.33,5.2,16.98
4630,2022/12/16 5:30,6.27,5.2,15.27
4631,2022/12/16 5:45,6.22,5.2,18.25
4632,2022/12/16 6:00,6.47,4.82,10.85
4633,2022/12/16 6:15,6.42,5.2,9.14
4634,2022/12/16 6:30,6.37,3.28,6.09
4635,2022/12/16 6:45,6.31,5.58,7.43
4636,2022/12/16 7:00,6.24,4.43,6.4
4637,2022/12/16 7:15,6.17,4.82,8.57
4638,2022/12/16 7:30,6.1,5.2,9.31
4639,2022/12/16 7:45,6.02,5.58,11.15
4640,2022/12/16 8:00,5.93,5.96,15.57
4641,2022/12/16 8:15,5.84,6.73,18.32
4642,2022/12/16 8:30,5.74,5.58,11.42
4643,2022/12/16 8:45,5.64,5.2,10.11
4644,2022/12/16 9:00,5.53,4.82,8.27
4645,2022/12/16 9:15,5.42,5.2,8.87
4646,2022/12/16 9:30,5.31,5.2,9.34
4647,2022/12/16 9:45,5.21,4.43,8.17
4648,2022/12/16 10:00,5.11,2.9,5.69
4649,2022/12/16 10:15,5.02,2.9,8.14
4650,2022/12/16 10:30,4.94,4.82,7.6
4651,2022/12/16 10:45,4.88,4.82,10.01
4652,2022/12/16 11:00,4.83,5.2,7.84
4653,2022/12/16 11:15,4.79,4.43,10.31
4654,2022/12/16 11:30,4.76,4.82,10.61
4655,2022/12/16 11:45,4.75,5.96,8.44
4656,2022/12/16 12:00,4.71,5.96,12.19
4657,2022/12/16 12:15,4.73,5.2,11.65
4658,2022/12/16 12:30,4.75,5.2,11.59
4659,2022/12/16 12:45,4.78,5.2,10.18
4660,2022/12/16 13:00,4.81,4.82,8.34
4661,2022/12/16 13:15,4.86,5.96,12.86
4662,2022/12/16 13:30,4.91,5.58,13.13
4663,2022/12/16 13:45,4.95,5.96,14.36
4664,2022/12/16 14:00,4.99,5.2,13.19
4665,2022/12/16 14:15,5.03,4.82,13.09
4666,2022/12/16 14:30,5.07,5.2,14.63
4667,2022/12/16 14:45,5.11,4.82,12.52
4668,2022/12/16 15:00,5.15,6.73,13.9
4669,2022/12/16 15:15,5.18,4.05,11.95
4670,2022/12/16 15:30,5.2,4.05,9.81
4671,2022/12/16 15:45,5.23,4.82,7.8
4672,2022/12/16 16:00,5.24,4.82,6.53
4673,2022/12/16 16:15,5.25,4.05,7.77
4674,2022/12/16 16:30,5.25,4.43,8.67
4675,2022/12/16 16:45,5.25,5.2,7.67
4676,2022/12/16 17:00,5.24,4.43,9.14
4677,2022/12/16 17:15,5.22,4.43,12.36
4678,2022/12/16 17:30,5.2,5.2,12.92
4679,2022/12/16 17:45,5.18,4.82,10.78
4680,2022/12/16 18:00,5.21,4.82,8.54
4681,2022/12/16 18:15,5.2,4.43,8.34
4682,2022/12/16 18:30,5.2,3.67,6.06
4683,2022/12/16 18:45,5.21,3.67,5.06
4684,2022/12/16 19:00,5.22,3.67,5.09
4685,2022/12/16 19:15,5.24,4.82,8.1
4686,2022/12/16 19:30,5.26,5.2,13.66
4687,2022/12/16 19:45,5.3,5.96,19.29
4688,2022/12/16 20:00,5.34,6.73,19.99
4689,2022/12/16 20:15,5.39,6.73,23.04
4690,2022/12/16 20:30,5.45,6.73,23.2
4691,2022/12/16 20:45,5.53,7.11,21.3
4692,2022/12/16 21:00,5.61,6.73,23.14
4693,2022/12/16 21:15,5.7,6.35,20.06
4694,2022/12/16 21:30,5.8,5.96,16.78
4695,2022/12/16 21:45,5.89,5.58,13.29
4696,2022/12/16 22:00,5.97,4.82,14.77
4697,2022/12/16 22:15,6.05,4.82,14.8
4698,2022/12/16 22:30,6.11,5.96,16.91
4699,2022/12/16 22:45,6.16,6.73,19.79
4700,2022/12/16 23:00,6.2,7.88,28.33
4701,2022/12/16 23:15,6.23,7.5,32.21
4702,2022/12/16 23:30,6.24,6.35,26.12
4703,2022/12/16 23:45,6.24,6.35,18.55
4704,2022/12/17 0:00,5.8,5.2,12.79
4705,2022/12/17 0:15,5.81,5.58,8.54
4706,2022/12/17 0:30,5.81,4.43,8.24
4707,2022/12/17 0:45,5.79,4.82,8.94
4708,2022/12/17 1:00,5.75,4.43,10.25
4709,2022/12/17 1:15,5.69,4.43,8.84
4710,2022/12/17 1:30,5.63,5.2,7.6
4711,2022/12/17 1:45,5.57,4.05,6.8
4712,2022/12/17 2:00,5.5,4.05,4.65
4713,2022/12/17 2:15,5.43,3.67,3.08
4714,2022/12/17 2:30,5.36,3.28,1.31
4715,2022/12/17 2:45,5.29,2.14,0.47
4716,2022/12/17 3:00,5.23,3.67,1.91
4717,2022/12/17 3:15,5.16,2.52,1.51
4718,2022/12/17 3:30,5.1,4.82,2.78
4719,2022/12/17 3:45,5.04,4.05,5.06
4720,2022/12/17 4:00,4.98,3.28,4.75
4721,2022/12/17 4:15,4.93,2.14,3.31
4722,2022/12/17 4:30,4.89,2.9,2.95
4723,2022/12/17 4:45,4.85,4.05,4.22
4724,2022/12/17 5:00,4.82,4.43,6.13
4725,2022/12/17 5:15,4.79,4.43,6.13
4726,2022/12/17 5:30,4.77,4.05,6.93
4727,2022/12/17 5:45,4.75,4.05,6.5
4728,2022/12/17 6:00,5.52,3.67,6.23
4729,2022/12/17 6:15,5.51,4.05,5.59
4730,2022/12/17 6:30,5.49,3.67,4.05
4731,2022/12/17 6:45,5.48,3.28,2.95
4732,2022/12/17 7:00,5.47,3.67,6.33
4733,2022/12/17 7:15,5.45,4.43,9.44
4734,2022/12/17 7:30,5.43,4.82,8.77
4735,2022/12/17 7:45,5.4,4.43,8.14
4736,2022/12/17 8:00,5.37,4.43,7.97
4737,2022/12/17 8:15,5.34,4.82,8.14
4738,2022/12/17 8:30,5.3,2.52,8.61
4739,2022/12/17 8:45,5.26,4.43,5.02
4740,2022/12/17 9:00,5.21,2.52,3.78
4741,2022/12/17 9:15,5.17,2.52,2.51
4742,2022/12/17 9:30,5.13,4.05,2.61
4743,2022/12/17 9:45,5.1,5.2,4.99
4744,2022/12/17 10:00,5.07,5.2,8.4
4745,2022/12/17 10:15,5.05,4.05,7.84
4746,2022/12/17 10:30,5.04,4.43,8.57
4747,2022/12/17 10:45,5.04,4.82,12.89
4748,2022/12/17 11:00,5.05,5.96,14.23
4749,2022/12/17 11:15,5.07,5.2,17.55
4750,2022/12/17 11:30,5.11,5.2,14.06
4751,2022/12/17 11:45,5.15,6.73,17.41
4752,2022/12/17 12:00,5.2,4.43,19.59
4753,2022/12/17 12:15,5.27,5.58,17.78
4754,2022/12/17 12:30,5.33,4.05,16.34
4755,2022/12/17 12:45,5.4,6.35,17.65
4756,2022/12/17 13:00,5.47,8.26,18.88
4757,2022/12/17 13:15,5.55,7.11,21.19
4758,2022/12/17 13:30,5.61,7.11,25.15
4759,2022/12/17 13:45,5.66,5.58,29.53
4760,2022/12/17 14:00,5.7,3.67,19.09
4761,2022/12/17 14:15,5.73,4.82,28.26
4762,2022/12/17 14:30,5.75,3.67,17.65
4763,2022/12/17 14:45,5.76,3.28,14.8
4764,2022/12/17 15:00,5.76,4.43,15.47
4765,2022/12/17 15:15,5.75,5.58,10.85
4766,2022/12/17 15:30,5.72,4.82,11.28
4767,2022/12/17 15:45,5.67,5.2,9.34
4768,2022/12/17 16:00,5.6,4.43,10.65
4769,2022/12/17 16:15,5.51,4.82,10.41
4770,2022/12/17 16:30,5.41,4.82,10.88
4771,2022/12/17 16:45,5.3,5.2,9.38
4772,2022/12/17 17:00,5.19,3.67,5.89
4773,2022/12/17 17:15,5.07,2.52,2.24
4774,2022/12/17 17:30,4.95,3.28,1.24
4775,2022/12/17 17:45,4.83,3.28,1.27
4776,2022/12/17 18:00,5.08,3.28,0.54
4777,2022/12/17 18:15,4.97,3.28,0.13
4778,2022/12/17 18:30,4.86,2.52,0
4779,2022/12/17 18:45,4.75,2.14,0
4780,2022/12/17 19:00,4.63,2.9,0.2
4781,2022/12/17 19:15,4.51,3.28,1.74
4782,2022/12/17 19:30,4.4,2.52,2.95
4783,2022/12/17 19:45,4.29,3.28,7.47
4784,2022/12/17 20:00,4.19,4.82,8.54
4785,2022/12/17 20:15,4.09,2.9,6.36
4786,2022/12/17 20:30,4,1.75,5.86
4787,2022/12/17 20:45,3.93,2.14,5.22
4788,2022/12/17 21:00,3.86,2.52,6.13
4789,2022/12/17 21:15,3.81,1.37,2.54
4790,2022/12/17 21:30,3.77,2.14,2.31
4791,2022/12/17 21:45,3.75,2.14,3.05
4792,2022/12/17 22:00,3.74,2.52,3.18
4793,2022/12/17 22:15,3.75,1.37,5.16
4794,2022/12/17 22:30,3.77,3.28,6.93
4795,2022/12/17 22:45,3.8,4.43,5.29
4796,2022/12/17 23:00,3.85,4.82,3.55
4797,2022/12/17 23:15,3.9,3.67,2.08
4798,2022/12/17 23:30,3.97,2.14,0.17
4799,2022/12/17 23:45,4.05,1.75,0
4800,2022/12/18 0:00,4.13,1.75,0
4801,2022/12/18 0:15,4.23,2.14,0
4802,2022/12/18 0:30,4.33,2.52,0
4803,2022/12/18 0:45,4.44,2.14,0
4804,2022/12/18 1:00,4.56,1.75,0
4805,2022/12/18 1:15,4.68,1.37,0
4806,2022/12/18 1:30,4.79,0.99,0
4807,2022/12/18 1:45,4.91,2.52,0
4808,2022/12/18 2:00,5.03,2.9,0
4809,2022/12/18 2:15,5.15,2.14,0
4810,2022/12/18 2:30,5.27,2.52,1.54
4811,2022/12/18 2:45,5.38,3.28,2.21
4812,2022/12/18 3:00,5.49,3.67,1.88
4813,2022/12/18 3:15,5.59,4.05,4.29
4814,2022/12/18 3:30,5.67,4.05,5.39
4815,2022/12/18 3:45,5.74,4.43,7.6
4816,2022/12/18 4:00,5.79,4.43,9.27
4817,2022/12/18 4:15,5.83,5.58,13.29
4818,2022/12/18 4:30,5.85,5.2,16.14
4819,2022/12/18 4:45,5.86,5.96,16.34
4820,2022/12/18 5:00,5.86,5.58,16.94
4821,2022/12/18 5:15,5.85,5.58,17.98
4822,2022/12/18 5:30,5.82,5.2,17.18
4823,2022/12/18 5:45,5.79,4.43,15.07
4824,2022/12/18 6:00,5.44,4.82,14.73
4825,2022/12/18 6:15,5.44,4.82,13.19
4826,2022/12/18 6:30,5.44,4.43,11.28
4827,2022/12/18 6:45,5.42,4.43,10.08
4828,2022/12/18 7:00,5.39,3.67,8.71
4829,2022/12/18 7:15,5.35,2.52,9.04
4830,2022/12/18 7:30,5.3,3.28,8
4831,2022/12/18 7:45,5.25,3.28,6.53
4832,2022/12/18 8:00,5.2,2.14,6.53
4833,2022/12/18 8:15,5.14,2.52,6.23
4834,2022/12/18 8:30,5.07,2.9,5.69
4835,2022/12/18 8:45,5.01,2.9,3.45
4836,2022/12/18 9:00,4.94,2.9,3.15
4837,2022/12/18 9:15,4.86,2.52,4.35
4838,2022/12/18 9:30,4.8,4.05,5.76
4839,2022/12/18 9:45,4.74,4.05,5.22
4840,2022/12/18 10:00,4.69,4.05,6.66
4841,2022/12/18 10:15,4.64,3.67,9.24
4842,2022/12/18 10:30,4.6,5.2,10.78
4843,2022/12/18 10:45,4.56,4.82,14.06
4844,2022/12/18 11:00,4.54,4.82,17.38
4845,2022/12/18 11:15,4.52,5.2,16.78
4846,2022/12/18 11:30,4.52,5.2,16.37
4847,2022/12/18 11:45,4.52,4.82,23.17
4848,2022/12/18 12:00,4.56,5.2,20.93
4849,2022/12/18 12:15,4.58,5.58,24.61
4850,2022/12/18 12:30,4.61,4.43,26.18
4851,2022/12/18 12:45,4.63,5.96,22.7
4852,2022/12/18 13:00,4.66,6.73,18.55
4853,2022/12/18 13:15,4.7,6.35,22.5
4854,2022/12/18 13:30,4.73,6.35,25.18
4855,2022/12/18 13:45,4.76,4.82,25.85
4856,2022/12/18 14:00,4.78,5.58,24.38
4857,2022/12/18 14:15,4.79,5.58,23.67
4858,2022/12/18 14:30,4.8,5.96,26.79
4859,2022/12/18 14:45,4.8,4.43,28.26
4860,2022/12/18 15:00,4.8,7.5,24.84
4861,2022/12/18 15:15,4.78,6.73,17.65
4862,2022/12/18 15:30,4.75,5.96,15.1
4863,2022/12/18 15:45,4.72,4.82,10.41
4864,2022/12/18 16:00,4.67,3.67,9.14
4865,2022/12/18 16:15,4.61,4.05,6.26
4866,2022/12/18 16:30,4.54,3.28,4.69
4867,2022/12/18 16:45,4.47,3.28,3.85
4868,2022/12/18 17:00,4.39,4.05,3.01
4869,2022/12/18 17:15,4.31,3.67,1.81
4870,2022/12/18 17:30,4.23,4.05,1.81
4871,2022/12/18 17:45,4.14,3.67,0.97
4872,2022/12/18 18:00,4.24,3.28,0
4873,2022/12/18 18:15,4.15,2.9,0
4874,2022/12/18 18:30,4.05,2.9,0
4875,2022/12/18 18:45,3.95,2.52,0
4876,2022/12/18 19:00,3.85,2.14,0
4877,2022/12/18 19:15,3.75,1.37,0
4878,2022/12/18 19:30,3.65,0.6,0
4879,2022/12/18 19:45,3.55,0,0
4880,2022/12/18 20:00,3.47,0,0
4881,2022/12/18 20:15,3.39,0,0
4882,2022/12/18 20:30,3.32,0,0
4883,2022/12/18 20:45,3.26,0,0
4884,2022/12/18 21:00,3.21,1.75,0
4885,2022/12/18 21:15,3.17,2.14,0
4886,2022/12/18 21:30,3.15,2.14,0
4887,2022/12/18 21:45,3.15,2.9,0
4888,2022/12/18 22:00,3.17,3.28,0
4889,2022/12/18 22:15,3.21,3.28,2.98
4890,2022/12/18 22:30,3.27,3.67,4.35
4891,2022/12/18 22:45,3.35,2.52,6.6
4892,2022/12/18 23:00,3.45,4.05,10.05
4893,2022/12/18 23:15,3.56,4.05,10.41
4894,2022/12/18 23:30,3.7,2.9,9.84
4895,2022/12/18 23:45,3.85,2.14,10.21
4896,2022/12/19 0:00,4.13,2.9,14.46
4897,2022/12/19 0:15,4.3,5.96,18.75
4898,2022/12/19 0:30,4.46,6.35,18.52
4899,2022/12/19 0:45,4.63,7.5,24.64
4900,2022/12/19 1:00,4.8,8.26,28.9
4901,2022/12/19 1:15,4.97,8.26,27.59
4902,2022/12/19 1:30,5.12,7.5,31.47
4903,2022/12/19 1:45,5.26,7.11,35.19
4904,2022/12/19 2:00,5.37,7.11,37.07
4905,2022/12/19 2:15,5.47,8.26,39.71
4906,2022/12/19 2:30,5.54,8.65,39.64
4907,2022/12/19 2:45,5.59,8.65,38.67
4908,2022/12/19 3:00,5.62,7.88,33.99
4909,2022/12/19 3:15,5.63,6.35,28.83
4910,2022/12/19 3:30,5.63,7.11,26.08
4911,2022/12/19 3:45,5.61,7.88,28.36
4912,2022/12/19 4:00,5.58,7.5,25.35
4913,2022/12/19 4:15,5.55,7.5,26.82
4914,2022/12/19 4:30,5.51,6.73,22.97
4915,2022/12/19 4:45,5.47,5.96,18.25
4916,2022/12/19 5:00,5.43,4.43,16.01
4917,2022/12/19 5:15,5.38,7.11,19.76
4918,2022/12/19 5:30,5.34,5.58,16.14
4919,2022/12/19 5:45,5.31,4.43,14.3
4920,2022/12/19 6:00,4.85,5.96,18.62
4921,2022/12/19 6:15,4.86,4.82,18.95
4922,2022/12/19 6:30,4.88,6.35,17.88
4923,2022/12/19 6:45,4.91,6.35,19.96
4924,2022/12/19 7:00,4.94,6.35,19.35
4925,2022/12/19 7:15,4.97,5.58,18.18
4926,2022/12/19 7:30,5,5.58,17.75
4927,2022/12/19 7:45,5.03,5.96,16.91
4928,2022/12/19 8:00,5.05,5.58,13.96
4929,2022/12/19 8:15,5.07,4.82,12.69
4930,2022/12/19 8:30,5.08,3.67,11.28
4931,2022/12/19 8:45,5.08,3.67,9.51
4932,2022/12/19 9:00,5.08,4.43,8.14
4933,2022/12/19 9:15,5.07,4.05,6.66
4934,2022/12/19 9:30,5.06,3.67,5.96
4935,2022/12/19 9:45,5.05,3.28,3.68
4936,2022/12/19 10:00,5.04,4.43,4.45
4937,2022/12/19 10:15,5.03,3.67,7.9
4938,2022/12/19 10:30,5.03,5.2,13.03
4939,2022/12/19 10:45,5.02,5.58,14.3
4940,2022/12/19 11:00,5.01,5.2,13.33
4941,2022/12/19 11:15,5,5.2,13.59
4942,2022/12/19 11:30,5,5.2,15.9
4943,2022/12/19 11:45,4.99,5.58,13.53
4944,2022/12/19 12:00,5,5.2,12.25
4945,2022/12/19 12:15,5,5.58,14.57
4946,2022/12/19 12:30,5.02,5.58,13.59
4947,2022/12/19 12:45,5.05,6.35,16.07
4948,2022/12/19 13:00,5.09,6.73,15.5
4949,2022/12/19 13:15,5.15,7.11,19.29
4950,2022/12/19 13:30,5.21,5.58,17.11
4951,2022/12/19 13:45,5.28,5.2,14.57
4952,2022/12/19 14:00,5.36,6.35,18.58
4953,2022/12/19 14:15,5.44,7.11,19.19
4954,2022/12/19 14:30,5.52,5.58,17.28
4955,2022/12/19 14:45,5.62,8.26,21.83
4956,2022/12/19 15:00,5.72,5.2,19.82
4957,2022/12/19 15:15,5.83,5.96,19.09
4958,2022/12/19 15:30,5.93,5.96,21.6
4959,2022/12/19 15:45,6.05,7.11,22.53
4960,2022/12/19 16:00,6.16,6.73,24.21
4961,2022/12/19 16:15,6.27,6.35,22.77
4962,2022/12/19 16:30,6.37,5.58,17.48
4963,2022/12/19 16:45,6.46,5.58,15.57
4964,2022/12/19 17:00,6.54,5.58,19.15
4965,2022/12/19 17:15,6.6,5.96,17.78
4966,2022/12/19 17:30,6.66,5.96,20.89
4967,2022/12/19 17:45,6.71,5.96,21.26
4968,2022/12/19 18:00,6.23,5.96,18.55
4969,2022/12/19 18:15,6.24,5.58,16.91
4970,2022/12/19 18:30,6.23,5.96,15.54
4971,2022/12/19 18:45,6.22,5.96,14.67
4972,2022/12/19 19:00,6.2,5.58,13.83
4973,2022/12/19 19:15,6.16,5.2,10.15
4974,2022/12/19 19:30,6.13,4.82,9.71
4975,2022/12/19 19:45,6.08,4.82,8.24
4976,2022/12/19 20:00,6.04,4.82,7.77
4977,2022/12/19 20:15,6,4.82,7.4
4978,2022/12/19 20:30,5.95,4.82,7.23
4979,2022/12/19 20:45,5.91,4.43,5.39
4980,2022/12/19 21:00,5.87,4.05,4.99
4981,2022/12/19 21:15,5.83,3.67,3.42
4982,2022/12/19 21:30,5.79,3.67,2.91
4983,2022/12/19 21:45,5.76,3.28,2.88
4984,2022/12/19 22:00,5.73,4.05,4.65
4985,2022/12/19 22:15,5.7,3.67,4.45
4986,2022/12/19 22:30,5.68,4.43,5.49
4987,2022/12/19 22:45,5.66,4.05,4.49
4988,2022/12/19 23:00,5.65,4.05,7.37
4989,2022/12/19 23:15,5.65,5.2,12.02
4990,2022/12/19 23:30,5.64,4.82,9.78
4991,2022/12/19 23:45,5.64,4.82,9.54
4992,2022/12/20 0:00,5.65,5.2,8.14
4993,2022/12/20 0:15,5.63,5.2,7.67
4994,2022/12/20 0:30,5.62,5.2,7.63
4995,2022/12/20 0:45,5.61,3.67,5.69
4996,2022/12/20 1:00,5.6,4.05,4.45
4997,2022/12/20 1:15,5.58,3.28,3.82
4998,2022/12/20 1:30,5.56,3.67,2.75
4999,2022/12/20 1:45,5.54,2.52,1.64
5000,2022/12/20 2:00,5.51,2.52,0.33
5001,2022/12/20 2:15,5.48,4.05,1.21
5002,2022/12/20 2:30,5.44,3.28,1.34
5003,2022/12/20 2:45,5.4,3.67,2.31
5004,2022/12/20 3:00,5.34,3.67,2.95
5005,2022/12/20 3:15,5.28,4.43,4.22
5006,2022/12/20 3:30,5.22,4.05,3.08
5007,2022/12/20 3:45,5.16,3.67,1.51
5008,2022/12/20 4:00,5.1,3.67,2.38
5009,2022/12/20 4:15,5.04,4.43,3.11
5010,2022/12/20 4:30,4.99,4.05,3.11
5011,2022/12/20 4:45,4.92,3.67,2.44
5012,2022/12/20 5:00,4.86,4.43,3.15
5013,2022/12/20 5:15,4.8,3.28,1.67
5014,2022/12/20 5:30,4.73,3.28,0.7
5015,2022/12/20 5:45,4.67,2.52,0
5016,2022/12/20 6:00,2.8,2.14,0
5017,2022/12/20 6:15,2.68,2.14,0
5018,2022/12/20 6:30,2.56,2.52,0
5019,2022/12/20 6:45,2.46,2.14,0
5020,2022/12/20 7:00,2.38,2.14,0
5021,2022/12/20 7:15,2.3,0.99,0
5022,2022/12/20 7:30,2.23,0.99,0
5023,2022/12/20 7:45,2.15,0,0
5024,2022/12/20 8:00,2.08,0,0
5025,2022/12/20 8:15,2.01,0,0
5026,2022/12/20 8:30,1.95,0,0
5027,2022/12/20 8:45,1.89,0,0
5028,2022/12/20 9:00,1.83,0.99,0
5029,2022/12/20 9:15,1.79,0.99,0
5030,2022/12/20 9:30,1.75,0,0
5031,2022/12/20 9:45,1.71,0,0
5032,2022/12/20 10:00,1.68,0,0
5033,2022/12/20 10:15,1.67,0,0
5034,2022/12/20 10:30,1.66,0,0
5035,2022/12/20 10:45,1.65,0,0
5036,2022/12/20 11:00,1.65,0,0
5037,2022/12/20 11:15,1.66,0,0
5038,2022/12/20 11:30,1.67,0.6,0
5039,2022/12/20 11:45,1.7,0,0
5040,2022/12/20 12:00,1.78,0,0
5041,2022/12/20 12:15,1.82,0,0
5042,2022/12/20 12:30,1.88,0.99,0
5043,2022/12/20 12:45,1.96,1.75,0
5044,2022/12/20 13:00,2.05,0.6,0
5045,2022/12/20 13:15,2.17,0,0
5046,2022/12/20 13:30,2.31,2.14,0
5047,2022/12/20 13:45,2.47,0.99,0
5048,2022/12/20 14:00,2.65,1.75,0
5049,2022/12/20 14:15,2.84,2.9,0
5050,2022/12/20 14:30,3.05,4.43,4.22
5051,2022/12/20 14:45,3.27,3.28,2.21
5052,2022/12/20 15:00,3.5,3.67,1.81
5053,2022/12/20 15:15,3.74,2.9,2.31
5054,2022/12/20 15:30,3.98,3.28,3.42
5055,2022/12/20 15:45,4.21,4.05,4.75
5056,2022/12/20 16:00,4.45,4.43,6.6
5057,2022/12/20 16:15,4.68,4.43,7.17
5058,2022/12/20 16:30,4.9,4.82,10.05
5059,2022/12/20 16:45,5.1,5.2,9.84
5060,2022/12/20 17:00,5.28,5.2,10.78
5061,2022/12/20 17:15,5.44,5.96,13.69
5062,2022/12/20 17:30,5.59,6.35,16.37
5063,2022/12/20 17:45,5.71,7.5,17.28
5064,2022/12/20 18:00,4.93,8.26,22.74
5065,2022/12/20 18:15,5.07,8.26,26.65
5066,2022/12/20 18:30,5.2,7.5,26.18
5067,2022/12/20 18:45,5.32,8.26,27.05
5068,2022/12/20 19:00,5.43,7.88,24.68
5069,2022/12/20 19:15,5.54,6.35,22.07
5070,2022/12/20 19:30,5.64,6.73,19.82
5071,2022/12/20 19:45,5.73,6.73,23.07
5072,2022/12/20 20:00,5.81,7.11,25.01
5073,2022/12/20 20:15,5.89,6.35,30.07
5074,2022/12/20 20:30,5.96,6.35,30.77
5075,2022/12/20 20:45,6.02,7.88,30
5076,2022/12/20 21:00,6.09,6.73,26.25
5077,2022/12/20 21:15,6.15,7.11,25.01
5078,2022/12/20 21:30,6.21,6.73,24.48
5079,2022/12/20 21:45,6.27,7.5,30.57
5080,2022/12/20 22:00,6.33,8.26,31.14
5081,2022/12/20 22:15,6.39,8.26,32.04
5082,2022/12/20 22:30,6.44,8.65,31.88
5083,2022/12/20 22:45,6.48,7.11,32.75
5084,2022/12/20 23:00,6.51,7.88,34.79
5085,2022/12/20 23:15,6.53,7.11,31.07
5086,2022/12/20 23:30,6.55,7.88,29.63
5087,2022/12/20 23:45,6.57,6.73,22.47
5088,2022/12/21 0:00,6.51,6.73,25.61
5089,2022/12/21 0:15,6.52,8.26,23.87
5090,2022/12/21 0:30,6.52,7.5,25.15
5091,2022/12/21 0:45,6.54,7.5,23
5092,2022/12/21 1:00,6.56,6.35,17.65
5093,2022/12/21 1:15,6.58,5.58,20.49
5094,2022/12/21 1:30,6.61,7.11,18.78
5095,2022/12/21 1:45,6.65,5.58,19.42
5096,2022/12/21 2:00,6.7,7.11,21.16
5097,2022/12/21 2:15,6.76,6.35,26.22
5098,2022/12/21 2:30,6.83,6.35,21.33
5099,2022/12/21 2:45,6.91,8.65,21.7
5100,2022/12/21 3:00,7,2.9,21.97
5101,2022/12/21 3:15,7.1,7.11,27.82
5102,2022/12/21 3:30,7.21,7.11,24.78
5103,2022/12/21 3:45,7.33,6.35,27.62
5104,2022/12/21 4:00,7.46,6.35,31.44
5105,2022/12/21 4:15,7.6,5.2,32.85
5106,2022/12/21 4:30,7.73,4.43,34.82
5107,2022/12/21 4:45,7.87,5.96,34.82
5108,2022/12/21 5:00,8.01,7.11,32.55
5109,2022/12/21 5:15,8.15,5.58,38.81
5110,2022/12/21 5:30,8.29,6.35,38.24
5111,2022/12/21 5:45,8.43,4.05,40.75
5112,2022/12/21 6:00,8.29,5.96,43.86
5113,2022/12/21 6:15,8.41,6.35,43.8
5114,2022/12/21 6:30,8.53,7.11,40.58
5115,2022/12/21 6:45,8.63,9.03,43.73
5116,2022/12/21 7:00,8.73,8.26,45.34
5117,2022/12/21 7:15,8.82,9.03,44.1
5118,2022/12/21 7:30,8.9,7.11,47.35
5119,2022/12/21 7:45,8.97,5.58,45.14
5120,2022/12/21 8:00,9.02,9.41,47.01
5121,2022/12/21 8:15,9.08,9.8,48.38
5122,2022/12/21 8:30,9.12,9.03,45.7
5123,2022/12/21 8:45,9.15,7.88,45.5
5124,2022/12/21 9:00,9.18,7.11,45.17
5125,2022/12/21 9:15,9.21,6.73,40.01
5126,2022/12/21 9:30,9.23,8.26,34.45
5127,2022/12/21 9:45,9.25,8.26,35.53
5128,2022/12/21 10:00,9.26,7.5,36.66
5129,2022/12/21 10:15,9.27,7.88,36.87
5130,2022/12/21 10:30,9.29,6.73,39.11
5131,2022/12/21 10:45,9.3,7.88,42.52
5132,2022/12/21 11:00,9.32,10.56,43.36
5133,2022/12/21 11:15,9.34,9.8,45.97
5134,2022/12/21 11:30,9.36,7.11,45
5135,2022/12/21 11:45,9.39,10.94,43.7
5136,2022/12/21 12:00,9.29,8.26,41.59
5137,2022/12/21 12:15,9.32,8.26,39.88
5138,2022/12/21 12:30,9.35,5.58,39.58
5139,2022/12/21 12:45,9.38,8.26,43.86
5140,2022/12/21 13:00,9.41,9.8,46.17
5141,2022/12/21 13:15,9.44,8.65,42.72
5142,2022/12/21 13:30,9.48,8.65,44.1
5143,2022/12/21 13:45,9.5,8.65,44.9
5144,2022/12/21 14:00,9.53,8.65,46.27
5145,2022/12/21 14:15,9.55,10.18,42.36
5146,2022/12/21 14:30,9.57,9.8,45.24
5147,2022/12/21 14:45,9.59,9.8,44.27
5148,2022/12/21 15:00,9.61,8.65,41.25
5149,2022/12/21 15:15,9.63,10.56,44.53
5150,2022/12/21 15:30,9.64,7.88,42.56
5151,2022/12/21 15:45,9.65,9.03,38.74
5152,2022/12/21 16:00,9.65,10.56,38.87
5153,2022/12/21 16:15,9.65,7.88,39.61
5154,2022/12/21 16:30,9.64,9.03,39.74
5155,2022/12/21 16:45,9.63,7.88,41.39
5156,2022/12/21 17:00,9.62,9.41,39.98
5157,2022/12/21 17:15,9.6,7.11,37.4
5158,2022/12/21 17:30,9.57,7.88,32.18
5159,2022/12/21 17:45,9.54,6.73,37.97
5160,2022/12/21 18:00,8.8,8.26,38.71
5161,2022/12/21 18:15,8.76,7.88,38.41
5162,2022/12/21 18:30,8.72,8.65,40.95
5163,2022/12/21 18:45,8.69,8.26,44.53
5164,2022/12/21 19:00,8.66,8.65,42.83
5165,2022/12/21 19:15,8.64,9.41,42.86
5166,2022/12/21 19:30,8.62,9.41,42.26
5167,2022/12/21 19:45,8.6,9.03,42.02
5168,2022/12/21 20:00,8.58,9.41,39.11
5169,2022/12/21 20:15,8.56,8.26,35.36
5170,2022/12/21 20:30,8.55,7.11,32.58
5171,2022/12/21 20:45,8.54,6.35,32.98
5172,2022/12/21 21:00,8.54,7.88,32.88
5173,2022/12/21 21:15,8.54,7.88,36.93
5174,2022/12/21 21:30,8.54,8.26,37.7
5175,2022/12/21 21:45,8.54,7.11,38.57
5176,2022/12/21 22:00,8.55,7.5,34.05
5177,2022/12/21 22:15,8.56,6.35,36.73
5178,2022/12/21 22:30,8.57,6.73,33.55
5179,2022/12/21 22:45,8.58,6.35,35.19
5180,2022/12/21 23:00,8.59,7.5,39.08
5181,2022/12/21 23:15,8.59,8.65,38.51
5182,2022/12/21 23:30,8.6,9.03,39.68
5183,2022/12/21 23:45,8.6,8.65,39.91
5184,2022/12/22 0:00,8.55,8.65,39.68
5185,2022/12/22 0:15,8.56,8.65,40.05
5186,2022/12/22 0:30,8.56,8.65,38.87
5187,2022/12/22 0:45,8.57,7.11,33.52
5188,2022/12/22 1:00,8.57,7.5,38.97
5189,2022/12/22 1:15,8.59,7.5,37.97
5190,2022/12/22 1:30,8.6,9.41,39.28
5191,2022/12/22 1:45,8.61,6.73,37.74
5192,2022/12/22 2:00,8.63,6.73,38.91
5193,2022/12/22 2:15,8.65,8.26,34.09
5194,2022/12/22 2:30,8.67,6.35,35.96
5195,2022/12/22 2:45,8.7,9.03,37.7
5196,2022/12/22 3:00,8.72,7.88,40.65
5197,2022/12/22 3:15,8.75,9.41,35.06
5198,2022/12/22 3:30,8.78,7.88,37.23
5199,2022/12/22 3:45,8.81,8.65,41.32
5200,2022/12/22 4:00,8.84,9.41,41.62
5201,2022/12/22 4:15,8.86,9.41,42.83
5202,2022/12/22 4:30,8.89,7.5,43.43
5203,2022/12/22 4:45,8.91,9.03,43.39
5204,2022/12/22 5:00,8.93,9.03,45.1
5205,2022/12/22 5:15,8.95,8.65,42.49
5206,2022/12/22 5:30,8.96,8.26,39.18
5207,2022/12/22 5:45,8.97,9.03,42.62
5208,2022/12/22 6:00,8.59,8.26,42.62
5209,2022/12/22 6:15,8.61,8.65,43.8
5210,2022/12/22 6:30,8.63,9.03,43.8
5211,2022/12/22 6:45,8.65,9.03,43.7
5212,2022/12/22 7:00,8.67,8.65,43.13
5213,2022/12/22 7:15,8.69,9.41,44.37
5214,2022/12/22 7:30,8.72,9.03,44.63
5215,2022/12/22 7:45,8.74,7.5,40.75
5216,2022/12/22 8:00,8.76,5.58,37.07
5217,2022/12/22 8:15,8.78,8.26,40.78
5218,2022/12/22 8:30,8.8,7.5,40.68
5219,2022/12/22 8:45,8.82,6.73,38.67
5220,2022/12/22 9:00,8.84,6.35,41.18
5221,2022/12/22 9:15,8.87,7.88,35.99
5222,2022/12/22 9:30,8.89,9.03,39.81
5223,2022/12/22 9:45,8.92,6.35,39.51
5224,2022/12/22 10:00,8.94,7.11,42.26
5225,2022/12/22 10:15,8.97,7.11,44.77
5226,2022/12/22 10:30,9.01,8.26,37.43
5227,2022/12/22 10:45,9.04,7.5,33.78
5228,2022/12/22 11:00,9.08,9.03,42.06
5229,2022/12/22 11:15,9.11,8.65,37.74
5230,2022/12/22 11:30,9.15,10.18,40.11
5231,2022/12/22 11:45,9.19,5.96,41.65
5232,2022/12/22 12:00,9.19,9.8,38.1
5233,2022/12/22 12:15,9.24,9.8,41.79
5234,2022/12/22 12:30,9.28,9.03,47.88
5235,2022/12/22 12:45,9.32,9.03,46.17
5236,2022/12/22 13:00,9.35,9.41,45.27
5237,2022/12/22 13:15,9.38,10.18,44.33
5238,2022/12/22 13:30,9.41,9.03,44.03
5239,2022/12/22 13:45,9.43,9.8,43.19
5240,2022/12/22 14:00,9.45,7.5,40.65
5241,2022/12/22 14:15,9.46,7.88,37.57
5242,2022/12/22 14:30,9.47,7.88,31.27
5243,2022/12/22 14:45,9.48,6.73,34.12
5244,2022/12/22 15:00,9.48,8.65,32.34
5245,2022/12/22 15:15,9.48,9.8,35.53
5246,2022/12/22 15:30,9.48,6.73,42.79
5247,2022/12/22 15:45,9.47,8.65,41.35
5248,2022/12/22 16:00,9.46,8.26,35.93
5249,2022/12/22 16:15,9.44,7.88,37.4
5250,2022/12/22 16:30,9.43,7.5,35.46
5251,2022/12/22 16:45,9.41,8.26,29.5
5252,2022/12/22 17:00,9.4,8.26,30.03
5253,2022/12/22 17:15,9.39,8.26,34.45
5254,2022/12/22 17:30,9.38,7.88,33.42
5255,2022/12/22 17:45,9.37,8.26,33.42
5256,2022/12/22 18:00,9.19,7.88,37.43
5257,2022/12/22 18:15,9.2,8.26,38.54
5258,2022/12/22 18:30,9.2,8.65,41.29
5259,2022/12/22 18:45,9.2,7.88,44.7
5260,2022/12/22 19:00,9.19,7.5,44.6
5261,2022/12/22 19:15,9.19,8.26,46.54
5262,2022/12/22 19:30,9.19,7.88,45.34
5263,2022/12/22 19:45,9.18,8.65,44.77
5264,2022/12/22 20:00,9.17,6.73,42.86
5265,2022/12/22 20:15,9.16,9.41,43.19
5266,2022/12/22 20:30,9.16,7.11,42.22
5267,2022/12/22 20:45,9.15,8.26,40.15
5268,2022/12/22 21:00,9.15,7.88,40.65
5269,2022/12/22 21:15,9.14,7.88,40.95
5270,2022/12/22 21:30,9.15,9.03,38.47
5271,2022/12/22 21:45,9.16,8.26,41.22
5272,2022/12/22 22:00,9.17,9.03,41.35
5273,2022/12/22 22:15,9.19,9.41,44.33
5274,2022/12/22 22:30,9.21,9.8,43.39
5275,2022/12/22 22:45,9.24,10.18,45.17
5276,2022/12/22 23:00,9.28,9.8,47.08
5277,2022/12/22 23:15,9.32,8.65,45.04
5278,2022/12/22 23:30,9.37,8.65,45.7
5279,2022/12/22 23:45,9.43,10.18,48.22
5280,2022/12/23 0:00,9.52,9.41,48.18
5281,2022/12/23 0:15,9.6,9.8,48.38
5282,2022/12/23 0:30,9.67,9.03,48.45
5283,2022/12/23 0:45,9.74,11.33,48.52
5284,2022/12/23 1:00,9.81,10.56,48.18
5285,2022/12/23 1:15,9.88,10.56,48.48
5286,2022/12/23 1:30,9.95,9.8,48.25
5287,2022/12/23 1:45,10.01,10.94,48.25
5288,2022/12/23 2:00,10.07,11.33,48.52
5289,2022/12/23 2:15,10.13,13.24,48.22
5290,2022/12/23 2:30,10.18,12.48,48.25
5291,2022/12/23 2:45,10.23,11.33,48.42
5292,2022/12/23 3:00,10.28,11.71,48.35
5293,2022/12/23 3:15,10.32,10.18,47.75
5294,2022/12/23 3:30,10.36,9.41,47.31
5295,2022/12/23 3:45,10.4,9.8,45.57
5296,2022/12/23 4:00,10.42,9.03,44.1
5297,2022/12/23 4:15,10.45,8.26,41.45
5298,2022/12/23 4:30,10.48,7.5,41.82
5299,2022/12/23 4:45,10.51,8.65,45.3
5300,2022/12/23 5:00,10.54,10.94,45.34
5301,2022/12/23 5:15,10.57,10.56,48.08
5302,2022/12/23 5:30,10.6,12.09,47.98
5303,2022/12/23 5:45,10.64,9.8,46.34
5304,2022/12/23 6:00,10.37,10.18,43.76
5305,2022/12/23 6:15,10.38,7.88,44.57
5306,2022/12/23 6:30,10.38,9.8,46.71
5307,2022/12/23 6:45,10.38,8.65,44.33
5308,2022/12/23 7:00,10.37,8.26,42.76
5309,2022/12/23 7:15,10.36,8.65,43.16
5310,2022/12/23 7:30,10.35,7.88,41.92
5311,2022/12/23 7:45,10.34,7.5,44.33
5312,2022/12/23 8:00,10.33,9.03,43.09
5313,2022/12/23 8:15,10.32,7.5,45.3
5314,2022/12/23 8:30,10.3,8.26,47.08
5315,2022/12/23 8:45,10.29,11.33,46.04
5316,2022/12/23 9:00,10.27,8.65,42.62
5317,2022/12/23 9:15,10.26,10.18,39.85
5318,2022/12/23 9:30,10.24,8.65,39.38
5319,2022/12/23 9:45,10.23,8.65,37.57
5320,2022/12/23 10:00,10.21,7.11,42.39
5321,2022/12/23 10:15,10.2,8.65,43.96
5322,2022/12/23 10:30,10.18,9.41,43.9
5323,2022/12/23 10:45,10.17,10.56,44.6
5324,2022/12/23 11:00,10.15,9.03,46.01
5325,2022/12/23 11:15,10.14,7.5,46.17
5326,2022/12/23 11:30,10.12,9.8,44.73
5327,2022/12/23 11:45,10.11,9.03,44.43
5328,2022/12/23 12:00,10.09,10.56,44.73
5329,2022/12/23 12:15,10.08,9.03,42.19
5330,2022/12/23 12:30,10.07,9.03,40.78
5331,2022/12/23 12:45,10.07,11.33,41.99
5332,2022/12/23 13:00,10.07,8.26,40.55
5333,2022/12/23 13:15,10.06,9.41,42.06
5334,2022/12/23 13:30,10.06,6.73,42.39
5335,2022/12/23 13:45,10.07,7.88,39.41
5336,2022/12/23 14:00,10.07,6.35,33.52
5337,2022/12/23 14:15,10.08,10.18,39.01
5338,2022/12/23 14:30,10.08,8.26,41.92
5339,2022/12/23 14:45,10.09,8.26,34.09
5340,2022/12/23 15:00,10.11,7.11,39.14
5341,2022/12/23 15:15,10.12,9.03,41.49
5342,2022/12/23 15:30,10.13,7.5,43.06
5343,2022/12/23 15:45,10.14,7.11,38.41
5344,2022/12/23 16:00,10.14,7.11,32.08
5345,2022/12/23 16:15,10.13,8.26,37.47
5346,2022/12/23 16:30,10.12,7.88,41.65
5347,2022/12/23 16:45,10.11,6.73,41.95
5348,2022/12/23 17:00,10.09,7.5,42.72
5349,2022/12/23 17:15,10.06,8.26,42.39
5350,2022/12/23 17:30,10.04,7.11,41.45
5351,2022/12/23 17:45,10,8.26,38.97
5352,2022/12/23 18:00,9.45,8.26,40.41
5353,2022/12/23 18:15,9.44,7.88,37.5
5354,2022/12/23 18:30,9.43,7.5,35.16
5355,2022/12/23 18:45,9.43,8.65,38.94
5356,2022/12/23 19:00,9.42,7.88,36.06
5357,2022/12/23 19:15,9.42,7.5,30.57
5358,2022/12/23 19:30,9.42,5.2,30.8
5359,2022/12/23 19:45,9.42,6.73,28.8
5360,2022/12/23 20:00,9.42,6.73,26.38
5361,2022/12/23 20:15,9.42,7.88,28.9
5362,2022/12/23 20:30,9.43,7.88,32.01
5363,2022/12/23 20:45,9.43,9.03,41.22
5364,2022/12/23 21:00,9.43,8.65,43.7
5365,2022/12/23 21:15,9.43,7.11,37.4
5366,2022/12/23 21:30,9.43,8.65,39.68
5367,2022/12/23 21:45,9.42,9.41,43.16
5368,2022/12/23 22:00,9.41,9.8,44.5
5369,2022/12/23 22:15,9.4,9.8,42.39
5370,2022/12/23 22:30,9.38,9.41,42.32
5371,2022/12/23 22:45,9.36,9.03,42.99
5372,2022/12/23 23:00,9.34,10.18,45.07
5373,2022/12/23 23:15,9.31,10.18,46.34
5374,2022/12/23 23:30,9.28,9.41,46.64
5375,2022/12/23 23:45,9.25,9.41,46.81
5376,2022/12/24 0:00,9.19,9.03,46.88
5377,2022/12/24 0:15,9.15,8.65,43.76
5378,2022/12/24 0:30,9.11,9.8,47.85
5379,2022/12/24 0:45,9.07,10.18,48.08
5380,2022/12/24 1:00,9.03,9.41,48.25
5381,2022/12/24 1:15,8.98,9.41,48.32
5382,2022/12/24 1:30,8.94,9.03,48.15
5383,2022/12/24 1:45,8.9,10.94,48.48
5384,2022/12/24 2:00,8.85,8.26,48.05
5385,2022/12/24 2:15,8.81,9.03,47.51
5386,2022/12/24 2:30,8.78,9.41,46.78
5387,2022/12/24 2:45,8.74,9.03,45.17
5388,2022/12/24 3:00,8.71,9.8,45.34
5389,2022/12/24 3:15,8.68,9.8,47.75
5390,2022/12/24 3:30,8.64,10.56,48.45
5391,2022/12/24 3:45,8.61,10.18,48.15
5392,2022/12/24 4:00,8.57,9.8,48.15
5393,2022/12/24 4:15,8.53,11.33,48.38
5394,2022/12/24 4:30,8.49,10.94,48.45
5395,2022/12/24 4:45,8.44,10.94,48.22
5396,2022/12/24 5:00,8.39,9.8,47.35
5397,2022/12/24 5:15,8.34,9.8,47.45
5398,2022/12/24 5:30,8.28,9.41,47.28
5399,2022/12/24 5:45,8.22,10.18,46.64
5400,2022/12/24 6:00,8.28,9.41,47.28
5401,2022/12/24 6:15,8.23,8.65,44.97
5402,2022/12/24 6:30,8.16,8.65,43.96
5403,2022/12/24 6:45,8.09,7.5,39.11
5404,2022/12/24 7:00,8.01,8.65,41.72
5405,2022/12/24 7:15,7.92,9.03,42.06
5406,2022/12/24 7:30,7.82,9.03,41.49
5407,2022/12/24 7:45,7.72,9.03,43.83
5408,2022/12/24 8:00,7.61,9.8,45
5409,2022/12/24 8:15,7.5,9.41,42.66
5410,2022/12/24 8:30,7.38,8.65,38.87
5411,2022/12/24 8:45,7.26,8.65,38.37
5412,2022/12/24 9:00,7.14,9.41,36.56
5413,2022/12/24 9:15,7.02,7.5,36.53
5414,2022/12/24 9:30,6.9,7.88,32.08
5415,2022/12/24 9:45,6.79,7.11,31.81
5416,2022/12/24 10:00,6.68,9.8,33.85
5417,2022/12/24 10:15,6.57,8.65,28.23
5418,2022/12/24 10:30,6.48,7.88,20.79
5419,2022/12/24 10:45,6.39,7.5,23.74
5420,2022/12/24 11:00,6.31,5.96,23.34
5421,2022/12/24 11:15,6.24,6.73,24.01
5422,2022/12/24 11:30,6.18,7.11,20.86
5423,2022/12/24 11:45,6.12,6.73,15.94
5424,2022/12/24 12:00,6.1,6.35,13.56
5425,2022/12/24 12:15,6.06,4.82,14
5426,2022/12/24 12:30,6.03,6.35,13.19
5427,2022/12/24 12:45,6.02,6.35,11.89
5428,2022/12/24 13:00,6.01,5.2,8.5
5429,2022/12/24 13:15,6.01,4.82,9.01
5430,2022/12/24 13:30,6.02,4.82,7.94
5431,2022/12/24 13:45,6.04,4.05,10.31
5432,2022/12/24 14:00,6.06,5.96,11.69
5433,2022/12/24 14:15,6.09,5.2,14.77
5434,2022/12/24 14:30,6.12,5.2,21.46
5435,2022/12/24 14:45,6.16,4.82,16.71
5436,2022/12/24 15:00,6.21,4.05,13.13
5437,2022/12/24 15:15,6.26,6.35,14.9
5438,2022/12/24 15:30,6.32,6.35,17.85
5439,2022/12/24 15:45,6.39,4.82,14.6
5440,2022/12/24 16:00,6.46,5.2,13.93
5441,2022/12/24 16:15,6.54,6.35,12.72
5442,2022/12/24 16:30,6.63,6.35,14.53
5443,2022/12/24 16:45,6.71,5.96,13.66
5444,2022/12/24 17:00,6.79,6.73,19.42
5445,2022/12/24 17:15,6.87,6.73,20.22
5446,2022/12/24 17:30,6.95,6.73,17.41
5447,2022/12/24 17:45,7.02,6.35,14.83
5448,2022/12/24 18:00,7.12,5.96,15.5
5449,2022/12/24 18:15,7.2,5.96,16.64
5450,2022/12/24 18:30,7.26,6.73,17.48
5451,2022/12/24 18:45,7.32,6.35,17.91
5452,2022/12/24 19:00,7.37,7.5,20.22
5453,2022/12/24 19:15,7.42,7.11,21.5
5454,2022/12/24 19:30,7.45,6.35,20.99
5455,2022/12/24 19:45,7.48,6.73,19.59
5456,2022/12/24 20:00,7.5,4.82,16.21
5457,2022/12/24 20:15,7.52,6.35,15.2
5458,2022/12/24 20:30,7.52,5.96,17.78
5459,2022/12/24 20:45,7.52,5.96,18.28
5460,2022/12/24 21:00,7.52,5.96,21.3
5461,2022/12/24 21:15,7.51,5.96,21.73
5462,2022/12/24 21:30,7.51,6.73,19.25
5463,2022/12/24 21:45,7.5,5.96,17.04
5464,2022/12/24 22:00,7.49,5.96,16.11
5465,2022/12/24 22:15,7.49,5.58,13.33
5466,2022/12/24 22:30,7.49,5.58,12.79
5467,2022/12/24 22:45,7.49,5.96,13.06
5468,2022/12/24 23:00,7.49,6.73,14.83
5469,2022/12/24 23:15,7.5,6.73,15.7
5470,2022/12/24 23:30,7.51,6.35,17.85
5471,2022/12/24 23:45,7.52,6.73,20.32
5472,2022/12/25 0:00,7.56,6.73,20.69
5473,2022/12/25 0:15,7.56,7.11,24.88
5474,2022/12/25 0:30,7.57,8.26,29.26
5475,2022/12/25 0:45,7.57,8.65,35.59
5476,2022/12/25 1:00,7.58,8.65,30.64
5477,2022/12/25 1:15,7.59,9.41,38.57
5478,2022/12/25 1:30,7.59,9.8,40.75
5479,2022/12/25 1:45,7.6,8.65,34.45
5480,2022/12/25 2:00,7.6,8.65,37.23
5481,2022/12/25 2:15,7.61,8.26,32.75
5482,2022/12/25 2:30,7.61,8.26,33.05
5483,2022/12/25 2:45,7.61,8.65,32.21
5484,2022/12/25 3:00,7.62,9.03,37.47
5485,2022/12/25 3:15,7.62,8.26,40.51
5486,2022/12/25 3:30,7.62,8.26,36.56
5487,2022/12/25 3:45,7.61,7.11,29.97
5488,2022/12/25 4:00,7.61,7.11,28.93
5489,2022/12/25 4:15,7.6,7.88,31.74
5490,2022/12/25 4:30,7.58,8.65,36.93
5491,2022/12/25 4:45,7.57,8.26,38.17
5492,2022/12/25 5:00,7.55,8.26,41.35
5493,2022/12/25 5:15,7.54,9.41,42.46
5494,2022/12/25 5:30,7.51,9.41,43.13
5495,2022/12/25 5:45,7.49,8.26,42.76
5496,2022/12/25 6:00,7.65,7.88,36.33
5497,2022/12/25 6:15,7.62,8.26,36.56
5498,2022/12/25 6:30,7.57,7.11,34.72
5499,2022/12/25 6:45,7.52,7.88,34.55
5500,2022/12/25 7:00,7.45,6.73,34.86
5501,2022/12/25 7:15,7.38,7.88,42.19
5502,2022/12/25 7:30,7.3,8.26,42.96
5503,2022/12/25 7:45,7.21,8.26,43.73
5504,2022/12/25 8:00,7.12,7.88,38.94
5505,2022/12/25 8:15,7.02,7.5,40.25
5506,2022/12/25 8:30,6.92,7.88,35.66
5507,2022/12/25 8:45,6.82,5.58,24.04
5508,2022/12/25 9:00,6.71,6.35,20.16
5509,2022/12/25 9:15,6.61,5.58,17.34
5510,2022/12/25 9:30,6.5,5.96,12.92
5511,2022/12/25 9:45,6.4,5.2,11.28
5512,2022/12/25 10:00,6.31,5.2,9.48
5513,2022/12/25 10:15,6.21,4.82,8.3
5514,2022/12/25 10:30,6.13,4.82,6.6
5515,2022/12/25 10:45,6.06,4.82,6.43
5516,2022/12/25 11:00,6,2.9,5.56
5517,2022/12/25 11:15,5.95,3.67,3.98
5518,2022/12/25 11:30,5.91,4.05,5.16
5519,2022/12/25 11:45,5.88,4.82,5.46
5520,2022/12/25 12:00,5.84,4.43,5.42
5521,2022/12/25 12:15,5.82,3.28,5.32
5522,2022/12/25 12:30,5.81,3.67,5.86
5523,2022/12/25 12:45,5.8,3.28,7.27
5524,2022/12/25 13:00,5.8,2.9,5.96
5525,2022/12/25 13:15,5.8,4.05,6.06
5526,2022/12/25 13:30,5.79,3.67,4.42
5527,2022/12/25 13:45,5.79,4.05,2.54
5528,2022/12/25 14:00,5.78,2.9,2.91
5529,2022/12/25 14:15,5.77,3.28,4.05
5530,2022/12/25 14:30,5.75,2.52,4.82
5531,2022/12/25 14:45,5.74,2.9,4.19
5532,2022/12/25 15:00,5.72,3.67,4.92
5533,2022/12/25 15:15,5.69,4.43,5.73
5534,2022/12/25 15:30,5.67,4.43,5.49
5535,2022/12/25 15:45,5.65,4.43,5.16
5536,2022/12/25 16:00,5.63,3.28,6.53
5537,2022/12/25 16:15,5.62,4.82,7.3
5538,2022/12/25 16:30,5.61,4.82,6.56
5539,2022/12/25 16:45,5.61,4.43,6.46
5540,2022/12/25 17:00,5.61,4.05,7.06
5541,2022/12/25 17:15,5.61,4.43,8.34
5542,2022/12/25 17:30,5.62,5.2,11.42
5543,2022/12/25 17:45,5.62,5.96,11.48
5544,2022/12/25 18:00,5.76,5.96,13.46
5545,2022/12/25 18:15,5.76,6.35,15
5546,2022/12/25 18:30,5.75,5.58,13.23
5547,2022/12/25 18:45,5.74,6.35,14.57
5548,2022/12/25 19:00,5.72,6.35,14.13
5549,2022/12/25 19:15,5.7,5.58,13.33
5550,2022/12/25 19:30,5.67,5.96,15.17
5551,2022/12/25 19:45,5.62,6.73,17.04
5552,2022/12/25 20:00,5.56,6.35,17.78
5553,2022/12/25 20:15,5.49,6.73,14.5
5554,2022/12/25 20:30,5.41,6.35,11.28
5555,2022/12/25 20:45,5.32,5.96,8.1
5556,2022/12/25 21:00,5.21,5.58,5.49
5557,2022/12/25 21:15,5.1,4.05,3.68
5558,2022/12/25 21:30,4.99,2.9,3.25
5559,2022/12/25 21:45,4.88,4.43,5.16
5560,2022/12/25 22:00,4.77,2.52,5.76
5561,2022/12/25 22:15,4.67,3.67,6.7
5562,2022/12/25 22:30,4.56,4.05,5.73
5563,2022/12/25 22:45,4.46,2.52,5.59
5564,2022/12/25 23:00,4.36,1.37,3.38
5565,2022/12/25 23:15,4.26,2.52,2.41
5566,2022/12/25 23:30,4.17,4.05,1.24
5567,2022/12/25 23:45,4.08,4.05,1.04
5568,2022/12/26 0:00,4.19,4.05,1.81
5569,2022/12/26 0:15,4.11,3.28,1
5570,2022/12/26 0:30,4.03,2.52,0.84
5571,2022/12/26 0:45,3.96,2.52,0.8
5572,2022/12/26 1:00,3.9,2.9,1.61
5573,2022/12/26 1:15,3.84,4.43,3.88
5574,2022/12/26 1:30,3.78,4.43,4.99
5575,2022/12/26 1:45,3.71,5.2,6.36
5576,2022/12/26 2:00,3.65,5.2,6.16
5577,2022/12/26 2:15,3.59,4.43,3.65
5578,2022/12/26 2:30,3.53,4.43,2.75
5579,2022/12/26 2:45,3.47,4.05,2.18
5580,2022/12/26 3:00,3.4,4.82,3.72
5581,2022/12/26 3:15,3.33,4.82,2.81
5582,2022/12/26 3:30,3.26,4.82,2.31
5583,2022/12/26 3:45,3.18,5.2,1.94
5584,2022/12/26 4:00,3.09,3.28,1.14
5585,2022/12/26 4:15,3,4.05,1.47
5586,2022/12/26 4:30,2.9,1.75,0.2
5587,2022/12/26 4:45,2.8,1.37,0
5588,2022/12/26 5:00,2.7,1.75,0
5589,2022/12/26 5:15,2.59,1.75,0
5590,2022/12/26 5:30,2.48,0,0
5591,2022/12/26 5:45,2.36,0,0
5592,2022/12/26 6:00,2,0,0
5593,2022/12/26 6:15,1.91,0,0
5594,2022/12/26 6:30,1.82,0,0
5595,2022/12/26 6:45,1.74,0,0
5596,2022/12/26 7:00,1.66,0,0
5597,2022/12/26 7:15,1.59,0,0
5598,2022/12/26 7:30,1.53,0,0
5599,2022/12/26 7:45,1.48,0,0
5600,2022/12/26 8:00,1.43,0,0
5601,2022/12/26 8:15,1.4,0,0
5602,2022/12/26 8:30,1.38,0,0
5603,2022/12/26 8:45,1.37,0,0
5604,2022/12/26 9:00,1.37,2.14,0
5605,2022/12/26 9:15,1.39,2.9,0
5606,2022/12/26 9:30,1.4,2.9,0
5607,2022/12/26 9:45,1.41,2.14,0
5608,2022/12/26 10:00,1.43,1.37,0
5609,2022/12/26 10:15,1.45,0,0
5610,2022/12/26 10:30,1.47,0,0
5611,2022/12/26 10:45,1.48,1.37,0
5612,2022/12/26 11:00,1.5,2.52,0
5613,2022/12/26 11:15,1.51,1.75,0
5614,2022/12/26 11:30,1.52,1.37,0
5615,2022/12/26 11:45,1.52,1.75,0
5616,2022/12/26 12:00,1.5,1.75,0
5617,2022/12/26 12:15,1.5,2.14,0
5618,2022/12/26 12:30,1.5,1.75,0
5619,2022/12/26 12:45,1.49,2.52,0
5620,2022/12/26 13:00,1.47,2.14,0
5621,2022/12/26 13:15,1.45,2.14,0
5622,2022/12/26 13:30,1.43,2.52,0
5623,2022/12/26 13:45,1.42,2.14,0
5624,2022/12/26 14:00,1.4,2.52,0
5625,2022/12/26 14:15,1.38,2.14,0
5626,2022/12/26 14:30,1.37,0.99,0
5627,2022/12/26 14:45,1.35,1.37,0
5628,2022/12/26 15:00,1.33,0.6,0
5629,2022/12/26 15:15,1.31,0.99,0
5630,2022/12/26 15:30,1.29,0,0
5631,2022/12/26 15:45,1.28,0,0
5632,2022/12/26 16:00,1.26,0,0
5633,2022/12/26 16:15,1.25,0,0
5634,2022/12/26 16:30,1.24,0,0
5635,2022/12/26 16:45,1.23,0,0
5636,2022/12/26 17:00,1.23,0,0
5637,2022/12/26 17:15,1.23,0,0
5638,2022/12/26 17:30,1.23,0,0
5639,2022/12/26 17:45,1.23,0,0
5640,2022/12/26 18:00,1.48,0,0
5641,2022/12/26 18:15,1.53,0,0
5642,2022/12/26 18:30,1.58,0,0
5643,2022/12/26 18:45,1.63,1.75,0
5644,2022/12/26 19:00,1.69,1.37,0
5645,2022/12/26 19:15,1.74,1.75,0
5646,2022/12/26 19:30,1.79,1.75,0
5647,2022/12/26 19:45,1.84,1.75,0
5648,2022/12/26 20:00,1.88,1.37,0
5649,2022/12/26 20:15,1.92,1.75,0
5650,2022/12/26 20:30,1.95,2.14,0
5651,2022/12/26 20:45,1.98,2.52,0
5652,2022/12/26 21:00,2,2.14,0
5653,2022/12/26 21:15,2.02,2.52,0
5654,2022/12/26 21:30,2.03,2.14,0
5655,2022/12/26 21:45,2.04,2.14,0
5656,2022/12/26 22:00,2.05,3.67,0
5657,2022/12/26 22:15,2.05,3.67,0
5658,2022/12/26 22:30,2.05,2.9,0.03
5659,2022/12/26 22:45,2.05,3.67,0.9
5660,2022/12/26 23:00,2.04,4.05,1.77
5661,2022/12/26 23:15,2.04,4.05,1.84
5662,2022/12/26 23:30,2.04,4.82,3.45
5663,2022/12/26 23:45,2.04,4.82,3.82
5664,2022/12/27 0:00,2.11,4.43,3.18
5665,2022/12/27 0:15,2.11,4.82,2.41
5666,2022/12/27 0:30,2.12,4.05,1.71
5667,2022/12/27 0:45,2.14,4.82,2.95
5668,2022/12/27 1:00,2.16,3.67,1.57
5669,2022/12/27 1:15,2.19,3.67,1.17
5670,2022/12/27 1:30,2.23,4.43,2.11
5671,2022/12/27 1:45,2.27,4.43,3.21
5672,2022/12/27 2:00,2.32,4.43,2.58
5673,2022/12/27 2:15,2.38,3.67,0.74
5674,2022/12/27 2:30,2.43,3.28,0.13
5675,2022/12/27 2:45,2.5,0.6,0
5676,2022/12/27 3:00,2.56,2.52,0
5677,2022/12/27 3:15,2.63,2.52,0
5678,2022/12/27 3:30,2.7,2.14,0
5679,2022/12/27 3:45,2.77,2.14,0
5680,2022/12/27 4:00,2.85,2.52,0
5681,2022/12/27 4:15,2.93,3.28,0
5682,2022/12/27 4:30,3.01,3.67,3.38
5683,2022/12/27 4:45,3.09,0.99,4.08
5684,2022/12/27 5:00,3.16,2.52,4.22
5685,2022/12/27 5:15,3.23,0.6,4.08
5686,2022/12/27 5:30,3.3,0.99,3.18
5687,2022/12/27 5:45,3.36,1.37,3.48
5688,2022/12/27 6:00,3.47,2.14,4.55
5689,2022/12/27 6:15,3.52,0.99,4.05
5690,2022/12/27 6:30,3.57,2.52,4.12
5691,2022/12/27 6:45,3.61,3.67,5.36
5692,2022/12/27 7:00,3.64,2.52,5.69
5693,2022/12/27 7:15,3.66,2.14,5.89
5694,2022/12/27 7:30,3.67,4.05,6.76
5695,2022/12/27 7:45,3.67,4.05,8.34
5696,2022/12/27 8:00,3.66,4.43,10.35
5697,2022/12/27 8:15,3.63,4.43,9.07
5698,2022/12/27 8:30,3.6,4.82,9.34
5699,2022/12/27 8:45,3.56,3.28,12.09
5700,2022/12/27 9:00,3.5,2.14,10.75
5701,2022/12/27 9:15,3.43,1.37,7.67
5702,2022/12/27 9:30,3.36,2.14,8.2
5703,2022/12/27 9:45,3.29,1.75,8.44
5704,2022/12/27 10:00,3.21,4.43,7.77
5705,2022/12/27 10:15,3.12,2.52,7.47
5706,2022/12/27 10:30,3.04,3.67,7.13
5707,2022/12/27 10:45,2.95,3.67,8.74
5708,2022/12/27 11:00,2.87,4.05,4.86
5709,2022/12/27 11:15,2.79,2.9,4.52
5710,2022/12/27 11:30,2.71,3.28,4.65
5711,2022/12/27 11:45,2.64,2.9,1.14
5712,2022/12/27 12:00,2.72,1.75,0.07
5713,2022/12/27 12:15,2.7,1.37,0
5714,2022/12/27 12:30,2.68,3.28,0
5715,2022/12/27 12:45,2.67,1.75,0
5716,2022/12/27 13:00,2.67,2.14,0
5717,2022/12/27 13:15,2.67,1.37,0
5718,2022/12/27 13:30,2.68,1.37,0
5719,2022/12/27 13:45,2.69,0.99,0
5720,2022/12/27 14:00,2.69,0.6,0
5721,2022/12/27 14:15,2.7,0,0
5722,2022/12/27 14:30,2.71,0.99,0
5723,2022/12/27 14:45,2.72,2.9,1
5724,2022/12/27 15:00,2.73,2.9,0.74
5725,2022/12/27 15:15,2.74,1.75,0
5726,2022/12/27 15:30,2.76,2.14,0
5727,2022/12/27 15:45,2.77,2.9,0.2
5728,2022/12/27 16:00,2.78,3.28,2.31
5729,2022/12/27 16:15,2.8,3.28,2.04
5730,2022/12/27 16:30,2.82,2.9,1.47
5731,2022/12/27 16:45,2.85,2.52,0.97
5732,2022/12/27 17:00,2.88,2.9,0.57
5733,2022/12/27 17:15,2.91,3.28,1.14
5734,2022/12/27 17:30,2.96,3.28,2.01
5735,2022/12/27 17:45,3.01,3.28,1.74
5736,2022/12/27 18:00,2.96,2.9,1.61
5737,2022/12/27 18:15,3.02,4.05,3.55
5738,2022/12/27 18:30,3.09,4.05,7.27
5739,2022/12/27 18:45,3.16,6.73,15.8
5740,2022/12/27 19:00,3.23,7.11,19.02
5741,2022/12/27 19:15,3.3,6.73,26.75
5742,2022/12/27 19:30,3.38,5.96,22.84
5743,2022/12/27 19:45,3.45,6.35,19.22
5744,2022/12/27 20:00,3.53,5.96,23.34
5745,2022/12/27 20:15,3.61,5.58,25.61
5746,2022/12/27 20:30,3.68,5.96,25.58
5747,2022/12/27 20:45,3.76,6.35,22.94
5748,2022/12/27 21:00,3.83,7.11,20.26
5749,2022/12/27 21:15,3.9,7.11,17.88
5750,2022/12/27 21:30,3.97,5.96,18.58
5751,2022/12/27 21:45,4.03,5.96,18.55
5752,2022/12/27 22:00,4.08,5.96,19.89
5753,2022/12/27 22:15,4.13,6.35,19.82
5754,2022/12/27 22:30,4.17,6.35,19.25
5755,2022/12/27 22:45,4.22,6.35,17.98
5756,2022/12/27 23:00,4.27,5.96,17.41
5757,2022/12/27 23:15,4.31,6.35,19.55
5758,2022/12/27 23:30,4.36,7.88,24.88
5759,2022/12/27 23:45,4.41,7.5,25.55
5760,2022/12/28 0:00,4.44,7.5,21.56
5761,2022/12/28 0:15,4.5,6.73,19.45
5762,2022/12/28 0:30,4.55,6.35,18.01
5763,2022/12/28 0:45,4.61,6.73,18.35
5764,2022/12/28 1:00,4.65,5.96,16.67
5765,2022/12/28 1:15,4.7,6.73,17.88
5766,2022/12/28 1:30,4.74,7.11,16.61
5767,2022/12/28 1:45,4.79,6.35,17.71
5768,2022/12/28 2:00,4.83,5.58,15.7
5769,2022/12/28 2:15,4.87,4.82,9.88
5770,2022/12/28 2:30,4.91,5.2,10.05
5771,2022/12/28 2:45,4.94,4.43,9.11
5772,2022/12/28 3:00,4.97,4.82,8.94
5773,2022/12/28 3:15,5,4.82,6.26
5774,2022/12/28 3:30,5.03,4.43,6.09
5775,2022/12/28 3:45,5.04,5.2,5.69
5776,2022/12/28 4:00,5.05,4.05,5.22
5777,2022/12/28 4:15,5.05,5.96,8.67
5778,2022/12/28 4:30,5.06,5.2,8
5779,2022/12/28 4:45,5.06,5.58,11.35
5780,2022/12/28 5:00,5.06,6.35,11.75
5781,2022/12/28 5:15,5.06,5.2,9.34
5782,2022/12/28 5:30,5.06,4.05,8.1
5783,2022/12/28 5:45,5.06,4.43,6.7
5784,2022/12/28 6:00,4.69,2.9,4.32
5785,2022/12/28 6:15,4.71,4.05,3.01
5786,2022/12/28 6:30,4.73,3.28,1.64
5787,2022/12/28 6:45,4.74,1.75,0.33
5788,2022/12/28 7:00,4.74,2.9,0
5789,2022/12/28 7:15,4.74,2.14,0
5790,2022/12/28 7:30,4.74,1.75,0
5791,2022/12/28 7:45,4.74,2.14,0
5792,2022/12/28 8:00,4.73,2.14,0
5793,2022/12/28 8:15,4.73,2.52,0
5794,2022/12/28 8:30,4.72,2.14,0
5795,2022/12/28 8:45,4.71,2.52,0
5796,2022/12/28 9:00,4.7,2.9,0
5797,2022/12/28 9:15,4.68,2.52,0
5798,2022/12/28 9:30,4.67,2.52,0
5799,2022/12/28 9:45,4.66,2.52,0
5800,2022/12/28 10:00,4.65,2.14,0
5801,2022/12/28 10:15,4.64,2.52,0
5802,2022/12/28 10:30,4.64,2.9,0
5803,2022/12/28 10:45,4.65,2.9,0
5804,2022/12/28 11:00,4.66,3.67,0
5805,2022/12/28 11:15,4.68,3.28,0
5806,2022/12/28 11:30,4.71,2.9,0
5807,2022/12/28 11:45,4.75,3.28,0
5808,2022/12/28 12:00,4.81,4.05,0.3
5809,2022/12/28 12:15,4.85,4.43,2.41
5810,2022/12/28 12:30,4.91,4.43,4.92
5811,2022/12/28 12:45,4.96,5.2,7.27
5812,2022/12/28 13:00,5.02,4.82,7.17
5813,2022/12/28 13:15,5.09,4.82,8.5
5814,2022/12/28 13:30,5.17,5.58,8.71
5815,2022/12/28 13:45,5.24,5.58,8.14
5816,2022/12/28 14:00,5.32,4.43,6.33
5817,2022/12/28 14:15,5.41,5.58,9.54
5818,2022/12/28 14:30,5.5,4.43,9.78
5819,2022/12/28 14:45,5.59,5.58,13.36
5820,2022/12/28 15:00,5.68,5.58,14.36
5821,2022/12/28 15:15,5.78,6.35,17.28
5822,2022/12/28 15:30,5.88,5.58,18.11
5823,2022/12/28 15:45,5.97,6.35,17.55
5824,2022/12/28 16:00,6.07,6.35,18.08
5825,2022/12/28 16:15,6.16,6.73,21.03
5826,2022/12/28 16:30,6.25,6.73,25.61
5827,2022/12/28 16:45,6.33,7.11,27.19
5828,2022/12/28 17:00,6.42,8.26,33.52
5829,2022/12/28 17:15,6.5,7.88,37
5830,2022/12/28 17:30,6.57,7.88,37.17
5831,2022/12/28 17:45,6.64,8.65,39.64
5832,2022/12/28 18:00,6.55,8.26,40.11
5833,2022/12/28 18:15,6.61,9.03,41.92
5834,2022/12/28 18:30,6.65,8.65,43.09
5835,2022/12/28 18:45,6.69,9.8,45.3
5836,2022/12/28 19:00,6.72,9.8,48.22
5837,2022/12/28 19:15,6.74,10.18,48.92
5838,2022/12/28 19:30,6.76,10.18,47.21
5839,2022/12/28 19:45,6.77,10.56,47.21
5840,2022/12/28 20:00,6.78,10.18,47.68
5841,2022/12/28 20:15,6.78,10.18,48.28
5842,2022/12/28 20:30,6.79,10.18,48.05
5843,2022/12/28 20:45,6.79,10.56,48.32
5844,2022/12/28 21:00,6.78,10.56,48.28
5845,2022/12/28 21:15,6.78,10.56,48.38
5846,2022/12/28 21:30,6.77,10.56,47.18
5847,2022/12/28 21:45,6.76,10.56,47.61
5848,2022/12/28 22:00,6.76,10.18,46.64
5849,2022/12/28 22:15,6.75,9.8,44.63
5850,2022/12/28 22:30,6.74,10.18,42.49
5851,2022/12/28 22:45,6.73,9.41,38.64
5852,2022/12/28 23:00,6.73,9.41,38.44
5853,2022/12/28 23:15,6.72,8.65,36.26
5854,2022/12/28 23:30,6.71,9.03,35.06
5855,2022/12/28 23:45,6.7,6.35,32.91
5856,2022/12/29 0:00,6.86,7.11,29.8
5857,2022/12/29 0:15,6.83,7.88,31.71
5858,2022/12/29 0:30,6.79,7.88,28.39
5859,2022/12/29 0:45,6.75,7.88,25.01
5860,2022/12/29 1:00,6.71,7.11,24.61
5861,2022/12/29 1:15,6.66,7.5,21.97
5862,2022/12/29 1:30,6.6,7.11,17.51
5863,2022/12/29 1:45,6.53,7.11,18.52
5864,2022/12/29 2:00,6.47,6.73,16.27
5865,2022/12/29 2:15,6.39,6.73,16.67
5866,2022/12/29 2:30,6.31,7.5,15.7
5867,2022/12/29 2:45,6.22,7.11,15.07
5868,2022/12/29 3:00,6.14,6.35,12.79
5869,2022/12/29 3:15,6.05,6.73,13.86
5870,2022/12/29 3:30,5.97,5.96,16.57
5871,2022/12/29 3:45,5.89,6.35,15.1
5872,2022/12/29 4:00,5.82,6.73,15.77
5873,2022/12/29 4:15,5.76,6.73,17.91
5874,2022/12/29 4:30,5.7,6.73,18.32
5875,2022/12/29 4:45,5.65,6.35,15.94
5876,2022/12/29 5:00,5.61,6.73,18.18
5877,2022/12/29 5:15,5.57,6.73,15.23
5878,2022/12/29 5:30,5.54,7.11,16.74
5879,2022/12/29 5:45,5.52,6.73,15.67
5880,2022/12/29 6:00,nan,7.11,13.93
5881,2022/12/29 6:15,nan,6.35,13.63
5882,2022/12/29 6:30,nan,6.35,11.28
5883,2022/12/29 6:45,nan,6.35,12.49
5884,2022/12/29 7:00,nan,6.73,14.1
5885,2022/12/29 7:15,nan,7.11,13.96
5886,2022/12/29 7:30,nan,6.35,15.8
5887,2022/12/29 7:45,nan,6.35,16.11
5888,2022/12/29 8:00,nan,5.58,14.1
5889,2022/12/29 8:15,nan,5.58,11.99
5890,2022/12/29 8:30,nan,5.58,12.62
5891,2022/12/29 8:45,nan,6.35,11.72
5892,2022/12/29 9:00,nan,5.96,10.45
5893,2022/12/29 9:15,nan,5.96,9.81
5894,2022/12/29 9:30,nan,4.82,8.44
5895,2022/12/29 9:45,nan,4.05,5.86
5896,2022/12/29 10:00,nan,4.05,6.73
5897,2022/12/29 10:15,nan,3.67,6.26
5898,2022/12/29 10:30,nan,3.28,5.63
5899,2022/12/29 10:45,nan,3.28,4.25
5900,2022/12/29 11:00,nan,3.67,3.48
5901,2022/12/29 11:15,nan,4.82,2.54
5902,2022/12/29 11:30,nan,3.67,3.11
5903,2022/12/29 11:45,nan,2.9,1.77
5904,2022/12/29 12:00,4.43,2.9,1.94
5905,2022/12/29 12:15,4.44,2.52,2.04
5906,2022/12/29 12:30,4.45,3.67,3.05
5907,2022/12/29 12:45,4.48,4.43,3.18
5908,2022/12/29 13:00,4.51,3.28,2.71
5909,2022/12/29 13:15,4.56,4.05,1.84
5910,2022/12/29 13:30,4.61,3.28,2.88
5911,2022/12/29 13:45,4.66,2.52,2.44
5912,2022/12/29 14:00,4.73,2.9,2.18
5913,2022/12/29 14:15,4.8,4.43,3.38
5914,2022/12/29 14:30,4.87,4.82,4.42
5915,2022/12/29 14:45,4.95,4.82,5.69
5916,2022/12/29 15:00,5.03,4.43,6.46
5917,2022/12/29 15:15,5.13,5.2,8.67
5918,2022/12/29 15:30,5.22,4.82,8.81
5919,2022/12/29 15:45,5.32,5.96,12.36
5920,2022/12/29 16:00,5.41,6.35,12.99
5921,2022/12/29 16:15,5.51,5.96,14.4
5922,2022/12/29 16:30,5.61,6.73,17.18
5923,2022/12/29 16:45,5.7,6.73,18.95
5924,2022/12/29 17:00,5.78,7.11,25.01
5925,2022/12/29 17:15,5.86,7.11,24.18
5926,2022/12/29 17:30,5.94,7.11,28.19
5927,2022/12/29 17:45,6.01,7.5,33.62
5928,2022/12/29 18:00,5.78,7.88,37
5929,2022/12/29 18:15,5.84,9.03,41.55
5930,2022/12/29 18:30,5.89,8.65,42.76
5931,2022/12/29 18:45,5.93,9.41,41.75
5932,2022/12/29 19:00,5.97,9.03,43.56
5933,2022/12/29 19:15,5.99,9.41,45.57
5934,2022/12/29 19:30,6.01,9.03,46.54
5935,2022/12/29 19:45,6.02,9.8,47.55
5936,2022/12/29 20:00,6.03,10.18,48.15
5937,2022/12/29 20:15,6.04,10.18,47.98
5938,2022/12/29 20:30,6.04,10.18,47.81
5939,2022/12/29 20:45,6.04,9.8,48.15
5940,2022/12/29 21:00,6.03,10.94,48.38
5941,2022/12/29 21:15,6.02,10.56,48.38
5942,2022/12/29 21:30,6.02,10.94,47.25
5943,2022/12/29 21:45,6.01,10.94,48.05
5944,2022/12/29 22:00,6,9.8,47.75
5945,2022/12/29 22:15,5.99,10.56,47.81
5946,2022/12/29 22:30,6,10.94,47.14
5947,2022/12/29 22:45,6.01,9.41,47.48
5948,2022/12/29 23:00,6.02,10.18,45.84
5949,2022/12/29 23:15,6.05,10.18,43.23
5950,2022/12/29 23:30,6.08,9.41,33.52
5951,2022/12/29 23:45,6.11,7.88,26.35
5952,2022/12/30 0:00,6.18,8.26,25.92
5953,2022/12/30 0:15,6.21,7.88,23.91
5954,2022/12/30 0:30,6.25,7.5,22.94
5955,2022/12/30 0:45,6.28,7.11,21.46
5956,2022/12/30 1:00,6.33,7.11,18.38
5957,2022/12/30 1:15,6.37,7.11,17.98
5958,2022/12/30 1:30,6.42,7.5,18.52
5959,2022/12/30 1:45,6.46,7.88,19.19
5960,2022/12/30 2:00,6.5,7.11,20.26
5961,2022/12/30 2:15,6.54,7.5,26.05
5962,2022/12/30 2:30,6.58,7.11,26.59
5963,2022/12/30 2:45,6.61,7.11,26.25
5964,2022/12/30 3:00,6.64,7.5,23.64
5965,2022/12/30 3:15,6.67,7.5,23.07
5966,2022/12/30 3:30,6.7,7.5,23.97
5967,2022/12/30 3:45,6.73,7.5,21.9
5968,2022/12/30 4:00,6.77,7.11,18.75
5969,2022/12/30 4:15,6.82,7.5,16.91
5970,2022/12/30 4:30,6.87,7.11,18.05
5971,2022/12/30 4:45,6.92,6.73,19.02
5972,2022/12/30 5:00,6.97,6.35,16.84
5973,2022/12/30 5:15,7.03,6.35,15.17
5974,2022/12/30 5:30,7.09,6.35,16.41
5975,2022/12/30 5:45,7.15,5.58,15.74
5976,2022/12/30 6:00,7.1,5.96,16.44
5977,2022/12/30 6:15,7.16,6.73,23.14
5978,2022/12/30 6:30,7.21,7.11,30.6
5979,2022/12/30 6:45,7.26,8.65,35.59
5980,2022/12/30 7:00,7.31,8.65,31.44
5981,2022/12/30 7:15,7.34,7.5,28.29
5982,2022/12/30 7:30,7.37,8.65,31.21
5983,2022/12/30 7:45,7.38,8.26,29
5984,2022/12/30 8:00,7.39,8.26,34.72
5985,2022/12/30 8:15,7.38,8.26,31.68
5986,2022/12/30 8:30,7.36,8.26,31.71
5987,2022/12/30 8:45,7.33,7.5,31.57
5988,2022/12/30 9:00,7.29,7.88,32.34
5989,2022/12/30 9:15,7.24,7.5,29.13
5990,2022/12/30 9:30,7.19,7.5,24.07
5991,2022/12/30 9:45,7.15,6.73,23.57
5992,2022/12/30 10:00,7.11,7.5,21.97
5993,2022/12/30 10:15,7.07,5.96,17.61
5994,2022/12/30 10:30,7.04,6.35,21.13
5995,2022/12/30 10:45,7.02,7.88,20.53
5996,2022/12/30 11:00,7.01,7.11,19.35
5997,2022/12/30 11:15,7.01,6.35,16.57
5998,2022/12/30 11:30,7.02,5.58,14.03
5999,2022/12/30 11:45,7.04,4.43,15.6
6000,2022/12/30 12:00,7.09,4.05,20.12
6001,2022/12/30 12:15,7.14,7.11,23.47
6002,2022/12/30 12:30,7.2,6.35,26.15
6003,2022/12/30 12:45,7.27,6.73,24.07
6004,2022/12/30 13:00,7.36,7.88,25.58
6005,2022/12/30 13:15,7.47,8.65,30.07
6006,2022/12/30 13:30,7.59,8.65,34.69
6007,2022/12/30 13:45,7.71,9.03,34.82
6008,2022/12/30 14:00,7.84,9.41,32.14
6009,2022/12/30 14:15,7.97,7.11,30.67
6010,2022/12/30 14:30,8.12,7.5,28.93
6011,2022/12/30 14:45,8.27,7.5,36.73
6012,2022/12/30 15:00,8.43,7.5,39.78
6013,2022/12/30 15:15,8.6,7.88,41.42
6014,2022/12/30 15:30,8.78,9.8,41.69
6015,2022/12/30 15:45,8.95,9.8,44.2
6016,2022/12/30 16:00,9.12,9.03,48.65
6017,2022/12/30 16:15,9.3,9.8,48.35
6018,2022/12/30 16:30,9.46,10.18,48.32
6019,2022/12/30 16:45,9.62,10.56,48.48
6020,2022/12/30 17:00,9.78,10.94,48.48
6021,2022/12/30 17:15,9.92,9.8,48.28
6022,2022/12/30 17:30,10.06,11.33,48.55
6023,2022/12/30 17:45,10.19,11.33,48.42
6024,2022/12/30 18:00,10.36,13.24,48.32
6025,2022/12/30 18:15,10.48,12.48,48.25
6026,2022/12/30 18:30,10.58,11.33,48.52
6027,2022/12/30 18:45,10.68,12.86,48.65
6028,2022/12/30 19:00,10.76,13.63,48.55
6029,2022/12/30 19:15,10.82,12.09,48.28
6030,2022/12/30 19:30,10.88,13.24,48.35
6031,2022/12/30 19:45,10.93,12.86,48.48
6032,2022/12/30 20:00,10.98,12.86,48.45
6033,2022/12/30 20:15,11.01,12.09,48.52
6034,2022/12/30 20:30,11.04,12.86,48.38
6035,2022/12/30 20:45,11.06,10.56,48.18
6036,2022/12/30 21:00,11.07,12.48,48.28
6037,2022/12/30 21:15,11.06,10.56,48.32
6038,2022/12/30 21:30,11.05,12.48,48.22
6039,2022/12/30 21:45,11.02,13.63,48.32
6040,2022/12/30 22:00,10.98,12.48,48.15
6041,2022/12/30 22:15,10.93,13.24,48.68
6042,2022/12/30 22:30,10.87,13.63,48.42
6043,2022/12/30 22:45,10.8,13.63,48.52
6044,2022/12/30 23:00,10.72,13.63,48.55
6045,2022/12/30 23:15,10.64,13.63,48.28
6046,2022/12/30 23:30,10.55,13.24,48.42
6047,2022/12/30 23:45,10.45,12.86,48.42
6048,2022/12/31 0:00,10.42,11.71,48.38
6049,2022/12/31 0:15,10.31,12.09,48.48
6050,2022/12/31 0:30,10.2,12.09,48.42
6051,2022/12/31 0:45,10.08,12.86,48.32
6052,2022/12/31 1:00,9.96,12.09,48.52
6053,2022/12/31 1:15,9.84,12.48,48.35
6054,2022/12/31 1:30,9.71,12.09,48.45
6055,2022/12/31 1:45,9.58,11.71,48.42
6056,2022/12/31 2:00,9.45,11.33,48.38
6057,2022/12/31 2:15,9.32,11.71,48.42
6058,2022/12/31 2:30,9.18,10.56,48.28
6059,2022/12/31 2:45,9.04,10.18,47.65
6060,2022/12/31 3:00,8.9,10.18,46.58
6061,2022/12/31 3:15,8.75,10.56,45.7
6062,2022/12/31 3:30,8.6,9.41,44.27
6063,2022/12/31 3:45,8.45,9.41,44.16
6064,2022/12/31 4:00,8.29,9.03,43.53
6065,2022/12/31 4:15,8.12,8.26,41.25
6066,2022/12/31 4:30,7.96,8.65,40.85
6067,2022/12/31 4:45,7.79,9.41,41.02
6068,2022/12/31 5:00,7.62,9.03,39.71
6069,2022/12/31 5:15,7.45,7.88,37.6
6070,2022/12/31 5:30,7.28,7.88,33.65
6071,2022/12/31 5:45,7.11,7.5,28.73
6072,2022/12/31 6:00,6.62,7.5,30.24
6073,2022/12/31 6:15,6.46,7.88,29.7
6074,2022/12/31 6:30,6.3,7.5,28.23
6075,2022/12/31 6:45,6.14,6.73,22.9
6076,2022/12/31 7:00,5.99,6.73,20.69
6077,2022/12/31 7:15,5.84,5.96,18.05
6078,2022/12/31 7:30,5.71,4.82,17.78
6079,2022/12/31 7:45,5.58,5.58,15.5
6080,2022/12/31 8:00,5.47,3.67,13.59
6081,2022/12/31 8:15,5.37,3.28,7
6082,2022/12/31 8:30,5.29,5.96,9.38
6083,2022/12/31 8:45,5.21,4.82,9.31
6084,2022/12/31 9:00,5.15,4.43,10.08
6085,2022/12/31 9:15,5.1,4.82,9.27
6086,2022/12/31 9:30,5.07,4.05,9.04
6087,2022/12/31 9:45,5.06,2.9,6.93
6088,2022/12/31 10:00,5.06,2.9,5.83
6089,2022/12/31 10:15,5.08,4.05,6.46
6090,2022/12/31 10:30,5.12,2.9,6.03
6091,2022/12/31 10:45,5.17,5.2,9.04
6092,2022/12/31 11:00,5.24,2.9,8.04
6093,2022/12/31 11:15,5.32,3.67,7.87
6094,2022/12/31 11:30,5.41,4.05,10.25
6095,2022/12/31 11:45,5.51,4.82,8.44
6096,2022/12/31 12:00,5.52,6.35,12.52
6097,2022/12/31 12:15,5.64,5.96,14.16
6098,2022/12/31 12:30,5.76,5.58,14.87
6099,2022/12/31 12:45,5.87,6.73,16.44
6100,2022/12/31 13:00,5.99,6.35,16.04
6101,2022/12/31 13:15,6.1,5.96,18.82
6102,2022/12/31 13:30,6.21,5.2,22.94
6103,2022/12/31 13:45,6.31,4.05,20.02
6104,2022/12/31 14:00,6.4,7.88,20.79
6105,2022/12/31 14:15,6.49,5.96,19.99
6106,2022/12/31 14:30,6.57,5.58,17.01
6107,2022/12/31 14:45,6.64,2.52,15.97
6108,2022/12/31 15:00,6.71,5.58,24.74
6109,2022/12/31 15:15,6.77,6.73,25.72
6110,2022/12/31 15:30,6.84,8.26,26.18
6111,2022/12/31 15:45,6.91,7.5,31.94
6112,2022/12/31 16:00,6.98,7.11,29.26
6113,2022/12/31 16:15,7.05,4.05,29.4
6114,2022/12/31 16:30,7.13,9.03,33.08
6115,2022/12/31 16:45,7.22,9.8,42.86
6116,2022/12/31 17:00,7.31,9.03,44
6117,2022/12/31 17:15,7.41,9.8,47.35
6118,2022/12/31 17:30,7.51,9.41,43.43
6119,2022/12/31 17:45,7.61,9.8,41.95
6120,2022/12/31 18:00,7.52,5.96,39.85
6121,2022/12/31 18:15,7.66,7.11,45.2
6122,2022/12/31 18:30,7.79,8.65,47.65
6123,2022/12/31 18:45,7.91,6.35,41.15
6124,2022/12/31 19:00,8.02,7.88,37.13
6125,2022/12/31 19:15,8.12,8.65,42.69
6126,2022/12/31 19:30,8.22,9.03,44.63
6127,2022/12/31 19:45,8.3,9.03,45.74
6128,2022/12/31 20:00,8.37,9.8,48.35
6129,2022/12/31 20:15,8.43,10.56,48.45
6130,2022/12/31 20:30,8.48,10.56,48.38
6131,2022/12/31 20:45,8.53,10.56,48.38
6132,2022/12/31 21:00,8.57,11.33,48.38
6133,2022/12/31 21:15,8.6,10.94,48.35
6134,2022/12/31 21:30,8.63,9.41,48.38
6135,2022/12/31 21:45,8.64,8.65,48.42
6136,2022/12/31 22:00,8.64,9.41,48.35
6137,2022/12/31 22:15,8.64,5.58,48.15
6138,2022/12/31 22:30,8.64,7.5,48.32
6139,2022/12/31 22:45,8.64,7.88,46.34
6140,2022/12/31 23:00,8.64,5.58,46.14
6141,2022/12/31 23:15,8.65,5.58,45.67
6142,2022/12/31 23:30,8.65,6.35,46.44
6143,2022/12/31 23:45,8.66,8.26,43.46
6144,2023/1/1 0:00,8.69,5.96,44.27
6145,2023/1/1 0:15,8.69,6.73,42.83
6146,2023/1/1 0:30,8.69,8.65,40.18
6147,2023/1/1 0:45,8.68,8.65,43.23
6148,2023/1/1 1:00,8.67,8.26,44.97
6149,2023/1/1 1:15,8.65,10.56,48.28
6150,2023/1/1 1:30,8.63,10.56,48.42
6151,2023/1/1 1:45,8.62,9.8,48.45
6152,2023/1/1 2:00,8.6,10.18,48.58
6153,2023/1/1 2:15,8.58,10.18,48.38
6154,2023/1/1 2:30,8.57,8.65,48.42
6155,2023/1/1 2:45,8.55,9.8,48.42
6156,2023/1/1 3:00,8.54,9.8,48.38
6157,2023/1/1 3:15,8.53,10.56,48.48
6158,2023/1/1 3:30,8.51,11.33,48.45
6159,2023/1/1 3:45,8.5,12.09,48.38
6160,2023/1/1 4:00,8.48,12.09,48.45
6161,2023/1/1 4:15,8.46,11.33,48.52
6162,2023/1/1 4:30,8.44,12.48,48.32
6163,2023/1/1 4:45,8.42,10.94,48.38
6164,2023/1/1 5:00,8.4,10.94,48.35
6165,2023/1/1 5:15,8.38,9.41,48.02
6166,2023/1/1 5:30,8.37,9.8,48.35
6167,2023/1/1 5:45,8.36,10.18,48.28
6168,2023/1/1 6:00,8.57,10.18,46.24
6169,2023/1/1 6:15,8.57,8.26,40.35
6170,2023/1/1 6:30,8.56,7.88,37.67
6171,2023/1/1 6:45,8.56,9.8,42.83
6172,2023/1/1 7:00,8.55,9.41,44.77
6173,2023/1/1 7:15,8.55,10.18,48.45
6174,2023/1/1 7:30,8.54,10.18,48.38
6175,2023/1/1 7:45,8.53,10.56,48.35
6176,2023/1/1 8:00,8.52,11.33,48.45
6177,2023/1/1 8:15,8.51,10.56,48.22
6178,2023/1/1 8:30,8.5,9.41,48.45
6179,2023/1/1 8:45,8.49,10.94,45.94
6180,2023/1/1 9:00,8.48,9.8,44.3
6181,2023/1/1 9:15,8.47,10.18,40.85
6182,2023/1/1 9:30,8.46,6.73,34.12
6183,2023/1/1 9:45,8.45,5.58,30.1
6184,2023/1/1 10:00,8.45,6.73,33.08
6185,2023/1/1 10:15,8.46,4.43,30.37
6186,2023/1/1 10:30,8.47,4.05,26.08
6187,2023/1/1 10:45,8.48,6.73,28.33
6188,2023/1/1 11:00,8.5,4.43,23.81
6189,2023/1/1 11:15,8.52,4.82,22.63
6190,2023/1/1 11:30,8.54,3.28,21.6
6191,2023/1/1 11:45,8.57,6.73,21.09
6192,2023/1/1 12:00,8.68,4.82,16.51
6193,2023/1/1 12:15,8.7,4.82,19.19
6194,2023/1/1 12:30,8.72,6.35,24.07
6195,2023/1/1 12:45,8.73,6.35,25.41
6196,2023/1/1 13:00,8.72,3.67,17.51
6197,2023/1/1 13:15,8.71,6.35,15.97
6198,2023/1/1 13:30,8.69,5.2,19.62
6199,2023/1/1 13:45,8.66,6.73,22.4
6200,2023/1/1 14:00,8.61,5.58,28.73
6201,2023/1/1 14:15,8.54,7.5,32.81
6202,2023/1/1 14:30,8.47,6.73,31.34
6203,2023/1/1 14:45,8.39,7.11,28.56
6204,2023/1/1 15:00,8.31,5.58,34.12
6205,2023/1/1 15:15,8.21,9.03,32.88
6206,2023/1/1 15:30,8.11,5.2,16.44
6207,2023/1/1 15:45,7.99,5.2,14.26
6208,2023/1/1 16:00,7.86,3.28,16.04
6209,2023/1/1 16:15,7.73,5.58,13.86
6210,2023/1/1 16:30,7.59,3.67,10.48
6211,2023/1/1 16:45,7.46,4.43,7.6
6212,2023/1/1 17:00,7.32,4.82,6.7
6213,2023/1/1 17:15,7.2,4.82,5.16
6214,2023/1/1 17:30,7.08,4.05,3.58
6215,2023/1/1 17:45,6.97,3.67,1.98
6216,2023/1/1 18:00,6.89,2.14,0.64
6217,2023/1/1 18:15,6.77,2.14,0.07
6218,2023/1/1 18:30,6.67,1.75,1.31
6219,2023/1/1 18:45,6.58,2.14,1.98
6220,2023/1/1 19:00,6.51,2.52,2.01
6221,2023/1/1 19:15,6.45,1.75,2.31
6222,2023/1/1 19:30,6.41,3.28,3.35
6223,2023/1/1 19:45,6.39,3.67,3.95
6224,2023/1/1 20:00,6.4,2.9,4.12
6225,2023/1/1 20:15,6.43,4.05,5.46
6226,2023/1/1 20:30,6.47,5.2,8.3
6227,2023/1/1 20:45,6.54,5.2,14.93
6228,2023/1/1 21:00,6.61,5.2,15.7
6229,2023/1/1 21:15,6.7,4.82,12.92
6230,2023/1/1 21:30,6.79,4.82,5.39
6231,2023/1/1 21:45,6.88,2.52,7.17
6232,2023/1/1 22:00,6.96,4.82,9.51
6233,2023/1/1 22:15,7.04,4.05,6.96
6234,2023/1/1 22:30,7.1,4.82,9.38
6235,2023/1/1 22:45,7.15,5.2,8.87
6236,2023/1/1 23:00,7.19,4.43,8.3
6237,2023/1/1 23:15,7.22,4.82,9.04
6238,2023/1/1 23:30,7.24,4.43,11.12
6239,2023/1/1 23:45,7.24,5.96,11.25
6240,2023/1/2 0:00,7.25,5.58,12.36
6241,2023/1/2 0:15,7.22,5.2,11.15
6242,2023/1/2 0:30,7.19,4.43,8.14
6243,2023/1/2 0:45,7.15,4.82,8.3
6244,2023/1/2 1:00,7.12,4.82,9.98
6245,2023/1/2 1:15,7.08,4.05,9.44
6246,2023/1/2 1:30,7.05,6.35,12.72
6247,2023/1/2 1:45,7.03,5.58,10.48
6248,2023/1/2 2:00,7.02,4.43,9.58
6249,2023/1/2 2:15,7.01,4.43,13.63
6250,2023/1/2 2:30,7.01,4.43,10.01
6251,2023/1/2 2:45,7.01,4.43,12.15
6252,2023/1/2 3:00,7.03,7.11,18.01
6253,2023/1/2 3:15,7.04,6.73,20.56
6254,2023/1/2 3:30,7.06,7.11,21.36
6255,2023/1/2 3:45,7.08,8.65,27.09
6256,2023/1/2 4:00,7.11,7.88,30.64
6257,2023/1/2 4:15,7.14,7.88,33.38
6258,2023/1/2 4:30,7.16,8.65,36.06
6259,2023/1/2 4:45,7.18,8.26,31.51
6260,2023/1/2 5:00,7.2,8.26,33.85
6261,2023/1/2 5:15,7.21,7.5,27.59
6262,2023/1/2 5:30,7.22,7.11,22.67
6263,2023/1/2 5:45,7.22,7.11,23.3
6264,2023/1/2 6:00,7.1,6.35,19.99
6265,2023/1/2 6:15,7.12,7.5,30.67
6266,2023/1/2 6:30,7.13,8.26,38.81
6267,2023/1/2 6:45,7.14,7.88,35.16
6268,2023/1/2 7:00,7.14,7.5,32.78
6269,2023/1/2 7:15,7.12,7.5,31.74
6270,2023/1/2 7:30,7.1,7.11,28.53
6271,2023/1/2 7:45,7.07,7.88,28.03
6272,2023/1/2 8:00,7.02,6.35,25.78
6273,2023/1/2 8:15,6.96,7.88,26.79
6274,2023/1/2 8:30,6.89,7.11,22.67
6275,2023/1/2 8:45,6.82,7.5,21.76
6276,2023/1/2 9:00,6.74,6.35,18.68
6277,2023/1/2 9:15,6.64,5.2,16.57
6278,2023/1/2 9:30,6.56,4.05,12.46
6279,2023/1/2 9:45,6.47,5.96,14.23
6280,2023/1/2 10:00,6.38,5.96,13.16
6281,2023/1/2 10:15,6.29,5.58,11.38
6282,2023/1/2 10:30,6.21,5.2,8.91
6283,2023/1/2 10:45,6.14,4.82,7.47
6284,2023/1/2 11:00,6.08,5.2,7.73
6285,2023/1/2 11:15,6.03,4.05,7.84
6286,2023/1/2 11:30,5.98,5.2,9.98
6287,2023/1/2 11:45,5.95,4.05,8.81
6288,2023/1/2 12:00,5.95,5.58,8.81
6289,2023/1/2 12:15,5.94,5.58,12.66
6290,2023/1/2 12:30,5.93,5.96,13.73
6291,2023/1/2 12:45,5.94,5.2,13.76
6292,2023/1/2 13:00,5.95,6.73,16.24
6293,2023/1/2 13:15,5.96,5.96,16.37
6294,2023/1/2 13:30,5.98,7.11,18.45
6295,2023/1/2 13:45,6,5.58,13.86
6296,2023/1/2 14:00,6.02,4.82,11.28
6297,2023/1/2 14:15,6.04,5.2,8.14
6298,2023/1/2 14:30,6.06,4.82,6.7
6299,2023/1/2 14:45,6.09,6.73,13.13
6300,2023/1/2 15:00,6.12,6.73,11.45
6301,2023/1/2 15:15,6.15,6.35,12.99
6302,2023/1/2 15:30,6.17,6.35,15.57
6303,2023/1/2 15:45,6.19,6.73,19.45
6304,2023/1/2 16:00,6.21,6.35,20.79
6305,2023/1/2 16:15,6.23,6.73,20.29
6306,2023/1/2 16:30,6.24,7.88,25.51
6307,2023/1/2 16:45,6.25,7.5,24.78
6308,2023/1/2 17:00,6.25,7.11,24.31
6309,2023/1/2 17:15,6.24,7.88,26.38
6310,2023/1/2 17:30,6.23,7.5,26.72
6311,2023/1/2 17:45,6.22,7.5,28.73
6312,2023/1/2 18:00,5.76,7.11,22.7
6313,2023/1/2 18:15,5.7,6.73,23.84
6314,2023/1/2 18:30,5.63,6.35,15.74
6315,2023/1/2 18:45,5.56,6.35,13.93
6316,2023/1/2 19:00,5.48,5.2,12.36
6317,2023/1/2 19:15,5.4,6.35,10.92
6318,2023/1/2 19:30,5.31,5.58,8.5
6319,2023/1/2 19:45,5.22,5.58,11.28
6320,2023/1/2 20:00,5.13,5.2,10.05
6321,2023/1/2 20:15,5.05,5.58,12.86
6322,2023/1/2 20:30,4.97,5.58,14.6
6323,2023/1/2 20:45,4.89,4.82,9.94
6324,2023/1/2 21:00,4.82,5.2,12.09
6325,2023/1/2 21:15,4.76,5.96,13.09
6326,2023/1/2 21:30,4.71,6.73,18.28
6327,2023/1/2 21:45,4.67,6.73,17.11
6328,2023/1/2 22:00,4.64,6.73,16.78
6329,2023/1/2 22:15,4.62,6.35,15.67
6330,2023/1/2 22:30,4.61,6.73,20.89
6331,2023/1/2 22:45,4.61,6.73,15.27
6332,2023/1/2 23:00,4.63,5.58,11.82
6333,2023/1/2 23:15,4.66,5.58,8.74
6334,2023/1/2 23:30,4.69,6.73,16.07
6335,2023/1/2 23:45,4.73,6.73,18.85
6336,2023/1/3 0:00,4.76,6.73,19.29
6337,2023/1/3 0:15,4.81,7.5,20.02
6338,2023/1/3 0:30,4.86,7.88,21.06
6339,2023/1/3 0:45,4.9,6.35,20.93
6340,2023/1/3 1:00,4.94,6.35,21.03
6341,2023/1/3 1:15,4.97,7.88,27.52
6342,2023/1/3 1:30,4.99,5.58,24.38
6343,2023/1/3 1:45,5,6.73,18.18
6344,2023/1/3 2:00,5,6.35,14.23
6345,2023/1/3 2:15,4.98,5.58,10.48
6346,2023/1/3 2:30,4.96,5.58,7.6
6347,2023/1/3 2:45,4.92,5.2,6.93
6348,2023/1/3 3:00,4.88,3.28,3.85
6349,2023/1/3 3:15,4.83,4.05,4.39
6350,2023/1/3 3:30,4.77,4.05,5.86
6351,2023/1/3 3:45,4.72,4.82,7.97
6352,2023/1/3 4:00,4.67,5.58,9.24
6353,2023/1/3 4:15,4.62,6.35,11.48
6354,2023/1/3 4:30,4.58,5.58,10.98
6355,2023/1/3 4:45,4.54,6.35,10.41
6356,2023/1/3 5:00,4.5,4.82,7.4
6357,2023/1/3 5:15,4.47,4.82,6.03
6358,2023/1/3 5:30,4.45,4.82,5.56
6359,2023/1/3 5:45,4.43,4.82,4.99
6360,2023/1/3 6:00,4.58,5.96,5.86
6361,2023/1/3 6:15,4.57,5.58,7.13
6362,2023/1/3 6:30,4.56,5.2,7.87
6363,2023/1/3 6:45,4.55,4.82,9.07
6364,2023/1/3 7:00,4.53,5.2,9.61
6365,2023/1/3 7:15,4.51,5.2,10.58
6366,2023/1/3 7:30,4.49,5.58,11.45
6367,2023/1/3 7:45,4.46,5.58,12.62
6368,2023/1/3 8:00,4.42,5.58,10.71
6369,2023/1/3 8:15,4.37,5.2,8.84
6370,2023/1/3 8:30,4.32,5.2,5.93
6371,2023/1/3 8:45,4.27,4.82,6.5
6372,2023/1/3 9:00,4.21,3.28,7.67
6373,2023/1/3 9:15,4.14,3.28,8.04
6374,2023/1/3 9:30,4.07,4.82,5.86
6375,2023/1/3 9:45,4.01,3.28,4.12
6376,2023/1/3 10:00,3.94,2.14,3.11
6377,2023/1/3 10:15,3.87,2.52,3.01
6378,2023/1/3 10:30,3.81,2.14,0.37
6379,2023/1/3 10:45,3.76,1.37,0.3
6380,2023/1/3 11:00,3.71,2.14,0.54
6381,2023/1/3 11:15,3.67,2.9,0
6382,2023/1/3 11:30,3.63,2.9,0.1
6383,2023/1/3 11:45,3.6,1.75,0
6384,2023/1/3 12:00,3.61,2.52,0
6385,2023/1/3 12:15,3.59,2.9,0
6386,2023/1/3 12:30,3.58,2.9,0.47
6387,2023/1/3 12:45,3.58,2.9,0.9
6388,2023/1/3 13:00,3.58,3.67,2.71
6389,2023/1/3 13:15,3.59,3.67,6.29
6390,2023/1/3 13:30,3.6,5.2,8.84
6391,2023/1/3 13:45,3.62,4.82,9.34
6392,2023/1/3 14:00,3.63,4.43,6.29
6393,2023/1/3 14:15,3.64,4.05,6.29
6394,2023/1/3 14:30,3.65,3.28,7.06
6395,2023/1/3 14:45,3.66,4.43,5.42
6396,2023/1/3 15:00,3.67,4.05,5.46
6397,2023/1/3 15:15,3.68,3.67,4.65
6398,2023/1/3 15:30,3.69,3.67,4.89
6399,2023/1/3 15:45,3.71,4.82,4.75
6400,2023/1/3 16:00,3.73,4.43,3.95
6401,2023/1/3 16:15,3.75,4.43,3.65
6402,2023/1/3 16:30,3.77,3.28,2.75
6403,2023/1/3 16:45,3.79,3.28,3.48
6404,2023/1/3 17:00,3.8,4.05,2.81
6405,2023/1/3 17:15,3.82,4.05,2.65
6406,2023/1/3 17:30,3.84,4.05,2.01
6407,2023/1/3 17:45,3.85,3.28,1.24
6408,2023/1/3 18:00,4.11,2.9,0
6409,2023/1/3 18:15,4.11,2.9,0
6410,2023/1/3 18:30,4.12,2.9,0
6411,2023/1/3 18:45,4.11,2.52,0
6412,2023/1/3 19:00,4.11,2.52,0
6413,2023/1/3 19:15,4.1,2.52,0
6414,2023/1/3 19:30,4.09,2.14,0
6415,2023/1/3 19:45,4.07,0.6,0
6416,2023/1/3 20:00,4.05,1.75,0
6417,2023/1/3 20:15,4.03,1.75,0
6418,2023/1/3 20:30,4.01,1.37,0
6419,2023/1/3 20:45,3.98,2.14,0
6420,2023/1/3 21:00,3.94,2.14,0
6421,2023/1/3 21:15,3.9,2.52,0
6422,2023/1/3 21:30,3.87,2.52,0
6423,2023/1/3 21:45,3.83,2.9,0
6424,2023/1/3 22:00,3.79,3.67,0
6425,2023/1/3 22:15,3.75,3.67,0
6426,2023/1/3 22:30,3.72,4.43,3.78
6427,2023/1/3 22:45,3.69,4.05,3.18
6428,2023/1/3 23:00,3.67,4.43,4.19
6429,2023/1/3 23:15,3.65,4.43,5.39
6430,2023/1/3 23:30,3.64,4.82,5.49
6431,2023/1/3 23:45,3.64,5.2,7.6
6432,2023/1/4 0:00,3.72,5.2,11.02
6433,2023/1/4 0:15,3.73,4.82,9.78
6434,2023/1/4 0:30,3.76,4.82,9.54
6435,2023/1/4 0:45,3.79,4.43,7.73
6436,2023/1/4 1:00,3.83,4.82,7.3
6437,2023/1/4 1:15,3.89,5.2,8.5
6438,2023/1/4 1:30,3.94,5.2,9.24
6439,2023/1/4 1:45,4,5.58,9.48
6440,2023/1/4 2:00,4.07,5.58,11.05
6441,2023/1/4 2:15,4.13,5.58,10.51
6442,2023/1/4 2:30,4.2,5.58,11.55
6443,2023/1/4 2:45,4.27,5.58,12.15
6444,2023/1/4 3:00,4.33,5.96,14.23
6445,2023/1/4 3:15,4.4,5.2,12.69
6446,2023/1/4 3:30,4.47,5.58,12.52
6447,2023/1/4 3:45,4.54,5.58,13.36
6448,2023/1/4 4:00,4.61,5.58,11.05
6449,2023/1/4 4:15,4.68,5.96,12.22
6450,2023/1/4 4:30,4.76,5.96,10.82
6451,2023/1/4 4:45,4.83,5.96,9.48
6452,2023/1/4 5:00,4.9,5.2,8.84
6453,2023/1/4 5:15,4.98,5.58,7.67
6454,2023/1/4 5:30,5.05,4.82,7.06
6455,2023/1/4 5:45,5.12,4.82,7.87
6456,2023/1/4 6:00,5,5.2,10.21
6457,2023/1/4 6:15,5.07,4.82,7.53
6458,2023/1/4 6:30,5.13,4.82,10.25
6459,2023/1/4 6:45,5.19,5.2,10.31
6460,2023/1/4 7:00,5.24,5.2,10.61
6461,2023/1/4 7:15,5.29,5.2,12.09
6462,2023/1/4 7:30,5.32,5.96,13.69
6463,2023/1/4 7:45,5.34,5.58,15.6
6464,2023/1/4 8:00,5.35,5.96,16.74
6465,2023/1/4 8:15,5.34,7.5,20.99
6466,2023/1/4 8:30,5.31,6.35,19.89
6467,2023/1/4 8:45,5.28,6.73,18.88
6468,2023/1/4 9:00,5.23,6.35,14.16
6469,2023/1/4 9:15,5.17,5.58,10.82
6470,2023/1/4 9:30,5.11,7.11,12.62
6471,2023/1/4 9:45,5.04,6.73,13.8
6472,2023/1/4 10:00,4.98,5.96,11.62
6473,2023/1/4 10:15,4.92,4.82,7.97
6474,2023/1/4 10:30,4.86,4.82,5.89
6475,2023/1/4 10:45,4.8,4.05,3.55
6476,2023/1/4 11:00,4.75,4.82,5.83
6477,2023/1/4 11:15,4.71,4.43,5.29
6478,2023/1/4 11:30,4.67,4.43,3.65
6479,2023/1/4 11:45,4.64,4.05,4.19
6480,2023/1/4 12:00,4.08,3.67,0.94
6481,2023/1/4 12:15,4.07,2.9,1.07
6482,2023/1/4 12:30,4.07,3.28,1
6483,2023/1/4 12:45,4.08,3.28,3.52
6484,2023/1/4 13:00,4.12,4.43,4.25
6485,2023/1/4 13:15,4.17,4.43,4.32
6486,2023/1/4 13:30,4.24,4.05,6.16
6487,2023/1/4 13:45,4.32,5.2,6.26
6488,2023/1/4 14:00,4.4,4.82,7.57
6489,2023/1/4 14:15,4.5,5.2,7.03
6490,2023/1/4 14:30,4.61,3.67,6.9
6491,2023/1/4 14:45,4.74,5.58,6.73
6492,2023/1/4 15:00,4.87,5.58,6.66
6493,2023/1/4 15:15,5.02,5.2,7.7
6494,2023/1/4 15:30,5.17,5.2,9.98
6495,2023/1/4 15:45,5.34,5.2,9.78
6496,2023/1/4 16:00,5.5,5.96,11.45
6497,2023/1/4 16:15,5.68,4.82,9.44
6498,2023/1/4 16:30,5.85,5.2,12.22
6499,2023/1/4 16:45,6.02,5.96,17.85
6500,2023/1/4 17:00,6.18,6.35,19.35
6501,2023/1/4 17:15,6.35,6.73,24.18
6502,2023/1/4 17:30,6.5,6.73,22.84
6503,2023/1/4 17:45,6.65,7.11,22.57
6504,2023/1/4 18:00,6.79,6.35,20.83
6505,2023/1/4 18:15,6.92,6.73,24.21
6506,2023/1/4 18:30,7.04,6.73,24.88
6507,2023/1/4 18:45,7.15,6.73,26.79
6508,2023/1/4 19:00,7.25,6.35,23.44
6509,2023/1/4 19:15,7.34,6.35,25.75
6510,2023/1/4 19:30,7.42,7.11,27.52
6511,2023/1/4 19:45,7.5,6.73,27.22
6512,2023/1/4 20:00,7.58,7.11,32.28
6513,2023/1/4 20:15,7.65,7.11,32.51
6514,2023/1/4 20:30,7.72,7.5,32.81
6515,2023/1/4 20:45,7.79,7.88,36.73
6516,2023/1/4 21:00,7.86,8.26,39.81
6517,2023/1/4 21:15,7.92,7.88,33.58
6518,2023/1/4 21:30,7.98,8.26,39.31
6519,2023/1/4 21:45,8.03,8.26,43.46
6520,2023/1/4 22:00,8.08,8.65,40.65
6521,2023/1/4 22:15,8.13,8.26,35.73
6522,2023/1/4 22:30,8.17,9.03,42.09
6523,2023/1/4 22:45,8.21,9.03,44.47
6524,2023/1/4 23:00,8.24,9.41,48.25
6525,2023/1/4 23:15,8.26,10.56,48.28
6526,2023/1/4 23:30,8.29,9.8,42.72
6527,2023/1/4 23:45,8.31,9.41,44.7
6528,2023/1/5 0:00,8.38,9.41,45.6
6529,2023/1/5 0:15,8.4,8.26,44.23
6530,2023/1/5 0:30,8.41,8.65,44.06
6531,2023/1/5 0:45,8.41,9.03,45.54
6532,2023/1/5 1:00,8.42,10.18,45.77
6533,2023/1/5 1:15,8.41,10.94,47.98
6534,2023/1/5 1:30,8.41,10.56,46.21
6535,2023/1/5 1:45,8.4,8.26,45.2
6536,2023/1/5 2:00,8.39,10.56,46.04
6537,2023/1/5 2:15,8.37,9.8,44.67
6538,2023/1/5 2:30,8.36,10.18,45.3
6539,2023/1/5 2:45,8.34,10.56,46.81
6540,2023/1/5 3:00,8.31,9.8,44.8
6541,2023/1/5 3:15,8.29,9.03,46.74
6542,2023/1/5 3:30,8.26,9.41,44.8
6543,2023/1/5 3:45,8.23,9.03,44.97
6544,2023/1/5 4:00,8.2,10.18,45.6
6545,2023/1/5 4:15,8.16,10.94,46.78
6546,2023/1/5 4:30,8.13,9.8,44.2
6547,2023/1/5 4:45,8.1,8.65,36.4
6548,2023/1/5 5:00,8.08,6.73,34.12
6549,2023/1/5 5:15,8.05,8.26,39.48
6550,2023/1/5 5:30,8.03,9.41,44.06
6551,2023/1/5 5:45,8,9.8,47.11
6552,2023/1/5 6:00,8.06,9.8,43.06
6553,2023/1/5 6:15,8.04,9.41,37.67
6554,2023/1/5 6:30,8.01,8.26,37.47
6555,2023/1/5 6:45,7.97,9.03,39.04
6556,2023/1/5 7:00,7.92,10.18,45.54
6557,2023/1/5 7:15,7.86,8.65,42.09
6558,2023/1/5 7:30,7.79,9.03,37.9
6559,2023/1/5 7:45,7.7,9.03,38.41
6560,2023/1/5 8:00,7.61,8.65,38.97
6561,2023/1/5 8:15,7.5,8.65,40.72
6562,2023/1/5 8:30,7.39,8.26,34.86
6563,2023/1/5 8:45,7.26,9.03,34.02
6564,2023/1/5 9:00,7.14,8.65,31.94
6565,2023/1/5 9:15,7,8.26,26.59
6566,2023/1/5 9:30,6.86,7.88,17.51
6567,2023/1/5 9:45,6.73,7.5,12.42
6568,2023/1/5 10:00,6.59,4.82,12.39
6569,2023/1/5 10:15,6.46,5.2,15.27
6570,2023/1/5 10:30,6.33,5.58,9.78
6571,2023/1/5 10:45,6.21,2.9,6.33
6572,2023/1/5 11:00,6.1,3.28,3.35
6573,2023/1/5 11:15,6,4.43,5.09
6574,2023/1/5 11:30,5.9,5.58,6.6
6575,2023/1/5 11:45,5.82,5.2,10.18
6576,2023/1/5 12:00,5.74,4.43,7.84
6577,2023/1/5 12:15,5.67,5.58,8.71
6578,2023/1/5 12:30,5.61,5.2,7.63
6579,2023/1/5 12:45,5.55,5.58,15.4
6580,2023/1/5 13:00,5.51,6.73,16.74
6581,2023/1/5 13:15,5.47,6.35,16.01
6582,2023/1/5 13:30,5.43,6.35,17.58
6583,2023/1/5 13:45,5.4,4.82,17.75
6584,2023/1/5 14:00,5.37,5.58,17.34
6585,2023/1/5 14:15,5.34,5.96,16.14
6586,2023/1/5 14:30,5.31,5.96,12.46
6587,2023/1/5 14:45,5.28,5.96,11.79
6588,2023/1/5 15:00,5.25,5.2,7.6
6589,2023/1/5 15:15,5.22,4.43,5.93
6590,2023/1/5 15:30,5.19,3.67,4.62
6591,2023/1/5 15:45,5.17,4.43,5.86
6592,2023/1/5 16:00,5.16,3.67,7.57
6593,2023/1/5 16:15,5.15,5.58,11.75
6594,2023/1/5 16:30,5.15,6.35,13.16
6595,2023/1/5 16:45,5.15,5.58,9.44
6596,2023/1/5 17:00,5.15,5.58,9.54
6597,2023/1/5 17:15,5.15,5.2,8.27
6598,2023/1/5 17:30,5.15,5.2,8.07
6599,2023/1/5 17:45,5.16,4.43,8.04
6600,2023/1/5 18:00,5.26,4.05,5.22
6601,2023/1/5 18:15,5.21,3.67,5.36
6602,2023/1/5 18:30,5.16,3.67,3.92
6603,2023/1/5 18:45,5.1,4.05,2.95
6604,2023/1/5 19:00,5.03,4.43,3.98
6605,2023/1/5 19:15,4.95,3.67,3.48
6606,2023/1/5 19:30,4.87,4.43,6.03
6607,2023/1/5 19:45,4.77,4.05,8.67
6608,2023/1/5 20:00,4.65,4.82,8.94
6609,2023/1/5 20:15,4.53,5.2,7.43
6610,2023/1/5 20:30,4.41,4.05,6.56
6611,2023/1/5 20:45,4.28,3.67,4.35
6612,2023/1/5 21:00,4.15,3.28,2.54
6613,2023/1/5 21:15,4.01,3.67,2.21
6614,2023/1/5 21:30,3.86,4.05,2.81
6615,2023/1/5 21:45,3.7,2.9,1.21
6616,2023/1/5 22:00,3.52,2.9,0.23
6617,2023/1/5 22:15,3.34,2.9,0.37
6618,2023/1/5 22:30,3.17,2.9,0
6619,2023/1/5 22:45,3,1.75,0
6620,2023/1/5 23:00,2.84,3.67,0
6621,2023/1/5 23:15,2.7,2.9,0
6622,2023/1/5 23:30,2.57,2.9,0
6623,2023/1/5 23:45,2.47,2.14,0
6624,2023/1/6 0:00,2.36,2.9,0
6625,2023/1/6 0:15,2.3,4.05,1.47
6626,2023/1/6 0:30,2.26,4.82,1.74
6627,2023/1/6 0:45,2.22,2.52,1.17
6628,2023/1/6 1:00,2.2,2.52,0
6629,2023/1/6 1:15,2.19,2.52,0
6630,2023/1/6 1:30,2.21,2.52,0
6631,2023/1/6 1:45,2.25,3.28,0
6632,2023/1/6 2:00,2.31,3.28,0.6
6633,2023/1/6 2:15,2.39,2.9,0
6634,2023/1/6 2:30,2.48,2.52,0
6635,2023/1/6 2:45,2.59,2.14,0
6636,2023/1/6 3:00,2.69,1.75,0
6637,2023/1/6 3:15,2.81,2.14,0
6638,2023/1/6 3:30,2.92,1.37,0
6639,2023/1/6 3:45,3.03,2.9,0
6640,2023/1/6 4:00,3.13,3.28,0
6641,2023/1/6 4:15,3.23,4.05,0.9
6642,2023/1/6 4:30,3.33,3.67,2.61
6643,2023/1/6 4:45,3.41,3.67,3.58
6644,2023/1/6 5:00,3.5,4.05,6.56
6645,2023/1/6 5:15,3.57,5.2,11.42
6646,2023/1/6 5:30,3.64,5.2,12.39
6647,2023/1/6 5:45,3.7,5.58,12.72
6648,2023/1/6 6:00,3.96,6.73,18.85
6649,2023/1/6 6:15,4,5.96,21.36
6650,2023/1/6 6:30,4.04,6.73,27.76
6651,2023/1/6 6:45,4.08,8.26,31.94
6652,2023/1/6 7:00,4.11,7.88,26.52
6653,2023/1/6 7:15,4.13,6.73,25.95
6654,2023/1/6 7:30,4.15,7.11,22.7
6655,2023/1/6 7:45,4.17,6.73,20.29
6656,2023/1/6 8:00,4.18,6.35,23.37
6657,2023/1/6 8:15,4.18,7.5,27.19
6658,2023/1/6 8:30,4.18,7.11,29.1
6659,2023/1/6 8:45,4.17,7.11,26.18
6660,2023/1/6 9:00,4.16,7.11,22.03
6661,2023/1/6 9:15,4.14,5.96,21.16
6662,2023/1/6 9:30,4.12,7.5,27.22
6663,2023/1/6 9:45,4.11,8.26,25.95
6664,2023/1/6 10:00,4.09,7.5,21.4
6665,2023/1/6 10:15,4.08,5.2,16.17
6666,2023/1/6 10:30,4.07,5.58,10.75
6667,2023/1/6 10:45,4.07,5.58,7.73
6668,2023/1/6 11:00,4.07,4.82,7.53
6669,2023/1/6 11:15,4.08,4.05,6.23
6670,2023/1/6 11:30,4.09,5.2,8.91
6671,2023/1/6 11:45,4.1,4.82,10.85
6672,2023/1/6 12:00,nan,5.58,9.44
6673,2023/1/6 12:15,nan,4.43,9.38
6674,2023/1/6 12:30,nan,5.58,8.17
6675,2023/1/6 12:45,nan,5.2,8.07
6676,2023/1/6 13:00,nan,4.43,7.27
6677,2023/1/6 13:15,nan,4.43,6.7
6678,2023/1/6 13:30,nan,3.67,8
6679,2023/1/6 13:45,nan,3.67,6.7
6680,2023/1/6 14:00,nan,2.52,6.7
6681,2023/1/6 14:15,nan,3.67,7.87
6682,2023/1/6 14:30,nan,4.43,7.94
6683,2023/1/6 14:45,nan,2.9,6.9
6684,2023/1/6 15:00,nan,2.52,6.36
6685,2023/1/6 15:15,nan,2.52,7
6686,2023/1/6 15:30,nan,2.9,6.93
6687,2023/1/6 15:45,nan,2.14,7.94
6688,2023/1/6 16:00,nan,3.28,8.54
6689,2023/1/6 16:15,nan,1.75,12.32
6690,2023/1/6 16:30,nan,2.52,12.22
6691,2023/1/6 16:45,nan,1.37,12.39
6692,2023/1/6 17:00,nan,2.9,13.59
6693,2023/1/6 17:15,nan,4.43,11.75
6694,2023/1/6 17:30,nan,3.28,11.42
6695,2023/1/6 17:45,nan,2.14,11.99
6696,2023/1/6 18:00,5.73,2.9,11.95
6697,2023/1/6 18:15,5.73,2.9,13.9
6698,2023/1/6 18:30,5.72,1.37,11.65
6699,2023/1/6 18:45,5.7,2.9,10.71
6700,2023/1/6 19:00,5.67,2.14,10.78
6701,2023/1/6 19:15,5.62,3.67,12.76
6702,2023/1/6 19:30,5.57,4.05,12.22
6703,2023/1/6 19:45,5.52,2.52,13.09
6704,2023/1/6 20:00,5.46,2.14,13.16
6705,2023/1/6 20:15,5.39,3.67,11.48
6706,2023/1/6 20:30,5.32,4.43,12.92
6707,2023/1/6 20:45,5.24,4.43,10.61
6708,2023/1/6 21:00,5.17,2.9,9.44
6709,2023/1/6 21:15,5.09,3.28,7.8
6710,2023/1/6 21:30,5,1.75,5.12
6711,2023/1/6 21:45,4.92,3.28,4.96
6712,2023/1/6 22:00,4.84,2.14,4.89
6713,2023/1/6 22:15,4.76,2.52,4.65
6714,2023/1/6 22:30,4.67,1.75,4.72
6715,2023/1/6 22:45,4.58,1.75,1.94
6716,2023/1/6 23:00,4.49,1.75,0.84
6717,2023/1/6 23:15,4.4,1.75,0.67
6718,2023/1/6 23:30,4.31,2.52,0.37
6719,2023/1/6 23:45,4.21,2.52,0.57
6720,2023/1/7 0:00,4.14,2.14,0
6721,2023/1/7 0:15,4.03,1.75,0
6722,2023/1/7 0:30,3.92,3.28,0
6723,2023/1/7 0:45,3.81,3.28,0
6724,2023/1/7 1:00,3.7,2.9,0
6725,2023/1/7 1:15,3.58,3.28,0
6726,2023/1/7 1:30,3.47,3.67,0
6727,2023/1/7 1:45,3.36,3.28,0
6728,2023/1/7 2:00,3.25,3.28,0
6729,2023/1/7 2:15,3.14,1.75,0
6730,2023/1/7 2:30,3.04,2.14,0
6731,2023/1/7 2:45,2.93,1.75,0
6732,2023/1/7 3:00,2.84,1.75,0
6733,2023/1/7 3:15,2.75,1.37,0
6734,2023/1/7 3:30,2.67,1.37,0
6735,2023/1/7 3:45,2.59,0.6,0
6736,2023/1/7 4:00,2.53,0.99,0
6737,2023/1/7 4:15,2.47,1.37,0
6738,2023/1/7 4:30,2.43,1.37,0
6739,2023/1/7 4:45,2.39,0.99,0
6740,2023/1/7 5:00,2.36,0,0
6741,2023/1/7 5:15,2.33,0.99,0
6742,2023/1/7 5:30,2.3,2.52,0
6743,2023/1/7 5:45,2.29,5.2,0
6744,2023/1/7 6:00,2.08,2.14,0
6745,2023/1/7 6:15,2.06,0.6,0
6746,2023/1/7 6:30,2.05,2.52,0
6747,2023/1/7 6:45,2.04,1.75,0
6748,2023/1/7 7:00,2.03,1.37,0
6749,2023/1/7 7:15,2.03,4.05,0
6750,2023/1/7 7:30,2.02,2.52,0
6751,2023/1/7 7:45,2.02,2.14,0
6752,2023/1/7 8:00,2.03,0,0
6753,2023/1/7 8:15,2.04,0.99,0
6754,2023/1/7 8:30,2.05,0,0
6755,2023/1/7 8:45,2.07,0.99,0
6756,2023/1/7 9:00,2.09,0,0
6757,2023/1/7 9:15,2.1,1.37,0
6758,2023/1/7 9:30,2.11,3.67,0
6759,2023/1/7 9:45,2.12,2.9,0
6760,2023/1/7 10:00,2.12,2.9,0
6761,2023/1/7 10:15,2.12,2.52,0
6762,2023/1/7 10:30,2.12,2.52,0
6763,2023/1/7 10:45,2.11,2.52,0
6764,2023/1/7 11:00,2.11,2.14,0
6765,2023/1/7 11:15,2.1,2.14,0
6766,2023/1/7 11:30,2.09,1.75,0
6767,2023/1/7 11:45,2.08,1.37,0
6768,2023/1/7 12:00,2.08,1.37,0
6769,2023/1/7 12:15,2.06,2.52,0
6770,2023/1/7 12:30,2.05,1.75,0
6771,2023/1/7 12:45,2.04,2.52,0
6772,2023/1/7 13:00,2.02,2.52,0
6773,2023/1/7 13:15,2.01,2.52,0
6774,2023/1/7 13:30,2,1.75,0
6775,2023/1/7 13:45,1.99,1.37,0
6776,2023/1/7 14:00,1.99,1.75,0
6777,2023/1/7 14:15,2,2.14,0
6778,2023/1/7 14:30,2.01,2.14,0
6779,2023/1/7 14:45,2.04,2.9,0
6780,2023/1/7 15:00,2.08,2.9,0.57
6781,2023/1/7 15:15,2.13,2.52,0.7
6782,2023/1/7 15:30,2.19,2.9,0.87
6783,2023/1/7 15:45,2.26,1.37,1.21
6784,2023/1/7 16:00,2.35,1.75,1.81
6785,2023/1/7 16:15,2.44,2.9,2.88
6786,2023/1/7 16:30,2.54,1.75,3.42
6787,2023/1/7 16:45,2.66,2.9,4.62
6788,2023/1/7 17:00,2.78,4.43,6.36
6789,2023/1/7 17:15,2.91,5.58,9.34
6790,2023/1/7 17:30,3.04,5.2,9.41
6791,2023/1/7 17:45,3.18,4.82,7.33
6792,2023/1/7 18:00,3.61,2.14,6.53
6793,2023/1/7 18:15,3.77,1.75,6.86
6794,2023/1/7 18:30,3.94,2.52,7.87
6795,2023/1/7 18:45,4.1,3.67,9.38
6796,2023/1/7 19:00,4.27,2.14,11.99
6797,2023/1/7 19:15,4.43,3.67,16.37
6798,2023/1/7 19:30,4.59,2.52,17.81
6799,2023/1/7 19:45,4.74,4.43,18.28
6800,2023/1/7 20:00,4.87,6.73,25.11
6801,2023/1/7 20:15,5,7.88,30.84
6802,2023/1/7 20:30,5.12,7.5,23.07
6803,2023/1/7 20:45,5.24,7.11,22.67
6804,2023/1/7 21:00,5.34,7.11,26.42
6805,2023/1/7 21:15,5.43,6.73,24.21
6806,2023/1/7 21:30,5.52,7.5,19.92
6807,2023/1/7 21:45,5.6,7.5,23.84
6808,2023/1/7 22:00,5.68,7.5,24.51
6809,2023/1/7 22:15,5.75,7.88,24.04
6810,2023/1/7 22:30,5.81,6.35,22.13
6811,2023/1/7 22:45,5.87,6.73,24.54
6812,2023/1/7 23:00,5.92,7.11,22.23
6813,2023/1/7 23:15,5.97,7.88,30.57
6814,2023/1/7 23:30,6.02,8.26,33.95
6815,2023/1/7 23:45,6.06,7.5,22.74
6816,2023/1/8 0:00,6.11,6.73,22.33
6817,2023/1/8 0:15,6.16,6.35,21.93
6818,2023/1/8 0:30,6.21,7.5,27.32
6819,2023/1/8 0:45,6.26,7.88,25.95
6820,2023/1/8 1:00,6.31,8.26,23.54
6821,2023/1/8 1:15,6.36,7.5,17.75
6822,2023/1/8 1:30,6.41,7.11,19.52
6823,2023/1/8 1:45,6.45,7.5,22.8
6824,2023/1/8 2:00,6.5,7.5,23.07
6825,2023/1/8 2:15,6.54,8.65,22.77
6826,2023/1/8 2:30,6.58,7.88,24.24
6827,2023/1/8 2:45,6.63,7.88,25.15
6828,2023/1/8 3:00,6.67,7.11,23.77
6829,2023/1/8 3:15,6.72,7.5,23.27
6830,2023/1/8 3:30,6.77,6.73,25.11
6831,2023/1/8 3:45,6.82,6.73,24.18
6832,2023/1/8 4:00,6.87,7.11,23.17
6833,2023/1/8 4:15,6.93,7.5,21.97
6834,2023/1/8 4:30,6.98,4.82,21.19
6835,2023/1/8 4:45,7.04,4.82,24.98
6836,2023/1/8 5:00,7.11,4.82,31.11
6837,2023/1/8 5:15,7.17,8.65,32.45
6838,2023/1/8 5:30,7.23,8.65,36.36
6839,2023/1/8 5:45,7.28,7.88,29.33
6840,2023/1/8 6:00,6.79,8.65,25.92
6841,2023/1/8 6:15,6.85,7.5,21.46
6842,2023/1/8 6:30,6.91,7.5,22.67
6843,2023/1/8 6:45,6.95,7.88,22.94
6844,2023/1/8 7:00,6.98,7.5,22.8
6845,2023/1/8 7:15,6.99,7.88,31.74
6846,2023/1/8 7:30,7,7.88,28.7
6847,2023/1/8 7:45,7,9.41,28.26
6848,2023/1/8 8:00,6.99,8.26,31.31
6849,2023/1/8 8:15,6.97,6.73,22.1
6850,2023/1/8 8:30,6.94,7.88,26.65
6851,2023/1/8 8:45,6.9,6.73,23.97
6852,2023/1/8 9:00,6.85,7.5,18.21
6853,2023/1/8 9:15,6.8,3.28,15.67
6854,2023/1/8 9:30,6.75,2.9,11.92
6855,2023/1/8 9:45,6.7,2.14,11.42
6856,2023/1/8 10:00,6.66,2.9,11.02
6857,2023/1/8 10:15,6.61,1.37,8.27
6858,2023/1/8 10:30,6.58,2.9,8.87
6859,2023/1/8 10:45,6.55,3.28,13.06
6860,2023/1/8 11:00,6.52,4.43,11.32
6861,2023/1/8 11:15,6.51,4.05,11.99
6862,2023/1/8 11:30,6.5,5.58,10.75
6863,2023/1/8 11:45,6.5,5.2,15.37
6864,2023/1/8 12:00,6.46,5.58,10.71
6865,2023/1/8 12:15,6.47,6.73,14.2
6866,2023/1/8 12:30,6.5,7.88,21.5
6867,2023/1/8 12:45,6.56,7.11,21.03
6868,2023/1/8 13:00,6.64,5.2,14.13
6869,2023/1/8 13:15,6.76,5.58,12.39
6870,2023/1/8 13:30,6.89,6.73,16.91
6871,2023/1/8 13:45,7.04,5.96,17.85
6872,2023/1/8 14:00,7.21,5.96,9.74
6873,2023/1/8 14:15,7.38,3.67,10.55
6874,2023/1/8 14:30,7.56,4.82,19.86
6875,2023/1/8 14:45,7.73,6.73,19.15
6876,2023/1/8 15:00,7.91,5.96,19.15
6877,2023/1/8 15:15,8.07,6.73,22.37
6878,2023/1/8 15:30,8.22,7.5,26.32
6879,2023/1/8 15:45,8.34,7.11,22.33
6880,2023/1/8 16:00,8.44,5.96,22.53
6881,2023/1/8 16:15,8.53,5.96,22.03
6882,2023/1/8 16:30,8.59,6.35,17.71
6883,2023/1/8 16:45,8.63,6.35,15.64
6884,2023/1/8 17:00,8.63,6.35,11.59
6885,2023/1/8 17:15,8.61,4.43,8.44
6886,2023/1/8 17:30,8.57,4.05,5.83
6887,2023/1/8 17:45,8.51,5.2,7
6888,2023/1/8 18:00,9.06,3.67,4.32
6889,2023/1/8 18:15,9,4.05,3.38
6890,2023/1/8 18:30,8.94,3.28,3.18
6891,2023/1/8 18:45,8.87,4.43,6.83
6892,2023/1/8 19:00,8.79,5.58,11.99
6893,2023/1/8 19:15,8.72,5.58,11.22
6894,2023/1/8 19:30,8.65,4.82,8.61
6895,2023/1/8 19:45,8.58,4.43,7.13
6896,2023/1/8 20:00,8.51,3.28,7.2
6897,2023/1/8 20:15,8.44,4.82,9.07
6898,2023/1/8 20:30,8.38,5.2,11.79
6899,2023/1/8 20:45,8.31,5.58,15.17
6900,2023/1/8 21:00,8.25,3.28,15.67
6901,2023/1/8 21:15,8.19,7.88,25.51
6902,2023/1/8 21:30,8.14,8.26,43.26
6903,2023/1/8 21:45,8.09,9.03,39.95
6904,2023/1/8 22:00,8.04,9.41,36.83
6905,2023/1/8 22:15,8,9.8,38.67
6906,2023/1/8 22:30,7.95,9.41,46.21
6907,2023/1/8 22:45,7.88,7.88,46.98
6908,2023/1/8 23:00,7.81,8.26,41.82
6909,2023/1/8 23:15,7.72,9.03,34.55
6910,2023/1/8 23:30,7.62,8.65,25.92
6911,2023/1/8 23:45,7.51,7.11,22.53
6912,2023/1/9 0:00,7.42,7.5,15.94
6913,2023/1/9 0:15,7.28,5.96,10.05
6914,2023/1/9 0:30,7.14,3.67,7.73
6915,2023/1/9 0:45,6.99,4.82,8.57
6916,2023/1/9 1:00,6.83,4.43,6.03
6917,2023/1/9 1:15,6.66,3.67,3.95
6918,2023/1/9 1:30,6.49,3.67,2.95
6919,2023/1/9 1:45,6.32,3.28,0.7
6920,2023/1/9 2:00,6.15,2.9,0
6921,2023/1/9 2:15,5.97,2.14,0
6922,2023/1/9 2:30,5.8,2.14,0
6923,2023/1/9 2:45,5.62,2.14,0
6924,2023/1/9 3:00,5.45,2.14,0
6925,2023/1/9 3:15,5.28,2.52,0
6926,2023/1/9 3:30,5.12,2.52,0
6927,2023/1/9 3:45,4.96,2.52,0
6928,2023/1/9 4:00,4.81,1.75,0
6929,2023/1/9 4:15,4.66,1.75,0
6930,2023/1/9 4:30,4.52,1.37,0
6931,2023/1/9 4:45,4.39,2.52,0
6932,2023/1/9 5:00,4.27,2.14,0
6933,2023/1/9 5:15,4.15,2.14,0
6934,2023/1/9 5:30,4.05,1.75,0
6935,2023/1/9 5:45,3.95,1.37,0
6936,2023/1/9 6:00,4.03,1.37,0
6937,2023/1/9 6:15,3.98,1.75,0
6938,2023/1/9 6:30,3.93,1.37,0
6939,2023/1/9 6:45,3.9,2.14,0
6940,2023/1/9 7:00,3.88,1.37,0
6941,2023/1/9 7:15,3.87,2.14,0
6942,2023/1/9 7:30,3.87,2.14,0
6943,2023/1/9 7:45,3.86,3.67,0.5
6944,2023/1/9 8:00,3.86,2.9,1.17
6945,2023/1/9 8:15,3.86,2.9,1.41
6946,2023/1/9 8:30,3.85,2.52,2.85
6947,2023/1/9 8:45,3.85,2.9,4.62
6948,2023/1/9 9:00,3.84,3.67,6.56
6949,2023/1/9 9:15,3.82,3.28,7.53
6950,2023/1/9 9:30,3.81,3.28,7.73
6951,2023/1/9 9:45,3.79,4.05,6.4
6952,2023/1/9 10:00,3.78,2.52,3.98
6953,2023/1/9 10:15,3.76,2.14,2.95
6954,2023/1/9 10:30,3.74,2.52,1.57
6955,2023/1/9 10:45,3.72,2.14,0.87
6956,2023/1/9 11:00,3.7,2.14,0.23
6957,2023/1/9 11:15,3.68,1.75,0.4
6958,2023/1/9 11:30,3.65,2.52,0.03
6959,2023/1/9 11:45,3.62,1.37,0
6960,2023/1/9 12:00,3.65,2.14,0
6961,2023/1/9 12:15,3.61,1.75,0
6962,2023/1/9 12:30,3.58,2.14,0
6963,2023/1/9 12:45,3.55,2.9,0
6964,2023/1/9 13:00,3.53,2.9,0
6965,2023/1/9 13:15,3.51,3.67,0
6966,2023/1/9 13:30,3.49,2.9,0.03
6967,2023/1/9 13:45,3.48,3.28,0.67
6968,2023/1/9 14:00,3.46,3.28,1.21
6969,2023/1/9 14:15,3.45,4.05,2.31
6970,2023/1/9 14:30,3.43,3.67,1.88
6971,2023/1/9 14:45,3.42,3.28,1.57
6972,2023/1/9 15:00,3.42,3.28,1.04
6973,2023/1/9 15:15,3.42,2.9,0.44
6974,2023/1/9 15:30,3.44,2.14,0
6975,2023/1/9 15:45,3.48,2.14,0
6976,2023/1/9 16:00,3.54,1.75,0
6977,2023/1/9 16:15,3.63,1.75,0
6978,2023/1/9 16:30,3.73,2.14,0
6979,2023/1/9 16:45,3.85,2.52,0
6980,2023/1/9 17:00,3.99,3.28,0
6981,2023/1/9 17:15,4.14,3.28,2.14
6982,2023/1/9 17:30,4.31,4.82,5.29
6983,2023/1/9 17:45,4.5,4.43,5.29
6984,2023/1/9 18:00,4.9,5.96,10.15
6985,2023/1/9 18:15,5.15,5.2,11.28
6986,2023/1/9 18:30,5.42,6.35,17.51
6987,2023/1/9 18:45,5.7,6.73,21.09
6988,2023/1/9 19:00,5.99,7.5,26.62
6989,2023/1/9 19:15,6.28,8.26,36.53
6990,2023/1/9 19:30,6.58,8.26,33.18
6991,2023/1/9 19:45,6.87,9.41,43.83
6992,2023/1/9 20:00,7.16,9.41,43.29
6993,2023/1/9 20:15,7.45,10.18,45.07
6994,2023/1/9 20:30,7.73,10.18,46.64
6995,2023/1/9 20:45,8,10.94,47.91
6996,2023/1/9 21:00,8.27,11.33,48.42
6997,2023/1/9 21:15,8.52,10.94,48.35
6998,2023/1/9 21:30,8.76,11.33,48.38
6999,2023/1/9 21:45,8.99,11.71,48.45
7000,2023/1/9 22:00,9.2,11.33,48.45
7001,2023/1/9 22:15,9.39,11.71,48.42
7002,2023/1/9 22:30,9.57,11.71,48.42
7003,2023/1/9 22:45,9.74,11.71,48.45
7004,2023/1/9 23:00,9.89,12.09,48.45
7005,2023/1/9 23:15,10.04,12.09,48.45
7006,2023/1/9 23:30,10.18,12.48,48.45
7007,2023/1/9 23:45,10.3,12.09,48.45
7008,2023/1/10 0:00,10.44,12.09,48.28
7009,2023/1/10 0:15,10.54,11.71,48.62
7010,2023/1/10 0:30,10.64,11.71,48.38
7011,2023/1/10 0:45,10.74,13.24,48.18
7012,2023/1/10 1:00,10.83,12.09,48.52
7013,2023/1/10 1:15,10.92,12.09,48.42
7014,2023/1/10 1:30,11,12.86,48.42
7015,2023/1/10 1:45,11.09,12.48,48.45
7016,2023/1/10 2:00,11.17,14.01,48.18
7017,2023/1/10 2:15,11.25,13.24,48.48
7018,2023/1/10 2:30,11.33,14.01,48.42
7019,2023/1/10 2:45,11.41,11.71,48.45
7020,2023/1/10 3:00,11.49,13.63,48.52
7021,2023/1/10 3:15,11.57,12.48,48.45
7022,2023/1/10 3:30,11.65,12.09,48.38
7023,2023/1/10 3:45,11.72,15.16,48.55
7024,2023/1/10 4:00,11.8,15.16,48.75
7025,2023/1/10 4:15,11.87,13.24,48.38
7026,2023/1/10 4:30,11.93,12.86,48.42
7027,2023/1/10 4:45,12,14.77,48.18
7028,2023/1/10 5:00,12.05,14.01,48.55
7029,2023/1/10 5:15,12.11,13.63,48.42
7030,2023/1/10 5:30,12.15,13.24,48.08
7031,2023/1/10 5:45,12.2,14.01,48.58
7032,2023/1/10 6:00,12.38,12.09,48.38
7033,2023/1/10 6:15,12.43,12.86,48.48
7034,2023/1/10 6:30,12.48,14.39,48.22
7035,2023/1/10 6:45,12.51,13.63,48.68
7036,2023/1/10 7:00,12.53,12.86,47.98
7037,2023/1/10 7:15,12.54,13.24,48.22
7038,2023/1/10 7:30,12.54,15.16,48.82
7039,2023/1/10 7:45,12.53,15.16,48.38
7040,2023/1/10 8:00,12.51,13.63,48.45
7041,2023/1/10 8:15,12.48,12.09,48.62
7042,2023/1/10 8:30,12.45,17.07,48.32
7043,2023/1/10 8:45,12.4,15.92,48.48
7044,2023/1/10 9:00,12.35,12.48,48.62
7045,2023/1/10 9:15,12.29,14.77,48.58
7046,2023/1/10 9:30,12.21,15.54,48.28
7047,2023/1/10 9:45,12.13,12.86,48.32
7048,2023/1/10 10:00,12.04,14.39,48.32
7049,2023/1/10 10:15,11.94,14.39,48.72
7050,2023/1/10 10:30,11.83,12.86,48.55
7051,2023/1/10 10:45,11.72,15.16,48.65
7052,2023/1/10 11:00,11.61,14.77,48.68
7053,2023/1/10 11:15,11.49,11.71,48.22
7054,2023/1/10 11:30,11.36,12.86,48.55
7055,2023/1/10 11:45,11.23,11.71,48.38
7056,2023/1/10 12:00,11.14,11.71,48.32
7057,2023/1/10 12:15,10.99,12.09,48.22
7058,2023/1/10 12:30,10.85,12.09,48.52
7059,2023/1/10 12:45,10.73,13.63,48.58
7060,2023/1/10 13:00,10.61,15.54,48.38
7061,2023/1/10 13:15,10.5,15.16,48.32
7062,2023/1/10 13:30,10.39,11.33,48.38
7063,2023/1/10 13:45,10.29,14.01,48.38
7064,2023/1/10 14:00,10.2,14.01,48.68
7065,2023/1/10 14:15,10.1,12.48,48.35
7066,2023/1/10 14:30,10.01,10.94,48.35
7067,2023/1/10 14:45,9.93,10.18,46.68
7068,2023/1/10 15:00,9.87,9.41,44.23
7069,2023/1/10 15:15,9.81,9.41,41.95
7070,2023/1/10 15:30,9.76,8.65,39.38
7071,2023/1/10 15:45,9.73,8.65,38.51
7072,2023/1/10 16:00,9.71,7.88,35.46
7073,2023/1/10 16:15,9.71,7.11,33.55
7074,2023/1/10 16:30,9.7,8.26,39.68
7075,2023/1/10 16:45,9.69,10.18,46.64
7076,2023/1/10 17:00,9.68,10.56,48.22
7077,2023/1/10 17:15,9.66,12.09,48.42
7078,2023/1/10 17:30,9.64,12.48,48.28
7079,2023/1/10 17:45,9.63,11.71,48.42
7080,2023/1/10 18:00,9.59,12.09,48.45
7081,2023/1/10 18:15,9.58,11.33,48.45
7082,2023/1/10 18:30,9.57,11.33,48.32
7083,2023/1/10 18:45,9.56,10.56,48.35
7084,2023/1/10 19:00,9.55,12.86,48.32
7085,2023/1/10 19:15,9.53,12.86,48.25
7086,2023/1/10 19:30,9.51,12.86,48.48
7087,2023/1/10 19:45,9.49,12.48,48.32
7088,2023/1/10 20:00,9.47,14.01,48.28
7089,2023/1/10 20:15,9.44,13.24,48.58
7090,2023/1/10 20:30,9.41,12.86,48.35
7091,2023/1/10 20:45,9.38,13.24,48.52
7092,2023/1/10 21:00,9.34,13.24,48.52
7093,2023/1/10 21:15,9.31,12.86,48.52
7094,2023/1/10 21:30,9.29,11.71,48.55
7095,2023/1/10 21:45,9.27,12.86,48.35
7096,2023/1/10 22:00,9.27,13.24,48.32
7097,2023/1/10 22:15,9.27,14.01,48.42
7098,2023/1/10 22:30,9.28,14.77,48.22
7099,2023/1/10 22:45,9.29,14.39,48.32
7100,2023/1/10 23:00,9.32,14.77,48.42
7101,2023/1/10 23:15,9.35,13.63,48.45
7102,2023/1/10 23:30,9.39,14.01,48.58
7103,2023/1/10 23:45,9.43,14.39,48.28
7104,2023/1/11 0:00,9.46,14.39,48.08
7105,2023/1/11 0:15,9.53,14.01,48.52
7106,2023/1/11 0:30,9.59,12.48,48.28
7107,2023/1/11 0:45,9.66,11.71,48.38
7108,2023/1/11 1:00,9.74,11.33,48.38
7109,2023/1/11 1:15,9.81,12.09,48.28
7110,2023/1/11 1:30,9.89,12.86,48.35
7111,2023/1/11 1:45,9.95,13.24,48.48
7112,2023/1/11 2:00,10.02,12.48,48.48
7113,2023/1/11 2:15,10.08,9.41,48.58
7114,2023/1/11 2:30,10.13,11.33,48.42
7115,2023/1/11 2:45,10.18,10.94,48.35
7116,2023/1/11 3:00,10.22,10.94,48.45
7117,2023/1/11 3:15,10.27,11.33,48.32
7118,2023/1/11 3:30,10.31,10.56,48.42
7119,2023/1/11 3:45,10.36,10.94,48.55
7120,2023/1/11 4:00,10.41,11.33,48.45
7121,2023/1/11 4:15,10.47,11.33,48.45
7122,2023/1/11 4:30,10.53,10.18,48.35
7123,2023/1/11 4:45,10.59,10.94,48.62
7124,2023/1/11 5:00,10.66,11.71,48.35
7125,2023/1/11 5:15,10.74,11.71,48.32
7126,2023/1/11 5:30,10.83,11.33,48.38
7127,2023/1/11 5:45,10.92,10.94,48.82
7128,2023/1/11 6:00,10.95,11.71,48.05
7129,2023/1/11 6:15,11.01,12.09,48.25
7130,2023/1/11 6:30,11.06,10.94,48.18
7131,2023/1/11 6:45,11.1,10.94,48.42
7132,2023/1/11 7:00,11.14,12.09,48.48
7133,2023/1/11 7:15,11.16,9.41,48.55
7134,2023/1/11 7:30,11.19,9.41,48.52
7135,2023/1/11 7:45,11.2,10.18,48.38
7136,2023/1/11 8:00,11.2,10.94,48.38
7137,2023/1/11 8:15,11.19,11.71,48.35
7138,2023/1/11 8:30,11.17,11.71,48.38
7139,2023/1/11 8:45,11.14,12.86,48.18
7140,2023/1/11 9:00,11.1,10.18,48.48
7141,2023/1/11 9:15,11.05,12.09,48.52
7142,2023/1/11 9:30,10.99,11.71,46.84
7143,2023/1/11 9:45,10.92,9.8,48.32
7144,2023/1/11 10:00,10.83,9.41,48.32
7145,2023/1/11 10:15,10.73,7.5,47.78
7146,2023/1/11 10:30,10.63,12.09,48.48
7147,2023/1/11 10:45,10.51,9.8,48.28
7148,2023/1/11 11:00,10.39,9.41,47.85
7149,2023/1/11 11:15,10.26,10.94,48.32
7150,2023/1/11 11:30,10.12,10.94,46.24
7151,2023/1/11 11:45,9.97,8.26,48.45
7152,2023/1/11 12:00,9.86,10.94,47.14
7153,2023/1/11 12:15,9.7,12.48,48.32
7154,2023/1/11 12:30,9.54,10.94,47.85
7155,2023/1/11 12:45,9.39,9.8,45.07
7156,2023/1/11 13:00,9.24,9.03,46.58
7157,2023/1/11 13:15,9.1,10.56,44.8
7158,2023/1/11 13:30,8.96,9.03,44.87
7159,2023/1/11 13:45,8.83,8.65,41.65
7160,2023/1/11 14:00,8.71,10.18,38.74
7161,2023/1/11 14:15,8.6,10.18,34.42
7162,2023/1/11 14:30,8.49,7.5,24.21
7163,2023/1/11 14:45,8.39,7.5,28.23
7164,2023/1/11 15:00,8.29,8.65,33.12
7165,2023/1/11 15:15,8.21,7.88,27.46
7166,2023/1/11 15:30,8.13,9.8,28.33
7167,2023/1/11 15:45,8.07,7.11,21.6
7168,2023/1/11 16:00,8.02,7.5,26.25
7169,2023/1/11 16:15,7.99,8.26,30.64
7170,2023/1/11 16:30,7.95,7.11,34.99
7171,2023/1/11 16:45,7.92,7.88,31.81
7172,2023/1/11 17:00,7.88,9.03,44.87
7173,2023/1/11 17:15,7.85,8.65,46.14
7174,2023/1/11 17:30,7.82,9.8,46.64
7175,2023/1/11 17:45,7.78,9.8,43.9
7176,2023/1/11 18:00,8.13,8.65,38.67
7177,2023/1/11 18:15,8.08,9.03,36.97
7178,2023/1/11 18:30,8.03,8.65,40.68
7179,2023/1/11 18:45,8,9.41,38.64
7180,2023/1/11 19:00,7.96,8.65,39.61
7181,2023/1/11 19:15,7.93,8.26,33.35
7182,2023/1/11 19:30,7.9,8.65,32.38
7183,2023/1/11 19:45,7.88,8.26,28.83
7184,2023/1/11 20:00,7.86,7.11,25.88
7185,2023/1/11 20:15,7.84,7.5,23.04
7186,2023/1/11 20:30,7.82,7.11,22.03
7187,2023/1/11 20:45,7.81,7.11,24.07
7188,2023/1/11 21:00,7.8,7.88,26.12
7189,2023/1/11 21:15,7.79,7.88,26.25
7190,2023/1/11 21:30,7.8,7.5,26.52
7191,2023/1/11 21:45,7.81,8.26,31.74
7192,2023/1/11 22:00,7.84,9.8,34.79
7193,2023/1/11 22:15,7.87,9.8,40.72
7194,2023/1/11 22:30,7.91,9.41,41.75
7195,2023/1/11 22:45,7.95,10.18,45.1
7196,2023/1/11 23:00,8,10.56,47.45
7197,2023/1/11 23:15,8.05,10.94,47.88
7198,2023/1/11 23:30,8.11,10.18,45
7199,2023/1/11 23:45,8.17,9.41,44.6
7200,2023/1/12 0:00,8.18,9.8,46.88
7201,2023/1/12 0:15,8.26,9.8,47.28
7202,2023/1/12 0:30,8.33,8.26,45.6
7203,2023/1/12 0:45,8.42,9.8,47.11
7204,2023/1/12 1:00,8.5,9.8,46.41
7205,2023/1/12 1:15,8.59,9.8,45.74
7206,2023/1/12 1:30,8.68,9.8,45.27
7207,2023/1/12 1:45,8.77,9.41,42.96
7208,2023/1/12 2:00,8.85,8.65,44.77
7209,2023/1/12 2:15,8.93,9.8,46.04
7210,2023/1/12 2:30,9,10.18,46.37
7211,2023/1/12 2:45,9.08,10.18,45.47
7212,2023/1/12 3:00,9.14,9.03,32.11
7213,2023/1/12 3:15,9.21,4.05,32.34
7214,2023/1/12 3:30,9.27,8.26,40.25
7215,2023/1/12 3:45,9.34,7.88,44.73
7216,2023/1/12 4:00,9.41,10.94,48.28
7217,2023/1/12 4:15,9.47,11.71,48.25
7218,2023/1/12 4:30,9.54,10.94,48.18
7219,2023/1/12 4:45,9.61,10.94,48.52
7220,2023/1/12 5:00,9.68,11.71,48.32
7221,2023/1/12 5:15,9.75,11.71,48.45
7222,2023/1/12 5:30,9.83,11.33,48.58
7223,2023/1/12 5:45,9.9,11.33,48.45
7224,2023/1/12 6:00,10.03,10.94,48.38
7225,2023/1/12 6:15,10.14,11.71,48.45
7226,2023/1/12 6:30,10.24,11.33,48.48
7227,2023/1/12 6:45,10.35,11.71,48.28
7228,2023/1/12 7:00,10.46,12.86,48.48
7229,2023/1/12 7:15,10.58,10.18,48.42
7230,2023/1/12 7:30,10.7,11.33,48.15
7231,2023/1/12 7:45,10.81,10.56,48.45
7232,2023/1/12 8:00,10.93,10.94,48.38
7233,2023/1/12 8:15,11.04,13.24,48.55
7234,2023/1/12 8:30,11.16,14.39,48.42
7235,2023/1/12 8:45,11.27,12.86,48.32
7236,2023/1/12 9:00,11.38,12.86,48.48
7237,2023/1/12 9:15,11.49,11.71,48.18
7238,2023/1/12 9:30,11.58,13.24,48.32
7239,2023/1/12 9:45,11.67,11.71,48.42
7240,2023/1/12 10:00,11.74,13.63,48.18
7241,2023/1/12 10:15,11.81,10.56,48.42
7242,2023/1/12 10:30,11.86,11.33,48.35
7243,2023/1/12 10:45,11.9,11.71,48.25
7244,2023/1/12 11:00,11.92,9.41,48.25
7245,2023/1/12 11:15,11.93,10.94,48.48
7246,2023/1/12 11:30,11.93,10.56,48.28
7247,2023/1/12 11:45,11.91,9.8,48.45
7248,2023/1/12 12:00,11.83,10.18,48.32
7249,2023/1/12 12:15,11.79,9.41,48.08
7250,2023/1/12 12:30,11.75,10.56,44.37
7251,2023/1/12 12:45,11.72,9.41,45.5
7252,2023/1/12 13:00,11.67,13.24,48.58
7253,2023/1/12 13:15,11.63,10.18,47.41
7254,2023/1/12 13:30,11.59,12.09,46.24
7255,2023/1/12 13:45,11.54,9.8,44.6
7256,2023/1/12 14:00,11.5,8.26,37.37
7257,2023/1/12 14:15,11.45,7.11,34.86
7258,2023/1/12 14:30,11.39,8.26,40.72
7259,2023/1/12 14:45,11.34,11.71,46.14
7260,2023/1/12 15:00,11.29,10.18,47.41
7261,2023/1/12 15:15,11.24,9.8,47.61
7262,2023/1/12 15:30,11.19,9.8,45.84
7263,2023/1/12 15:45,11.15,8.65,47.31
7264,2023/1/12 16:00,11.13,10.94,48.68
7265,2023/1/12 16:15,11.11,10.18,48.65
7266,2023/1/12 16:30,11.09,9.03,46.81
7267,2023/1/12 16:45,11.06,10.94,48.55
7268,2023/1/12 17:00,11.04,10.94,48.32
7269,2023/1/12 17:15,11.01,8.26,47.41
7270,2023/1/12 17:30,10.99,9.03,46.88
7271,2023/1/12 17:45,10.96,10.94,47.95
7272,2023/1/12 18:00,11.14,9.41,48.25
7273,2023/1/12 18:15,11.14,9.8,47.75
7274,2023/1/12 18:30,11.13,10.18,48.32
7275,2023/1/12 18:45,11.12,9.03,48.12
7276,2023/1/12 19:00,11.1,11.71,48.08
7277,2023/1/12 19:15,11.07,11.33,47.45
7278,2023/1/12 19:30,11.04,12.09,48.38
7279,2023/1/12 19:45,10.99,10.18,48.35
7280,2023/1/12 20:00,10.94,12.09,48.52
7281,2023/1/12 20:15,10.87,10.56,48.15
7282,2023/1/12 20:30,10.79,12.48,48.25
7283,2023/1/12 20:45,10.7,10.18,47.65
7284,2023/1/12 21:00,10.59,10.56,48.32
7285,2023/1/12 21:15,10.47,10.56,47.65
7286,2023/1/12 21:30,10.36,9.41,47.18
7287,2023/1/12 21:45,10.27,9.41,46.37
7288,2023/1/12 22:00,10.19,9.41,45.04
7289,2023/1/12 22:15,10.13,9.41,46.74
7290,2023/1/12 22:30,10.08,10.18,46.64
7291,2023/1/12 22:45,10.05,10.18,46.11
7292,2023/1/12 23:00,10.04,9.8,46.91
7293,2023/1/12 23:15,10.03,10.56,46.14
7294,2023/1/12 23:30,10.02,9.41,46.64
7295,2023/1/12 23:45,10.02,9.8,44.73
7296,2023/1/13 0:00,9.98,9.03,43.26
7297,2023/1/13 0:15,9.97,10.18,42.32
7298,2023/1/13 0:30,10.01,9.03,39.54
7299,2023/1/13 0:45,10.08,7.88,42.62
7300,2023/1/13 1:00,10.18,5.96,48.35
7301,2023/1/13 1:15,10.31,9.8,48.08
7302,2023/1/13 1:30,10.43,11.71,48.32
7303,2023/1/13 1:45,10.54,10.56,48.35
7304,2023/1/13 2:00,10.63,11.33,48.45
7305,2023/1/13 2:15,10.71,14.01,48.12
7306,2023/1/13 2:30,10.77,14.39,48.28
7307,2023/1/13 2:45,10.83,10.56,48.08
7308,2023/1/13 3:00,10.88,11.33,48.25
7309,2023/1/13 3:15,10.94,14.39,48.38
7310,2023/1/13 3:30,11,12.48,48.28
7311,2023/1/13 3:45,11.07,16.69,48.15
7312,2023/1/13 4:00,11.16,13.24,48.25
7313,2023/1/13 4:15,11.28,11.33,48.75
7314,2023/1/13 4:30,11.36,12.48,48.55
7315,2023/1/13 4:45,11.43,13.63,48.05
7316,2023/1/13 5:00,11.48,11.33,48.35
7317,2023/1/13 5:15,11.52,11.33,48.35
7318,2023/1/13 5:30,11.56,12.09,48.55
7319,2023/1/13 5:45,11.6,11.33,48.28
7320,2023/1/13 6:00,11.67,11.71,47.91
7321,2023/1/13 6:15,11.68,12.48,48.65
7322,2023/1/13 6:30,11.68,11.33,48.22
7323,2023/1/13 6:45,11.68,13.24,48.42
7324,2023/1/13 7:00,11.67,14.39,48.65
7325,2023/1/13 7:15,11.67,9.8,48.48
7326,2023/1/13 7:30,11.66,12.86,48.45
7327,2023/1/13 7:45,11.65,12.09,48.32
7328,2023/1/13 8:00,11.64,14.01,48.18
7329,2023/1/13 8:15,11.63,11.33,47.91
7330,2023/1/13 8:30,11.63,10.18,48.02
7331,2023/1/13 8:45,11.62,10.56,46.07
7332,2023/1/13 9:00,11.62,9.03,45.4
7333,2023/1/13 9:15,11.62,9.8,42.49
7334,2023/1/13 9:30,11.62,11.71,46.07
7335,2023/1/13 9:45,11.62,11.33,48.18
7336,2023/1/13 10:00,11.61,8.26,44.63
7337,2023/1/13 10:15,11.61,12.48,48.25
7338,2023/1/13 10:30,11.6,10.94,48.12
7339,2023/1/13 10:45,11.59,10.94,46.64
7340,2023/1/13 11:00,11.59,13.63,48.32
7341,2023/1/13 11:15,11.59,11.71,48.32
7342,2023/1/13 11:30,11.58,12.48,46.34
7343,2023/1/13 11:45,11.58,10.56,43.7
7344,2023/1/13 12:00,11.54,7.11,42.39
7345,2023/1/13 12:15,11.53,7.5,42.62
7346,2023/1/13 12:30,11.52,9.8,44.47
7347,2023/1/13 12:45,11.5,10.56,47.35
7348,2023/1/13 13:00,11.48,10.94,47.14
7349,2023/1/13 13:15,11.45,11.71,48.28
7350,2023/1/13 13:30,11.42,9.8,48.15
7351,2023/1/13 13:45,11.4,11.33,48.32
7352,2023/1/13 14:00,11.38,12.48,48.38
7353,2023/1/13 14:15,11.35,10.18,48.45
7354,2023/1/13 14:30,11.34,7.11,48.28
7355,2023/1/13 14:45,11.32,10.18,46.54
7356,2023/1/13 15:00,11.3,9.41,44.3
7357,2023/1/13 15:15,11.28,10.18,43.46
7358,2023/1/13 15:30,11.26,12.09,48.38
7359,2023/1/13 15:45,11.24,9.8,47.25
7360,2023/1/13 16:00,11.23,9.8,42.59
7361,2023/1/13 16:15,11.21,9.8,36.63
7362,2023/1/13 16:30,11.2,10.56,43.96
7363,2023/1/13 16:45,11.19,11.33,48.25
7364,2023/1/13 17:00,11.19,11.71,48.48
7365,2023/1/13 17:15,11.18,13.24,48.68
7366,2023/1/13 17:30,11.18,12.09,48.65
7367,2023/1/13 17:45,11.18,11.71,48.45
7368,2023/1/13 18:00,11.22,11.71,48.62
7369,2023/1/13 18:15,11.21,11.71,48.35
7370,2023/1/13 18:30,11.2,11.71,48.28
7371,2023/1/13 18:45,11.19,9.03,47.01
7372,2023/1/13 19:00,11.18,9.41,48.35
7373,2023/1/13 19:15,11.17,12.09,46.91
7374,2023/1/13 19:30,11.15,13.63,47.98
7375,2023/1/13 19:45,11.14,10.56,46.74
7376,2023/1/13 20:00,11.12,9.8,45.2
7377,2023/1/13 20:15,11.1,12.48,48.55
7378,2023/1/13 20:30,11.07,10.94,48.45
7379,2023/1/13 20:45,11.04,12.09,47.28
7380,2023/1/13 21:00,11.01,8.65,45.44
7381,2023/1/13 21:15,10.97,10.94,48.42
7382,2023/1/13 21:30,10.93,10.18,46.91
7383,2023/1/13 21:45,10.88,10.56,47.95
7384,2023/1/13 22:00,10.84,10.94,48.18
7385,2023/1/13 22:15,10.79,14.01,48.22
7386,2023/1/13 22:30,10.73,10.56,47.68
7387,2023/1/13 22:45,10.67,12.09,46.64
7388,2023/1/13 23:00,10.61,12.48,48.05
7389,2023/1/13 23:15,10.55,12.09,45
7390,2023/1/13 23:30,10.48,7.5,43.43
7391,2023/1/13 23:45,10.4,8.26,40.85
7392,2023/1/14 0:00,10.3,9.41,38.07
7393,2023/1/14 0:15,10.22,8.65,38.17
7394,2023/1/14 0:30,10.13,9.41,34.76
7395,2023/1/14 0:45,10.03,8.65,39.85
7396,2023/1/14 1:00,9.94,8.65,42.36
7397,2023/1/14 1:15,9.84,9.41,41.22
7398,2023/1/14 1:30,9.73,7.5,44.3
7399,2023/1/14 1:45,9.63,10.94,40.38
7400,2023/1/14 2:00,9.52,8.65,42.26
7401,2023/1/14 2:15,9.41,10.18,41.15
7402,2023/1/14 2:30,9.3,9.41,37.67
7403,2023/1/14 2:45,9.19,10.18,38.77
7404,2023/1/14 3:00,9.08,9.03,40.38
7405,2023/1/14 3:15,8.96,7.11,39.61
7406,2023/1/14 3:30,8.84,8.65,37.27
7407,2023/1/14 3:45,8.73,7.11,34.39
7408,2023/1/14 4:00,8.6,7.88,29.23
7409,2023/1/14 4:15,8.48,6.35,24.88
7410,2023/1/14 4:30,8.36,7.11,26.05
7411,2023/1/14 4:45,8.23,7.11,28.43
7412,2023/1/14 5:00,8.1,7.5,25.95
7413,2023/1/14 5:15,7.98,7.11,22.13
7414,2023/1/14 5:30,7.85,6.35,22.2
7415,2023/1/14 5:45,7.72,7.11,22.03
7416,2023/1/14 6:00,7.53,5.96,15.4
7417,2023/1/14 6:15,7.41,5.58,15.64
7418,2023/1/14 6:30,7.29,5.58,13.66
7419,2023/1/14 6:45,7.17,5.58,13.03
7420,2023/1/14 7:00,7.04,5.58,13.29
7421,2023/1/14 7:15,6.92,5.58,12.92
7422,2023/1/14 7:30,6.79,5.58,13.33
7423,2023/1/14 7:45,6.66,4.82,12.79
7424,2023/1/14 8:00,6.54,6.35,12.86
7425,2023/1/14 8:15,6.41,5.58,13.16
7426,2023/1/14 8:30,6.29,4.82,9.78
7427,2023/1/14 8:45,6.16,4.43,8.37
7428,2023/1/14 9:00,6.03,4.82,6.93
7429,2023/1/14 9:15,5.9,4.05,6.56
7430,2023/1/14 9:30,5.78,3.28,3.78
7431,2023/1/14 9:45,5.66,3.67,1.34
7432,2023/1/14 10:00,5.55,4.05,1.37
7433,2023/1/14 10:15,5.45,3.28,0
7434,2023/1/14 10:30,5.35,2.52,0.44
7435,2023/1/14 10:45,5.26,1.75,0
7436,2023/1/14 11:00,5.17,2.9,0
7437,2023/1/14 11:15,5.09,1.75,0
7438,2023/1/14 11:30,5.02,3.28,0
7439,2023/1/14 11:45,4.95,3.28,0.67
7440,2023/1/14 12:00,4.88,4.05,2.31
7441,2023/1/14 12:15,4.83,5.2,3.58
7442,2023/1/14 12:30,4.78,4.05,3.92
7443,2023/1/14 12:45,4.73,3.28,5.69
7444,2023/1/14 13:00,4.69,3.67,3.65
7445,2023/1/14 13:15,4.66,2.52,2.44
7446,2023/1/14 13:30,4.62,2.14,1.37
7447,2023/1/14 13:45,4.58,4.05,1.77
7448,2023/1/14 14:00,4.54,3.67,2.98
7449,2023/1/14 14:15,4.49,4.82,4.15
7450,2023/1/14 14:30,4.44,4.43,5.49
7451,2023/1/14 14:45,4.4,3.67,4.92
7452,2023/1/14 15:00,4.35,3.28,4.08
7453,2023/1/14 15:15,4.3,4.43,3.65
7454,2023/1/14 15:30,4.25,3.28,2.91
7455,2023/1/14 15:45,4.19,3.67,2.08
7456,2023/1/14 16:00,4.13,4.05,2.51
7457,2023/1/14 16:15,4.07,4.05,4.32
7458,2023/1/14 16:30,4,4.05,4.25
7459,2023/1/14 16:45,3.93,4.82,5.59
7460,2023/1/14 17:00,3.85,4.82,7.43
7461,2023/1/14 17:15,3.76,4.82,7.4
7462,2023/1/14 17:30,3.67,4.05,6.06
7463,2023/1/14 17:45,3.56,4.43,5.83
7464,2023/1/14 18:00,3.07,4.05,4.55
7465,2023/1/14 18:15,2.94,4.82,4.52
7466,2023/1/14 18:30,2.8,3.67,2.75
7467,2023/1/14 18:45,2.66,3.67,2.18
7468,2023/1/14 19:00,2.53,3.28,1.04
7469,2023/1/14 19:15,2.39,2.14,0.67
7470,2023/1/14 19:30,2.27,3.28,0.5
7471,2023/1/14 19:45,2.15,2.14,0
7472,2023/1/14 20:00,2.05,1.75,0
7473,2023/1/14 20:15,1.95,1.75,0
7474,2023/1/14 20:30,1.87,0.6,0
7475,2023/1/14 20:45,1.81,0.6,0
7476,2023/1/14 21:00,1.76,0,0
7477,2023/1/14 21:15,1.73,0,0
7478,2023/1/14 21:30,1.72,1.37,0
7479,2023/1/14 21:45,1.73,1.37,0
7480,2023/1/14 22:00,1.76,1.75,0
7481,2023/1/14 22:15,1.82,2.9,0
7482,2023/1/14 22:30,1.89,3.28,0
7483,2023/1/14 22:45,1.97,3.28,2.01
7484,2023/1/14 23:00,2.06,4.05,2.48
7485,2023/1/14 23:15,2.17,3.67,3.45
7486,2023/1/14 23:30,2.29,3.67,2.65
7487,2023/1/14 23:45,2.42,4.43,4.72
7488,2023/1/15 0:00,2.59,4.43,4.05
7489,2023/1/15 0:15,2.75,5.2,6.29
7490,2023/1/15 0:30,2.92,4.82,6.8
7491,2023/1/15 0:45,3.09,5.2,9.64
7492,2023/1/15 1:00,3.26,5.2,11.22
7493,2023/1/15 1:15,3.44,5.2,11.35
7494,2023/1/15 1:30,3.61,5.96,14.87
7495,2023/1/15 1:45,3.78,5.96,15.23
7496,2023/1/15 2:00,3.95,5.96,14.53
7497,2023/1/15 2:15,4.11,5.96,15.03
7498,2023/1/15 2:30,4.27,5.58,16.17
7499,2023/1/15 2:45,4.44,5.96,14.93
7500,2023/1/15 3:00,4.6,6.73,17.78
7501,2023/1/15 3:15,4.76,6.35,16.91
7502,2023/1/15 3:30,4.92,6.73,17.61
7503,2023/1/15 3:45,5.08,7.5,20.42
7504,2023/1/15 4:00,5.25,7.11,23.74
7505,2023/1/15 4:15,5.41,7.11,28.76
7506,2023/1/15 4:30,5.58,7.88,31.01
7507,2023/1/15 4:45,5.75,8.26,34.15
7508,2023/1/15 5:00,5.92,8.26,33.58
7509,2023/1/15 5:15,6.09,7.5,31.17
7510,2023/1/15 5:30,6.27,7.88,30.77
7511,2023/1/15 5:45,6.44,8.26,36.76
7512,2023/1/15 6:00,6.41,9.41,44.87
7513,2023/1/15 6:15,6.55,9.03,44.8
7514,2023/1/15 6:30,6.67,9.41,45.5
7515,2023/1/15 6:45,6.78,8.65,43.86
7516,2023/1/15 7:00,6.87,9.03,41.08
7517,2023/1/15 7:15,6.95,8.65,36.43
7518,2023/1/15 7:30,7.01,7.88,36.56
7519,2023/1/15 7:45,7.05,8.65,37.8
7520,2023/1/15 8:00,7.08,8.26,32.78
7521,2023/1/15 8:15,7.1,8.26,33.95
7522,2023/1/15 8:30,7.11,7.11,27.59
7523,2023/1/15 8:45,7.11,6.73,19.72
7524,2023/1/15 9:00,7.09,5.2,18.28
7525,2023/1/15 9:15,7.06,5.58,16.91
7526,2023/1/15 9:30,7.03,6.73,24.31
7527,2023/1/15 9:45,7,8.65,23.47
7528,2023/1/15 10:00,6.96,8.26,24.78
7529,2023/1/15 10:15,6.92,5.58,32.31
7530,2023/1/15 10:30,6.89,5.96,22.43
7531,2023/1/15 10:45,6.86,5.58,26.92
7532,2023/1/15 11:00,6.85,7.5,31.27
7533,2023/1/15 11:15,6.84,7.88,32.38
7534,2023/1/15 11:30,6.83,8.26,30.57
7535,2023/1/15 11:45,6.83,6.35,25.41
7536,2023/1/15 12:00,6.87,6.73,23.47
7537,2023/1/15 12:15,6.87,4.43,21.86
7538,2023/1/15 12:30,6.88,5.96,25.95
7539,2023/1/15 12:45,6.89,8.26,23.07
7540,2023/1/15 13:00,6.9,7.11,29.3
7541,2023/1/15 13:15,6.91,7.5,25.82
7542,2023/1/15 13:30,6.92,6.35,23.77
7543,2023/1/15 13:45,6.92,7.11,23.57
7544,2023/1/15 14:00,6.91,6.73,23.74
7545,2023/1/15 14:15,6.9,6.35,21.36
7546,2023/1/15 14:30,6.89,7.11,25.21
7547,2023/1/15 14:45,6.87,7.88,25.31
7548,2023/1/15 15:00,6.85,7.5,26.42
7549,2023/1/15 15:15,6.82,6.73,27.72
7550,2023/1/15 15:30,6.79,8.26,33.15
7551,2023/1/15 15:45,6.77,9.03,33.42
7552,2023/1/15 16:00,6.74,8.65,38.57
7553,2023/1/15 16:15,6.71,6.35,38.07
7554,2023/1/15 16:30,6.69,7.11,29.97
7555,2023/1/15 16:45,6.66,7.88,33.15
7556,2023/1/15 17:00,6.63,8.65,34.15
7557,2023/1/15 17:15,6.59,7.11,34.12
7558,2023/1/15 17:30,6.55,7.11,27.66
7559,2023/1/15 17:45,6.5,7.11,25.92
7560,2023/1/15 18:00,6.64,6.73,25.82
7561,2023/1/15 18:15,6.6,7.88,31.44
7562,2023/1/15 18:30,6.55,7.5,25.08
7563,2023/1/15 18:45,6.5,5.58,19.35
7564,2023/1/15 19:00,6.44,5.2,15.7
7565,2023/1/15 19:15,6.37,4.43,14.4
7566,2023/1/15 19:30,6.29,5.2,16.04
7567,2023/1/15 19:45,6.21,5.96,17.41
7568,2023/1/15 20:00,6.12,5.96,16.84
7569,2023/1/15 20:15,6.03,5.96,14.7
7570,2023/1/15 20:30,5.95,5.96,12.02
7571,2023/1/15 20:45,5.87,5.2,8.04
7572,2023/1/15 21:00,5.82,4.43,5.49
7573,2023/1/15 21:15,5.79,3.28,2.34
7574,2023/1/15 21:30,5.78,4.43,7.5
7575,2023/1/15 21:45,5.79,4.82,7.77
7576,2023/1/15 22:00,5.81,5.96,12.46
7577,2023/1/15 22:15,5.86,5.58,13.26
7578,2023/1/15 22:30,5.91,7.11,16.24
7579,2023/1/15 22:45,5.98,7.5,25.08
7580,2023/1/15 23:00,6.05,7.11,29.13
7581,2023/1/15 23:15,6.14,7.11,27.49
7582,2023/1/15 23:30,6.23,6.35,25.51
7583,2023/1/15 23:45,6.32,5.2,26.32
7584,2023/1/16 0:00,6.33,5.58,24.21
7585,2023/1/16 0:15,6.4,5.58,24.84
7586,2023/1/16 0:30,6.46,5.96,24.74
7587,2023/1/16 0:45,6.49,4.82,25.65
7588,2023/1/16 1:00,6.5,5.58,20.06
7589,2023/1/16 1:15,6.48,4.05,23.3
7590,2023/1/16 1:30,6.43,6.35,28.39
7591,2023/1/16 1:45,6.35,5.96,31.81
7592,2023/1/16 2:00,6.24,7.88,38.31
7593,2023/1/16 2:15,6.11,7.88,37
7594,2023/1/16 2:30,5.96,8.26,32.24
7595,2023/1/16 2:45,5.79,7.88,23.2
7596,2023/1/16 3:00,5.61,6.73,17.78
7597,2023/1/16 3:15,5.41,5.58,14.57
7598,2023/1/16 3:30,5.22,5.58,18.35
7599,2023/1/16 3:45,5.04,6.35,20.46
7600,2023/1/16 4:00,4.87,7.11,29.23
7601,2023/1/16 4:15,4.7,7.5,31.27
7602,2023/1/16 4:30,4.55,7.11,28.76
7603,2023/1/16 4:45,4.4,7.11,23.17
7604,2023/1/16 5:00,4.27,7.11,18.11
7605,2023/1/16 5:15,4.14,6.35,18.62
7606,2023/1/16 5:30,4.03,6.35,15.07
7607,2023/1/16 5:45,3.93,5.2,11.95
7608,2023/1/16 6:00,4.01,6.35,14.36
7609,2023/1/16 6:15,3.97,6.35,13.39
7610,2023/1/16 6:30,3.94,6.35,15.84
7611,2023/1/16 6:45,3.93,5.96,13.9
7612,2023/1/16 7:00,3.94,5.96,8.24
7613,2023/1/16 7:15,3.96,4.43,4.86
7614,2023/1/16 7:30,3.98,2.9,2.21
7615,2023/1/16 7:45,4.01,3.67,3.01
7616,2023/1/16 8:00,4.05,3.28,3.65
7617,2023/1/16 8:15,4.09,4.05,4.22
7618,2023/1/16 8:30,4.13,4.43,2.88
7619,2023/1/16 8:45,4.17,3.67,0.33
7620,2023/1/16 9:00,4.21,2.52,0
7621,2023/1/16 9:15,4.24,1.75,0
7622,2023/1/16 9:30,4.28,3.28,0
7623,2023/1/16 9:45,4.31,2.14,0
7624,2023/1/16 10:00,4.35,2.14,0
7625,2023/1/16 10:15,4.38,2.14,0
7626,2023/1/16 10:30,4.42,2.9,0
7627,2023/1/16 10:45,4.46,2.9,0.23
7628,2023/1/16 11:00,4.5,4.82,1.91
7629,2023/1/16 11:15,4.54,4.05,4.69
7630,2023/1/16 11:30,4.59,4.05,5.12
7631,2023/1/16 11:45,4.64,4.43,8.4
7632,2023/1/16 12:00,4.75,4.05,12.46
7633,2023/1/16 12:15,4.81,7.11,15.27
7634,2023/1/16 12:30,4.87,4.82,15.8
7635,2023/1/16 12:45,4.94,5.96,15.77
7636,2023/1/16 13:00,5,5.58,13.13
7637,2023/1/16 13:15,5.07,4.05,5.49
7638,2023/1/16 13:30,5.13,4.05,5.56
7639,2023/1/16 13:45,5.19,3.67,7.4
7640,2023/1/16 14:00,5.24,5.2,12.92
7641,2023/1/16 14:15,5.29,5.96,15.07
7642,2023/1/16 14:30,5.33,5.96,16.74
7643,2023/1/16 14:45,5.37,5.58,14.8
7644,2023/1/16 15:00,5.41,5.58,14.93
7645,2023/1/16 15:15,5.44,5.58,11.22
7646,2023/1/16 15:30,5.48,5.58,10.05
7647,2023/1/16 15:45,5.51,4.43,9.51
7648,2023/1/16 16:00,5.53,5.96,9.11
7649,2023/1/16 16:15,5.56,4.82,9.11
7650,2023/1/16 16:30,5.58,4.43,7.8
7651,2023/1/16 16:45,5.59,5.2,6.6
7652,2023/1/16 17:00,5.61,5.2,6.66
7653,2023/1/16 17:15,5.62,4.82,5.56
7654,2023/1/16 17:30,5.63,4.05,4.42
7655,2023/1/16 17:45,5.64,4.05,4.08
7656,2023/1/16 18:00,5.38,4.05,1.77
7657,2023/1/16 18:15,5.37,2.14,0.87
7658,2023/1/16 18:30,5.35,1.37,0.33
7659,2023/1/16 18:45,5.32,2.9,0.17
7660,2023/1/16 19:00,5.29,1.75,0
7661,2023/1/16 19:15,5.25,1.37,0
7662,2023/1/16 19:30,5.21,1.75,0
7663,2023/1/16 19:45,5.16,0.99,0
7664,2023/1/16 20:00,5.11,0.99,0
7665,2023/1/16 20:15,5.06,0.6,0
7666,2023/1/16 20:30,5.01,0.6,0
7667,2023/1/16 20:45,4.96,1.37,0
7668,2023/1/16 21:00,4.9,1.37,0
7669,2023/1/16 21:15,4.84,2.52,0
7670,2023/1/16 21:30,4.78,2.9,0
7671,2023/1/16 21:45,4.71,3.67,0.2
7672,2023/1/16 22:00,4.64,3.67,1.37
7673,2023/1/16 22:15,4.56,2.14,2.24
7674,2023/1/16 22:30,4.49,3.67,2.18
7675,2023/1/16 22:45,4.43,3.28,3.11
7676,2023/1/16 23:00,4.37,3.67,3.42
7677,2023/1/16 23:15,4.32,4.05,3.21
7678,2023/1/16 23:30,4.28,3.67,2.38
7679,2023/1/16 23:45,4.25,4.43,3.52
7680,2023/1/17 0:00,4.17,4.05,3.48
7681,2023/1/17 0:15,4.16,4.05,4.08
7682,2023/1/17 0:30,4.17,4.82,5.29
7683,2023/1/17 0:45,4.2,4.82,4.75
7684,2023/1/17 1:00,4.26,3.67,2.71
7685,2023/1/17 1:15,4.34,3.67,0.97
7686,2023/1/17 1:30,4.45,3.28,0.03
7687,2023/1/17 1:45,4.58,3.28,0.44
7688,2023/1/17 2:00,4.73,4.05,3.78
7689,2023/1/17 2:15,4.9,4.82,8.17
7690,2023/1/17 2:30,5.08,5.96,12.62
7691,2023/1/17 2:45,5.28,6.35,13.66
7692,2023/1/17 3:00,5.49,5.58,11.69
7693,2023/1/17 3:15,5.71,5.58,10.95
7694,2023/1/17 3:30,5.92,5.96,11.12
7695,2023/1/17 3:45,6.13,7.5,14.97
7696,2023/1/17 4:00,6.34,6.73,21.16
7697,2023/1/17 4:15,6.55,6.35,23.1
7698,2023/1/17 4:30,6.74,7.11,25.61
7699,2023/1/17 4:45,6.91,6.73,24.88
7700,2023/1/17 5:00,7.06,6.73,26.65
7701,2023/1/17 5:15,7.19,7.11,30.1
7702,2023/1/17 5:30,7.3,7.11,31.27
7703,2023/1/17 5:45,7.39,7.11,30.14
7704,2023/1/17 6:00,6.93,7.5,31.51
7705,2023/1/17 6:15,6.96,7.88,32.98
7706,2023/1/17 6:30,6.97,8.26,32.91
7707,2023/1/17 6:45,6.96,8.26,34.12
7708,2023/1/17 7:00,6.94,9.03,35.22
7709,2023/1/17 7:15,6.9,8.65,34.62
7710,2023/1/17 7:30,6.85,8.65,32.31
7711,2023/1/17 7:45,6.8,8.26,33.89
7712,2023/1/17 8:00,6.74,8.26,31.11
7713,2023/1/17 8:15,6.68,7.88,27.86
7714,2023/1/17 8:30,6.61,7.5,25.58
7715,2023/1/17 8:45,6.55,7.11,23.17
7716,2023/1/17 9:00,6.49,6.73,27.39
7717,2023/1/17 9:15,6.42,6.35,24.04
7718,2023/1/17 9:30,6.37,5.96,22.94
7719,2023/1/17 9:45,6.32,5.96,21.93
7720,2023/1/17 10:00,6.28,5.96,16.07
7721,2023/1/17 10:15,6.24,4.82,18.18
7722,2023/1/17 10:30,6.22,6.35,16.47
7723,2023/1/17 10:45,6.22,6.73,18.01
7724,2023/1/17 11:00,6.23,6.35,18.38
7725,2023/1/17 11:15,6.25,5.2,17.44
7726,2023/1/17 11:30,6.29,5.2,16.37
7727,2023/1/17 11:45,6.33,5.58,17.91
7728,2023/1/17 12:00,6.35,6.73,17.31
7729,2023/1/17 12:15,6.4,5.96,16.34
7730,2023/1/17 12:30,6.47,5.96,22.87
7731,2023/1/17 12:45,6.53,7.88,39.41
7732,2023/1/17 13:00,6.59,9.8,44.47
7733,2023/1/17 13:15,6.66,8.26,41.85
7734,2023/1/17 13:30,6.73,8.26,39.95
7735,2023/1/17 13:45,6.8,9.03,39.01
7736,2023/1/17 14:00,6.87,7.11,43.49
7737,2023/1/17 14:15,6.93,7.88,32.31
7738,2023/1/17 14:30,6.99,8.65,35.29
7739,2023/1/17 14:45,7.05,9.03,39.85
7740,2023/1/17 15:00,7.1,7.88,35.96
7741,2023/1/17 15:15,7.14,5.96,26.18
7742,2023/1/17 15:30,7.19,7.88,44.23
7743,2023/1/17 15:45,7.22,9.8,47.11
7744,2023/1/17 16:00,7.25,8.26,45.14
7745,2023/1/17 16:15,7.27,7.11,38.37
7746,2023/1/17 16:30,7.29,6.73,38.54
7747,2023/1/17 16:45,7.31,9.41,47.85
7748,2023/1/17 17:00,7.33,10.94,48.45
7749,2023/1/17 17:15,7.34,7.88,46.68
7750,2023/1/17 17:30,7.35,9.41,45.6
7751,2023/1/17 17:45,7.35,6.73,44.6
7752,2023/1/17 18:00,7.41,7.11,42.22
7753,2023/1/17 18:15,7.37,5.96,32.85
7754,2023/1/17 18:30,7.31,7.88,26.15
7755,2023/1/17 18:45,7.24,7.11,23.3
7756,2023/1/17 19:00,7.18,7.88,24.98
7757,2023/1/17 19:15,7.11,8.26,26.82
7758,2023/1/17 19:30,7.05,8.65,31.94
7759,2023/1/17 19:45,6.99,7.88,36.97
7760,2023/1/17 20:00,6.94,7.88,32.51
7761,2023/1/17 20:15,6.89,7.11,23.1
7762,2023/1/17 20:30,6.86,7.11,25.28
7763,2023/1/17 20:45,6.82,9.41,40.11
7764,2023/1/17 21:00,6.8,7.5,32.51
7765,2023/1/17 21:15,6.77,7.88,42.86
7766,2023/1/17 21:30,6.74,8.65,46.24
7767,2023/1/17 21:45,6.7,9.8,47.85
7768,2023/1/17 22:00,6.65,8.65,47.78
7769,2023/1/17 22:15,6.6,9.41,48.05
7770,2023/1/17 22:30,6.55,9.41,48.38
7771,2023/1/17 22:45,6.5,10.56,48.48
7772,2023/1/17 23:00,6.44,9.8,48.35
7773,2023/1/17 23:15,6.39,11.33,48.02
7774,2023/1/17 23:30,6.33,10.18,45.81
7775,2023/1/17 23:45,6.28,7.5,39.08
7776,2023/1/18 0:00,6.21,8.26,38.84
7777,2023/1/18 0:15,6.14,7.5,39.78
7778,2023/1/18 0:30,6.07,7.88,37.47
7779,2023/1/18 0:45,6.01,7.5,31.11
7780,2023/1/18 1:00,5.95,7.88,33.65
7781,2023/1/18 1:15,5.89,7.88,32.34
7782,2023/1/18 1:30,5.85,7.88,29.83
7783,2023/1/18 1:45,5.82,7.11,28.49
7784,2023/1/18 2:00,5.8,7.11,21.3
7785,2023/1/18 2:15,5.79,5.96,14.7
7786,2023/1/18 2:30,5.79,6.35,15.23
7787,2023/1/18 2:45,5.8,5.58,12.02
7788,2023/1/18 3:00,5.83,5.96,14.63
7789,2023/1/18 3:15,5.87,7.11,19.96
7790,2023/1/18 3:30,5.92,6.35,12.72
7791,2023/1/18 3:45,6,6.35,13.76
7792,2023/1/18 4:00,6.09,5.96,14.2
7793,2023/1/18 4:15,6.21,6.35,14.46
7794,2023/1/18 4:30,6.33,5.96,12.25
7795,2023/1/18 4:45,6.47,5.2,9.64
7796,2023/1/18 5:00,6.62,5.2,9.78
7797,2023/1/18 5:15,6.78,5.2,16.61
7798,2023/1/18 5:30,6.95,6.35,27.05
7799,2023/1/18 5:45,7.12,9.41,39.95
7800,2023/1/18 6:00,nan,8.65,38.2
7801,2023/1/18 6:15,nan,9.03,41.18
7802,2023/1/18 6:30,nan,9.03,47.04
7803,2023/1/18 6:45,nan,9.8,47.31
7804,2023/1/18 7:00,nan,10.94,48.58
7805,2023/1/18 7:15,nan,12.09,48.42
7806,2023/1/18 7:30,nan,12.09,48.58
7807,2023/1/18 7:45,nan,11.71,48.25
7808,2023/1/18 8:00,nan,10.94,48.45
7809,2023/1/18 8:15,nan,11.33,48.15
7810,2023/1/18 8:30,nan,10.94,46.64
7811,2023/1/18 8:45,nan,11.33,48.35
7812,2023/1/18 9:00,nan,12.09,48.42
7813,2023/1/18 9:15,nan,10.56,48.38
7814,2023/1/18 9:30,nan,10.18,48.15
7815,2023/1/18 9:45,nan,10.56,48.35
7816,2023/1/18 10:00,nan,11.33,48.28
7817,2023/1/18 10:15,nan,6.35,47.95
7818,2023/1/18 10:30,nan,10.56,47.14
7819,2023/1/18 10:45,nan,10.18,46.68
7820,2023/1/18 11:00,nan,9.8,47.01
7821,2023/1/18 11:15,nan,11.71,48.38
7822,2023/1/18 11:30,nan,8.65,48.48
7823,2023/1/18 11:45,nan,13.63,48.55
7824,2023/1/18 12:00,10.85,13.63,48.68
7825,2023/1/18 12:15,10.95,15.92,48.35
7826,2023/1/18 12:30,11.04,12.48,48.52
7827,2023/1/18 12:45,11.11,15.54,48.38
7828,2023/1/18 13:00,11.17,10.56,48.52
7829,2023/1/18 13:15,11.22,13.24,48.52
7830,2023/1/18 13:30,11.25,12.48,48.75
7831,2023/1/18 13:45,11.26,12.48,48.62
7832,2023/1/18 14:00,11.25,12.48,48.05
7833,2023/1/18 14:15,11.23,12.86,48.42
7834,2023/1/18 14:30,11.18,12.86,48.22
7835,2023/1/18 14:45,11.13,12.86,48.38
7836,2023/1/18 15:00,11.06,13.63,48.89
7837,2023/1/18 15:15,10.97,12.48,48.38
7838,2023/1/18 15:30,10.87,13.63,48.48
7839,2023/1/18 15:45,10.76,9.41,48.35
7840,2023/1/18 16:00,10.64,11.71,48.32
7841,2023/1/18 16:15,10.5,9.8,48.38
7842,2023/1/18 16:30,10.36,10.56,48.42
7843,2023/1/18 16:45,10.22,9.03,48.38
7844,2023/1/18 17:00,10.07,8.65,46.11
7845,2023/1/18 17:15,9.93,10.18,44.97
7846,2023/1/18 17:30,9.77,7.88,44.77
7847,2023/1/18 17:45,9.62,9.8,45.5
7848,2023/1/18 18:00,9.78,9.8,48.75
7849,2023/1/18 18:15,9.58,9.41,47.91
7850,2023/1/18 18:30,9.39,8.65,44.83
7851,2023/1/18 18:45,9.2,9.8,44.77
7852,2023/1/18 19:00,9.02,9.41,41.89
7853,2023/1/18 19:15,8.84,8.26,39.11
7854,2023/1/18 19:30,8.66,7.11,34.59
7855,2023/1/18 19:45,8.49,6.73,26.32
7856,2023/1/18 20:00,8.33,6.35,26.02
7857,2023/1/18 20:15,8.18,7.88,30.74
7858,2023/1/18 20:30,8.04,6.35,26.08
7859,2023/1/18 20:45,7.91,6.73,30.94
7860,2023/1/18 21:00,7.78,7.11,28.96
7861,2023/1/18 21:15,7.68,7.11,27.82
7862,2023/1/18 21:30,7.59,7.88,30.24
7863,2023/1/18 21:45,7.51,8.65,31.74
7864,2023/1/18 22:00,7.46,7.11,24.98
7865,2023/1/18 22:15,7.42,6.73,28.29
7866,2023/1/18 22:30,7.39,8.26,38.87
7867,2023/1/18 22:45,7.36,8.26,37.27
7868,2023/1/18 23:00,7.35,7.5,27.56
7869,2023/1/18 23:15,7.34,7.88,28.86
7870,2023/1/18 23:30,7.34,7.5,30.44
7871,2023/1/18 23:45,7.35,7.11,26.15
7872,2023/1/19 0:00,7.24,7.5,22.8
7873,2023/1/19 0:15,7.26,7.11,25.18
7874,2023/1/19 0:30,7.27,7.11,34.42
7875,2023/1/19 0:45,7.27,8.65,39.11
7876,2023/1/19 1:00,7.28,9.8,44.23
7877,2023/1/19 1:15,7.28,9.8,44.63
7878,2023/1/19 1:30,7.26,9.41,43.93
7879,2023/1/19 1:45,7.24,8.65,42.06
7880,2023/1/19 2:00,7.21,8.26,41.69
7881,2023/1/19 2:15,7.17,9.41,42.36
7882,2023/1/19 2:30,7.11,5.96,36.66
7883,2023/1/19 2:45,7.05,7.88,38.47
7884,2023/1/19 3:00,6.98,6.35,21.03
7885,2023/1/19 3:15,6.9,6.35,16.11
7886,2023/1/19 3:30,6.81,6.35,14.23
7887,2023/1/19 3:45,6.7,6.35,15.4
7888,2023/1/19 4:00,6.59,5.58,12.69
7889,2023/1/19 4:15,6.46,5.96,13.69
7890,2023/1/19 4:30,6.33,5.96,8.97
7891,2023/1/19 4:45,6.2,5.58,9.07
7892,2023/1/19 5:00,6.07,4.82,6.26
7893,2023/1/19 5:15,5.94,4.43,5.42
7894,2023/1/19 5:30,5.81,4.43,5.83
7895,2023/1/19 5:45,5.68,4.82,6.63
7896,2023/1/19 6:00,5.04,4.82,5.89
7897,2023/1/19 6:15,4.89,4.05,4.08
7898,2023/1/19 6:30,4.74,2.9,2.65
7899,2023/1/19 6:45,4.58,3.28,3.55
7900,2023/1/19 7:00,4.43,3.67,1.98
7901,2023/1/19 7:15,4.28,2.9,0.03
7902,2023/1/19 7:30,4.12,2.52,0
7903,2023/1/19 7:45,3.97,2.52,0
7904,2023/1/19 8:00,3.82,2.52,0
7905,2023/1/19 8:15,3.67,2.9,0
7906,2023/1/19 8:30,3.52,2.9,0.03
7907,2023/1/19 8:45,3.37,2.52,0.03
7908,2023/1/19 9:00,3.22,2.52,0
7909,2023/1/19 9:15,3.07,1.37,0
7910,2023/1/19 9:30,2.93,1.75,0.1
7911,2023/1/19 9:45,2.78,2.52,0
7912,2023/1/19 10:00,2.65,1.37,0
7913,2023/1/19 10:15,2.52,2.14,0
7914,2023/1/19 10:30,2.39,1.75,0
7915,2023/1/19 10:45,2.28,1.37,0
7916,2023/1/19 11:00,2.18,0.99,0
7917,2023/1/19 11:15,2.1,2.14,0
7918,2023/1/19 11:30,2.02,2.14,0
7919,2023/1/19 11:45,1.95,1.75,0
7920,2023/1/19 12:00,1.8,1.75,0
7921,2023/1/19 12:15,1.76,1.75,0
7922,2023/1/19 12:30,1.72,2.9,0
7923,2023/1/19 12:45,1.68,0.99,0
7924,2023/1/19 13:00,1.64,1.37,0
7925,2023/1/19 13:15,1.61,1.75,0
7926,2023/1/19 13:30,1.57,0.99,0
7927,2023/1/19 13:45,1.53,0,0
7928,2023/1/19 14:00,1.49,0,0
7929,2023/1/19 14:15,1.45,0,0
7930,2023/1/19 14:30,1.41,0,0
7931,2023/1/19 14:45,1.38,0.6,0
7932,2023/1/19 15:00,1.35,0,0
7933,2023/1/19 15:15,1.33,0.6,0
7934,2023/1/19 15:30,1.3,0.99,0
7935,2023/1/19 15:45,1.28,1.37,0
7936,2023/1/19 16:00,1.27,1.37,0
7937,2023/1/19 16:15,1.25,2.14,0
7938,2023/1/19 16:30,1.26,1.37,0
7939,2023/1/19 16:45,1.28,2.14,0
7940,2023/1/19 17:00,1.33,1.75,0
7941,2023/1/19 17:15,1.39,1.75,0
7942,2023/1/19 17:30,1.48,1.37,0
7943,2023/1/19 17:45,1.59,0.99,0
7944,2023/1/19 18:00,1.78,0.99,0
7945,2023/1/19 18:15,1.91,0.6,0
7946,2023/1/19 18:30,2.06,0,0
7947,2023/1/19 18:45,2.21,1.37,0
7948,2023/1/19 19:00,2.38,1.75,0
7949,2023/1/19 19:15,2.54,2.9,0
7950,2023/1/19 19:30,2.71,2.52,0
7951,2023/1/19 19:45,2.89,2.14,0
7952,2023/1/19 20:00,3.06,2.9,0
7953,2023/1/19 20:15,3.23,3.28,0.33
7954,2023/1/19 20:30,3.4,3.28,5.49
7955,2023/1/19 20:45,3.56,5.2,7.4
7956,2023/1/19 21:00,3.72,2.52,7.94
7957,2023/1/19 21:15,3.87,2.14,7.1
7958,2023/1/19 21:30,4,4.82,9.64
7959,2023/1/19 21:45,4.12,4.82,11.89
7960,2023/1/19 22:00,4.22,0.6,4.89
7961,2023/1/19 22:15,4.31,2.14,3.31
7962,2023/1/19 22:30,4.4,1.75,6.4
7963,2023/1/19 22:45,4.48,2.52,11.28
7964,2023/1/19 23:00,4.58,4.43,12.36
7965,2023/1/19 23:15,4.68,5.58,18.18
7966,2023/1/19 23:30,4.81,2.52,14.8
7967,2023/1/19 23:45,4.95,3.28,20.36
7968,2023/1/20 0:00,5.14,3.28,21.97
7969,2023/1/20 0:15,5.28,6.35,21.26
7970,2023/1/20 0:30,5.43,5.58,17.88
7971,2023/1/20 0:45,5.58,6.35,22.43
7972,2023/1/20 1:00,5.74,5.2,17.71
7973,2023/1/20 1:15,5.9,5.2,21.3
7974,2023/1/20 1:30,6.07,6.35,24.04
7975,2023/1/20 1:45,6.26,9.03,38.64
7976,2023/1/20 2:00,6.45,10.18,48.38
7977,2023/1/20 2:15,6.64,10.56,48.28
7978,2023/1/20 2:30,6.83,11.33,47.71
7979,2023/1/20 2:45,7.02,9.03,48.25
7980,2023/1/20 3:00,7.2,13.63,47.85
7981,2023/1/20 3:15,7.37,13.24,48.22
7982,2023/1/20 3:30,7.52,10.56,48.48
7983,2023/1/20 3:45,7.65,10.18,48.32
7984,2023/1/20 4:00,7.75,11.33,48.45
7985,2023/1/20 4:15,7.81,14.01,48.65
7986,2023/1/20 4:30,7.86,14.39,48.65
7987,2023/1/20 4:45,7.89,13.24,47.85
7988,2023/1/20 5:00,7.89,13.24,48.89
7989,2023/1/20 5:15,7.88,8.65,48.25
7990,2023/1/20 5:30,7.85,10.18,43.9
7991,2023/1/20 5:45,7.81,11.33,47.04
7992,2023/1/20 6:00,8.99,6.73,46.61
7993,2023/1/20 6:15,8.85,8.26,42.02
7994,2023/1/20 6:30,8.71,7.88,44.87
7995,2023/1/20 6:45,8.55,8.26,39.98
7996,2023/1/20 7:00,8.38,8.26,40.82
7997,2023/1/20 7:15,8.21,8.65,40.21
7998,2023/1/20 7:30,8.02,7.5,39.71
7999,2023/1/20 7:45,7.83,10.18,39.54
8000,2023/1/20 8:00,7.63,7.5,32.38
8001,2023/1/20 8:15,7.43,8.65,23.84
8002,2023/1/20 8:30,7.22,7.11,21.36
8003,2023/1/20 8:45,7.02,6.35,17.88
8004,2023/1/20 9:00,6.81,4.05,13.86
8005,2023/1/20 9:15,6.6,5.96,13.76
8006,2023/1/20 9:30,6.41,4.82,7.7
8007,2023/1/20 9:45,6.22,4.43,7.37
8008,2023/1/20 10:00,6.04,4.82,8.04
8009,2023/1/20 10:15,5.87,3.28,7.13
8010,2023/1/20 10:30,5.71,3.67,4.75
8011,2023/1/20 10:45,5.55,3.28,3.11
8012,2023/1/20 11:00,5.41,3.67,3.75
8013,2023/1/20 11:15,5.27,2.9,4.39
8014,2023/1/20 11:30,5.14,4.05,6.8
8015,2023/1/20 11:45,5.02,4.05,8.44
8016,2023/1/20 12:00,4.86,3.28,8.4
8017,2023/1/20 12:15,4.76,3.67,5.16
8018,2023/1/20 12:30,4.66,4.82,9.14
8019,2023/1/20 12:45,4.57,5.58,12.66
8020,2023/1/20 13:00,4.49,3.28,11.42
8021,2023/1/20 13:15,4.41,3.28,11.22
8022,2023/1/20 13:30,4.33,5.2,8.17
8023,2023/1/20 13:45,4.25,3.28,12.92
8024,2023/1/20 14:00,4.17,4.05,10.85
8025,2023/1/20 14:15,4.08,4.05,12.46
8026,2023/1/20 14:30,3.99,4.43,12.92
8027,2023/1/20 14:45,3.89,2.9,8.24
8028,2023/1/20 15:00,3.77,4.05,6.73
8029,2023/1/20 15:15,3.65,2.52,5.46
8030,2023/1/20 15:30,3.53,2.9,3.18
8031,2023/1/20 15:45,3.42,3.67,1.21
8032,2023/1/20 16:00,3.32,2.9,0
8033,2023/1/20 16:15,3.23,2.52,0
8034,2023/1/20 16:30,3.17,3.67,0.84
8035,2023/1/20 16:45,3.12,2.52,5.52
8036,2023/1/20 17:00,3.09,3.67,6.13
8037,2023/1/20 17:15,3.09,2.9,7.23
8038,2023/1/20 17:30,3.1,4.82,8.17
8039,2023/1/20 17:45,3.14,4.82,9.84
8040,2023/1/20 18:00,3.04,5.58,12.46
8041,2023/1/20 18:15,3.12,5.2,11.79
8042,2023/1/20 18:30,3.23,5.2,10.01
8043,2023/1/20 18:45,3.36,4.43,10.55
8044,2023/1/20 19:00,3.51,3.67,11.65
8045,2023/1/20 19:15,3.69,5.96,14.9
8046,2023/1/20 19:30,3.88,7.11,18.68
8047,2023/1/20 19:45,4.08,6.35,21.86
8048,2023/1/20 20:00,4.28,6.73,24.48
8049,2023/1/20 20:15,4.48,4.82,26.05
8050,2023/1/20 20:30,4.68,5.96,29.36
8051,2023/1/20 20:45,4.88,4.43,29.2
8052,2023/1/20 21:00,5.08,4.82,31.64
8053,2023/1/20 21:15,5.27,4.82,37.13
8054,2023/1/20 21:30,5.45,5.2,38.71
8055,2023/1/20 21:45,5.63,5.2,34.12
8056,2023/1/20 22:00,5.79,7.88,35.49
8057,2023/1/20 22:15,5.95,7.11,35.26
8058,2023/1/20 22:30,6.1,7.5,36.16
8059,2023/1/20 22:45,6.25,7.88,35.19
8060,2023/1/20 23:00,6.4,7.88,38.34
8061,2023/1/20 23:15,6.56,7.88,39.78
8062,2023/1/20 23:30,6.71,8.26,39.78
8063,2023/1/20 23:45,6.86,9.8,42.32
8064,2023/1/21 0:00,7.07,8.65,42.42
8065,2023/1/21 0:15,7.22,8.65,44.23
8066,2023/1/21 0:30,7.37,8.65,44.06
8067,2023/1/21 0:45,7.52,8.65,43.6
8068,2023/1/21 1:00,7.68,9.41,43.23
8069,2023/1/21 1:15,7.83,9.41,46.31
8070,2023/1/21 1:30,7.98,9.41,47.61
8071,2023/1/21 1:45,8.13,9.03,48.38
8072,2023/1/21 2:00,8.28,7.5,48.62
8073,2023/1/21 2:15,8.43,10.18,48.32
8074,2023/1/21 2:30,8.58,8.65,48.42
8075,2023/1/21 2:45,8.73,6.73,48.35
8076,2023/1/21 3:00,8.89,9.41,48.52
8077,2023/1/21 3:15,9.04,9.03,48.42
8078,2023/1/21 3:30,9.17,9.41,47.95
8079,2023/1/21 3:45,9.3,7.88,46.24
8080,2023/1/21 4:00,9.42,8.26,42.72
8081,2023/1/21 4:15,9.52,6.35,39.38
8082,2023/1/21 4:30,9.61,5.96,31.21
8083,2023/1/21 4:45,9.69,5.58,30.1
8084,2023/1/21 5:00,9.74,5.58,31.01
8085,2023/1/21 5:15,9.78,6.35,31.01
8086,2023/1/21 5:30,9.8,5.96,35.93
8087,2023/1/21 5:45,9.79,5.58,35.19
8088,2023/1/21 6:00,9.57,8.26,35.66
8089,2023/1/21 6:15,9.51,7.11,31.24
8090,2023/1/21 6:30,9.41,5.96,34.96
8091,2023/1/21 6:45,9.29,9.03,34.19
8092,2023/1/21 7:00,9.14,7.5,33.95
8093,2023/1/21 7:15,8.96,6.73,34.79
8094,2023/1/21 7:30,8.76,7.11,33.78
8095,2023/1/21 7:45,8.54,7.5,33.25
8096,2023/1/21 8:00,8.3,5.96,25.35
8097,2023/1/21 8:15,8.04,5.58,23.64
8098,2023/1/21 8:30,7.76,4.82,21.36
8099,2023/1/21 8:45,7.47,5.2,18.75
8100,2023/1/21 9:00,7.16,5.96,16.41
8101,2023/1/21 9:15,6.83,5.58,14.3
8102,2023/1/21 9:30,6.49,4.05,10.01
8103,2023/1/21 9:45,6.14,3.67,7.57
8104,2023/1/21 10:00,5.78,3.28,5.16
8105,2023/1/21 10:15,5.41,3.28,2.78
8106,2023/1/21 10:30,5.04,1.75,2.01
8107,2023/1/21 10:45,4.68,2.52,0.84
8108,2023/1/21 11:00,4.33,2.14,0
8109,2023/1/21 11:15,4,0.99,0
8110,2023/1/21 11:30,3.7,2.52,0
8111,2023/1/21 11:45,3.43,0.99,0
8112,2023/1/21 12:00,3.26,0,0
8113,2023/1/21 12:15,3.07,0,0
8114,2023/1/21 12:30,2.92,0.6,0
8115,2023/1/21 12:45,2.83,0.6,0
8116,2023/1/21 13:00,2.78,0,0
8117,2023/1/21 13:15,2.79,3.28,0
8118,2023/1/21 13:30,2.84,3.67,0.13
8119,2023/1/21 13:45,2.95,3.67,2.75
8120,2023/1/21 14:00,3.1,1.75,4.75
8121,2023/1/21 14:15,3.3,4.43,5.96
8122,2023/1/21 14:30,3.55,4.82,5.96
8123,2023/1/21 14:45,3.83,5.2,10.45
8124,2023/1/21 15:00,4.14,6.35,15.67
8125,2023/1/21 15:15,4.48,6.35,21.09
8126,2023/1/21 15:30,4.81,5.58,21.23
8127,2023/1/21 15:45,5.14,7.11,34.66
8128,2023/1/21 16:00,5.46,5.58,31.71
8129,2023/1/21 16:15,5.76,8.26,26.28
8130,2023/1/21 16:30,6.04,6.35,27.96
8131,2023/1/21 16:45,6.28,7.11,26.05
8132,2023/1/21 17:00,6.5,6.35,19.02
8133,2023/1/21 17:15,6.69,5.58,15.07
8134,2023/1/21 17:30,6.85,5.58,17.68
8135,2023/1/21 17:45,6.98,5.2,23.57
8136,2023/1/21 18:00,7.45,6.35,23.2
8137,2023/1/21 18:15,7.47,5.96,15.44
8138,2023/1/21 18:30,7.46,6.35,14.83
8139,2023/1/21 18:45,7.42,6.73,18.28
8140,2023/1/21 19:00,7.36,6.73,21.3
8141,2023/1/21 19:15,7.28,4.05,22.2
8142,2023/1/21 19:30,7.19,4.05,22.27
8143,2023/1/21 19:45,7.1,3.28,20.19
8144,2023/1/21 20:00,7.01,5.96,24.34
8145,2023/1/21 20:15,6.93,5.58,19.19
8146,2023/1/21 20:30,6.84,5.2,23.81
8147,2023/1/21 20:45,6.77,7.5,26.89
8148,2023/1/21 21:00,6.7,7.11,20.22
8149,2023/1/21 21:15,6.64,5.58,14.77
8150,2023/1/21 21:30,6.58,4.43,10.71
8151,2023/1/21 21:45,6.54,4.43,11.08
8152,2023/1/21 22:00,6.5,4.43,9.31
8153,2023/1/21 22:15,6.47,4.82,7.94
8154,2023/1/21 22:30,6.45,4.82,10.58
8155,2023/1/21 22:45,6.43,4.82,8.1
8156,2023/1/21 23:00,6.42,3.28,7.17
8157,2023/1/21 23:15,6.42,2.9,8
8158,2023/1/21 23:30,6.41,4.05,5.86
8159,2023/1/21 23:45,6.41,4.05,5.56
8160,2023/1/22 0:00,6.42,4.43,6.29
8161,2023/1/22 0:15,6.4,4.05,6.23
8162,2023/1/22 0:30,6.38,4.43,7.94
8163,2023/1/22 0:45,6.35,5.2,9.54
8164,2023/1/22 1:00,6.3,4.82,6.33
8165,2023/1/22 1:15,6.25,3.28,6.23
8166,2023/1/22 1:30,6.19,2.14,5.56
8167,2023/1/22 1:45,6.12,4.05,6.36
8168,2023/1/22 2:00,6.04,2.9,4.08
8169,2023/1/22 2:15,5.95,4.43,4.12
8170,2023/1/22 2:30,5.86,1.37,2.21
8171,2023/1/22 2:45,5.76,3.28,1.67
8172,2023/1/22 3:00,5.66,0,0
8173,2023/1/22 3:15,5.55,1.75,0
8174,2023/1/22 3:30,5.45,0,0
8175,2023/1/22 3:45,5.37,0.99,0
8176,2023/1/22 4:00,5.29,1.75,0
8177,2023/1/22 4:15,5.23,2.14,0
8178,2023/1/22 4:30,5.18,2.52,0
8179,2023/1/22 4:45,5.15,2.52,0
8180,2023/1/22 5:00,5.13,2.9,0.27
8181,2023/1/22 5:15,5.13,4.05,3.28
8182,2023/1/22 5:30,5.15,4.05,3.08
8183,2023/1/22 5:45,5.19,4.43,6.09
8184,2023/1/22 6:00,5.42,4.82,9.48
8185,2023/1/22 6:15,5.51,6.35,10.15
8186,2023/1/22 6:30,5.6,5.58,10.21
8187,2023/1/22 6:45,5.69,5.96,11.52
8188,2023/1/22 7:00,5.78,3.67,6.29
8189,2023/1/22 7:15,5.87,4.05,8.1
8190,2023/1/22 7:30,5.95,4.82,11.12
8191,2023/1/22 7:45,6.03,5.96,14.97
8192,2023/1/22 8:00,6.09,5.58,12.22
8193,2023/1/22 8:15,6.15,4.43,8.47
8194,2023/1/22 8:30,6.19,4.82,5.83
8195,2023/1/22 8:45,6.22,4.43,3.85
8196,2023/1/22 9:00,6.25,2.9,2.18
8197,2023/1/22 9:15,6.26,3.67,3.25
8198,2023/1/22 9:30,6.27,3.67,2.61
8199,2023/1/22 9:45,6.27,4.82,4.89
8200,2023/1/22 10:00,6.27,4.43,7.06
8201,2023/1/22 10:15,6.27,4.82,11.15
8202,2023/1/22 10:30,6.27,4.82,7.06
8203,2023/1/22 10:45,6.28,4.05,5.76
8204,2023/1/22 11:00,6.29,3.67,7.77
8205,2023/1/22 11:15,6.31,3.28,10.75
8206,2023/1/22 11:30,6.33,5.2,7.84
8207,2023/1/22 11:45,6.35,3.67,7.06
8208,2023/1/22 12:00,6.33,4.82,9.41
8209,2023/1/22 12:15,6.36,3.67,12.69
8210,2023/1/22 12:30,6.41,5.58,13.03
8211,2023/1/22 12:45,6.45,6.35,16.88
8212,2023/1/22 13:00,6.51,6.35,10.75
8213,2023/1/22 13:15,6.56,5.58,13.59
8214,2023/1/22 13:30,6.62,5.58,14.46
8215,2023/1/22 13:45,6.67,5.58,16.44
8216,2023/1/22 14:00,6.72,5.58,17.28
8217,2023/1/22 14:15,6.76,7.11,17.58
8218,2023/1/22 14:30,6.81,6.35,18.95
8219,2023/1/22 14:45,6.84,5.96,19.45
8220,2023/1/22 15:00,6.88,5.96,16.44
8221,2023/1/22 15:15,6.91,4.43,16.24
8222,2023/1/22 15:30,6.94,4.82,12.92
8223,2023/1/22 15:45,6.96,5.96,12.36
8224,2023/1/22 16:00,6.98,2.9,14.36
8225,2023/1/22 16:15,6.99,5.2,15.54
8226,2023/1/22 16:30,7,6.35,15.34
8227,2023/1/22 16:45,7.01,4.05,19.55
8228,2023/1/22 17:00,7.02,2.52,19.89
8229,2023/1/22 17:15,7.02,5.96,19.19
8230,2023/1/22 17:30,7.02,5.96,14.06
8231,2023/1/22 17:45,7.02,5.96,14.73
8232,2023/1/22 18:00,7.21,5.58,16.21
8233,2023/1/22 18:15,7.2,5.58,17.38
8234,2023/1/22 18:30,7.19,5.58,17.21
8235,2023/1/22 18:45,7.17,6.73,19.32
8236,2023/1/22 19:00,7.14,7.11,22.3
8237,2023/1/22 19:15,7.11,7.11,23.4
8238,2023/1/22 19:30,7.07,5.58,19.25
8239,2023/1/22 19:45,7.01,5.58,18.58
8240,2023/1/22 20:00,6.95,6.35,17.85
8241,2023/1/22 20:15,6.87,3.67,19.52
8242,2023/1/22 20:30,6.79,3.28,19.05
8243,2023/1/22 20:45,6.69,2.14,17.68
8244,2023/1/22 21:00,6.6,2.9,17.75
8245,2023/1/22 21:15,6.49,2.9,15.74
8246,2023/1/22 21:30,6.4,2.52,19.59
8247,2023/1/22 21:45,6.31,2.14,16.81
8248,2023/1/22 22:00,6.23,3.28,12.52
8249,2023/1/22 22:15,6.16,4.43,13.76
8250,2023/1/22 22:30,6.09,4.43,13.56
8251,2023/1/22 22:45,6.04,3.67,11.65
8252,2023/1/22 23:00,6.01,5.2,11.59
8253,2023/1/22 23:15,5.98,4.82,9.11
8254,2023/1/22 23:30,5.97,5.2,12.59
8255,2023/1/22 23:45,5.97,5.2,14.63
8256,2023/1/23 0:00,6.04,4.43,16.47
8257,2023/1/23 0:15,6.07,4.82,13.83
8258,2023/1/23 0:30,6.1,4.43,11.62
8259,2023/1/23 0:45,6.13,4.43,10.05
8260,2023/1/23 1:00,6.16,5.2,9.98
8261,2023/1/23 1:15,6.19,4.82,11.12
8262,2023/1/23 1:30,6.22,4.82,12.36
8263,2023/1/23 1:45,6.24,4.43,10.08
8264,2023/1/23 2:00,6.25,4.43,9.48
8265,2023/1/23 2:15,6.25,3.28,7.06
8266,2023/1/23 2:30,6.25,3.67,9.27
8267,2023/1/23 2:45,6.23,4.43,9.68
8268,2023/1/23 3:00,6.21,5.2,9.58
8269,2023/1/23 3:15,6.19,4.82,10.31
8270,2023/1/23 3:30,6.14,5.2,9.64
8271,2023/1/23 3:45,6.09,5.2,9.01
8272,2023/1/23 4:00,6.01,4.43,10.61
8273,2023/1/23 4:15,5.92,3.67,10.75
8274,2023/1/23 4:30,5.83,4.43,11.92
8275,2023/1/23 4:45,5.73,4.43,10.35
8276,2023/1/23 5:00,5.62,4.82,10.48
8277,2023/1/23 5:15,5.5,5.58,7.97
8278,2023/1/23 5:30,5.38,4.82,9.27
8279,2023/1/23 5:45,5.26,4.43,9.17
8280,2023/1/23 6:00,5.16,4.43,7.87
8281,2023/1/23 6:15,5.09,4.82,8.3
8282,2023/1/23 6:30,5.03,3.28,7.57
8283,2023/1/23 6:45,4.98,2.52,3.42
8284,2023/1/23 7:00,4.96,3.28,1.31
8285,2023/1/23 7:15,4.94,2.52,0
8286,2023/1/23 7:30,4.95,2.14,0
8287,2023/1/23 7:45,4.97,2.14,0
8288,2023/1/23 8:00,5,1.75,0
8289,2023/1/23 8:15,5.05,2.52,0
8290,2023/1/23 8:30,5.11,2.52,0
8291,2023/1/23 8:45,5.18,2.9,0.4
8292,2023/1/23 9:00,5.26,2.52,0.47
8293,2023/1/23 9:15,5.35,2.9,0.03
8294,2023/1/23 9:30,5.44,2.52,0
8295,2023/1/23 9:45,5.54,2.52,0
8296,2023/1/23 10:00,5.65,2.14,0
8297,2023/1/23 10:15,5.75,2.14,0
8298,2023/1/23 10:30,5.85,1.75,0
8299,2023/1/23 10:45,5.93,1.75,0
8300,2023/1/23 11:00,6.01,2.52,0
8301,2023/1/23 11:15,6.07,3.28,1.24
8302,2023/1/23 11:30,6.13,2.9,2.18
8303,2023/1/23 11:45,6.17,2.9,3.28
8304,2023/1/23 12:00,6.21,3.28,4.02
8305,2023/1/23 12:15,6.24,4.82,5.73
8306,2023/1/23 12:30,6.26,3.28,6.06
8307,2023/1/23 12:45,6.29,3.28,7.9
8308,2023/1/23 13:00,6.31,4.43,6.76
8309,2023/1/23 13:15,6.33,2.9,8.37
8310,2023/1/23 13:30,6.35,2.14,2.95
8311,2023/1/23 13:45,6.36,3.67,1.24
8312,2023/1/23 14:00,6.37,2.9,7.9
8313,2023/1/23 14:15,6.37,2.9,4.69
8314,2023/1/23 14:30,6.36,3.28,3.75
8315,2023/1/23 14:45,6.35,4.82,5.69
8316,2023/1/23 15:00,6.32,2.9,7.47
8317,2023/1/23 15:15,6.28,2.9,4.96
8318,2023/1/23 15:30,6.23,4.05,4.55
8319,2023/1/23 15:45,6.16,2.9,2.11
8320,2023/1/23 16:00,6.07,3.67,0.17
8321,2023/1/23 16:15,5.97,1.75,0
8322,2023/1/23 16:30,5.84,2.9,0.4
8323,2023/1/23 16:45,5.69,3.28,0.33
8324,2023/1/23 17:00,5.52,3.67,0.37
8325,2023/1/23 17:15,5.33,2.52,0.37
8326,2023/1/23 17:30,5.12,2.9,1.04
8327,2023/1/23 17:45,4.91,3.67,1.31
8328,2023/1/23 18:00,5.21,2.9,0.27
8329,2023/1/23 18:15,5,2.52,0
8330,2023/1/23 18:30,4.8,0.99,0
8331,2023/1/23 18:45,4.6,0,0
8332,2023/1/23 19:00,4.41,0,0
8333,2023/1/23 19:15,4.24,0,0
8334,2023/1/23 19:30,4.09,1.75,0
8335,2023/1/23 19:45,3.98,2.14,0
8336,2023/1/23 20:00,3.89,2.14,0
8337,2023/1/23 20:15,3.85,2.9,0
8338,2023/1/23 20:30,3.85,2.9,0.8
8339,2023/1/23 20:45,3.89,2.9,1.1
8340,2023/1/23 21:00,3.98,3.28,1.57
8341,2023/1/23 21:15,4.11,4.43,3.52
8342,2023/1/23 21:30,4.26,4.05,6.96
8343,2023/1/23 21:45,4.42,4.43,7.63
8344,2023/1/23 22:00,4.6,5.2,10.61
8345,2023/1/23 22:15,4.78,5.2,11.89
8346,2023/1/23 22:30,4.96,5.58,14.9
8347,2023/1/23 22:45,5.15,6.73,19.12
8348,2023/1/23 23:00,5.33,6.73,18.82
8349,2023/1/23 23:15,5.51,6.73,18.25
8350,2023/1/23 23:30,5.68,6.73,18.08
8351,2023/1/23 23:45,5.84,6.35,19.52
8352,2023/1/24 0:00,5.94,6.73,20.29
8353,2023/1/24 0:15,6.07,5.58,19.89
8354,2023/1/24 0:30,6.18,5.2,38.2
8355,2023/1/24 0:45,6.26,9.8,39.98
8356,2023/1/24 1:00,6.31,9.41,42.93
8357,2023/1/24 1:15,6.34,9.03,38.51
8358,2023/1/24 1:30,6.36,7.11,35.99
8359,2023/1/24 1:45,6.38,9.8,36.66
8360,2023/1/24 2:00,6.4,8.65,36.53
8361,2023/1/24 2:15,6.41,8.26,35.76
8362,2023/1/24 2:30,6.43,7.88,35.89
8363,2023/1/24 2:45,6.45,8.65,38
8364,2023/1/24 3:00,6.47,7.11,28.59
8365,2023/1/24 3:15,6.49,8.26,27.49
8366,2023/1/24 3:30,6.51,8.65,27.36
8367,2023/1/24 3:45,6.53,8.65,26.75
8368,2023/1/24 4:00,6.55,7.11,20.42
8369,2023/1/24 4:15,6.57,4.05,20.63
8370,2023/1/24 4:30,6.6,4.05,17.68
8371,2023/1/24 4:45,6.63,5.96,17.98
8372,2023/1/24 5:00,6.66,6.73,19.09
8373,2023/1/24 5:15,6.69,6.35,25.31
8374,2023/1/24 5:30,6.73,7.11,31.88
8375,2023/1/24 5:45,6.76,6.73,31.61
8376,2023/1/24 6:00,6.75,7.11,25.28
8377,2023/1/24 6:15,6.77,6.73,26.45
8378,2023/1/24 6:30,6.78,6.73,26.69
8379,2023/1/24 6:45,6.8,6.35,21.46
8380,2023/1/24 7:00,6.81,5.96,19.29
8381,2023/1/24 7:15,6.82,5.96,20.76
8382,2023/1/24 7:30,6.82,5.96,21.93
8383,2023/1/24 7:45,6.81,5.58,19.55
8384,2023/1/24 8:00,6.8,6.73,21.86
8385,2023/1/24 8:15,6.78,6.73,22.67
8386,2023/1/24 8:30,6.76,6.35,24.11
8387,2023/1/24 8:45,6.72,4.82,16.88
8388,2023/1/24 9:00,6.68,4.43,10.61
8389,2023/1/24 9:15,6.64,5.58,14.03
8390,2023/1/24 9:30,6.6,4.05,13.8
8391,2023/1/24 9:45,6.56,4.05,15.37
8392,2023/1/24 10:00,6.52,4.43,18.01
8393,2023/1/24 10:15,6.49,5.96,20.09
8394,2023/1/24 10:30,6.46,4.43,16.04
8395,2023/1/24 10:45,6.44,6.73,18.45
8396,2023/1/24 11:00,6.44,6.73,18.45
8397,2023/1/24 11:15,6.44,5.58,23.87
8398,2023/1/24 11:30,6.45,6.73,23.3
8399,2023/1/24 11:45,6.47,6.35,25.25
8400,2023/1/24 12:00,6.52,7.11,35.22
8401,2023/1/24 12:15,6.56,7.11,30.17
8402,2023/1/24 12:30,6.59,6.35,32.51
8403,2023/1/24 12:45,6.64,7.88,29.67
8404,2023/1/24 13:00,6.68,7.5,33.95
8405,2023/1/24 13:15,6.73,5.2,33.05
8406,2023/1/24 13:30,6.77,8.26,34.69
8407,2023/1/24 13:45,6.81,7.5,33.05
8408,2023/1/24 14:00,6.84,9.8,36.56
8409,2023/1/24 14:15,6.87,8.26,29.23
8410,2023/1/24 14:30,6.9,7.88,33.28
8411,2023/1/24 14:45,6.92,7.88,31.71
8412,2023/1/24 15:00,6.95,7.11,23.04
8413,2023/1/24 15:15,6.98,5.2,18.01
8414,2023/1/24 15:30,7.01,4.43,16.84
8415,2023/1/24 15:45,7.05,4.82,15.1
8416,2023/1/24 16:00,7.09,5.58,17.85
8417,2023/1/24 16:15,7.14,4.82,17.55
8418,2023/1/24 16:30,7.2,5.96,20.86
8419,2023/1/24 16:45,7.27,6.35,25.98
8420,2023/1/24 17:00,7.35,7.88,28.56
8421,2023/1/24 17:15,7.45,7.5,28.26
8422,2023/1/24 17:30,7.56,7.5,31.01
8423,2023/1/24 17:45,7.68,8.26,37.67
8424,2023/1/24 18:00,7.76,8.26,37.97
8425,2023/1/24 18:15,7.9,8.26,35.76
8426,2023/1/24 18:30,8.03,9.03,42.89
8427,2023/1/24 18:45,8.17,9.03,48.42
8428,2023/1/24 19:00,8.29,10.56,48.08
8429,2023/1/24 19:15,8.42,10.56,47.45
8430,2023/1/24 19:30,8.53,9.8,48.45
8431,2023/1/24 19:45,8.63,10.94,48.48
8432,2023/1/24 20:00,8.72,11.33,48.45
8433,2023/1/24 20:15,8.78,10.18,48.38
8434,2023/1/24 20:30,8.83,9.8,46.74
8435,2023/1/24 20:45,8.85,9.8,47.68
8436,2023/1/24 21:00,8.86,9.8,47.75
8437,2023/1/24 21:15,8.84,10.18,46.51
8438,2023/1/24 21:30,8.81,10.18,48.32
8439,2023/1/24 21:45,8.75,10.18,48.42
8440,2023/1/24 22:00,8.68,9.8,48.15
8441,2023/1/24 22:15,8.6,9.03,48.35
8442,2023/1/24 22:30,8.5,9.41,46.94
8443,2023/1/24 22:45,8.4,9.8,45.7
8444,2023/1/24 23:00,8.29,9.03,41.65
8445,2023/1/24 23:15,8.18,9.03,46.11
8446,2023/1/24 23:30,8.06,10.56,47.11
8447,2023/1/24 23:45,7.94,10.18,47.71
8448,2023/1/25 0:00,7.84,8.65,42.42
8449,2023/1/25 0:15,7.72,6.73,38.84
8450,2023/1/25 0:30,7.6,7.5,43.6
8451,2023/1/25 0:45,7.48,8.26,42.42
8452,2023/1/25 1:00,7.37,7.88,38.57
8453,2023/1/25 1:15,7.26,7.5,34.79
8454,2023/1/25 1:30,7.16,8.65,40.11
8455,2023/1/25 1:45,7.06,7.5,35.89
8456,2023/1/25 2:00,6.96,7.5,33.58
8457,2023/1/25 2:15,6.87,6.35,25.51
8458,2023/1/25 2:30,6.78,7.5,29.8
8459,2023/1/25 2:45,6.69,7.5,25.95
8460,2023/1/25 3:00,6.61,6.73,33.58
8461,2023/1/25 3:15,6.52,8.65,33.82
8462,2023/1/25 3:30,6.45,9.41,36.93
8463,2023/1/25 3:45,6.38,7.5,24.61
8464,2023/1/25 4:00,6.32,6.35,20.39
8465,2023/1/25 4:15,6.27,5.96,17.81
8466,2023/1/25 4:30,6.23,7.11,22.8
8467,2023/1/25 4:45,6.19,7.11,28.56
8468,2023/1/25 5:00,6.15,7.88,24.11
8469,2023/1/25 5:15,6.12,6.73,17.55
8470,2023/1/25 5:30,6.1,6.73,21.53
8471,2023/1/25 5:45,6.08,7.11,22.8
8472,2023/1/25 6:00,5.95,7.11,20.26
8473,2023/1/25 6:15,5.95,6.73,23.94
8474,2023/1/25 6:30,5.95,6.35,25.15
8475,2023/1/25 6:45,5.95,6.35,19.72
8476,2023/1/25 7:00,5.95,6.73,18.92
8477,2023/1/25 7:15,5.94,6.35,17.41
8478,2023/1/25 7:30,5.93,7.11,16.07
8479,2023/1/25 7:45,5.92,6.35,17.18
8480,2023/1/25 8:00,5.9,6.73,17.58
8481,2023/1/25 8:15,5.88,7.11,17.24
8482,2023/1/25 8:30,5.85,6.73,15.27
8483,2023/1/25 8:45,5.82,5.96,12.72
8484,2023/1/25 9:00,5.79,4.43,7.4
8485,2023/1/25 9:15,5.75,4.43,10.92
8486,2023/1/25 9:30,5.7,3.28,7.67
8487,2023/1/25 9:45,5.66,2.52,6.53
8488,2023/1/25 10:00,5.61,2.52,6.6
8489,2023/1/25 10:15,5.55,3.67,7.73
8490,2023/1/25 10:30,5.5,4.43,8.77
8491,2023/1/25 10:45,5.46,3.67,10.15
8492,2023/1/25 11:00,5.42,5.2,13.46
8493,2023/1/25 11:15,5.38,7.11,21.97
8494,2023/1/25 11:30,5.35,5.96,28.49
8495,2023/1/25 11:45,5.32,7.5,29.1
8496,2023/1/25 12:00,5.2,5.58,26.79
8497,2023/1/25 12:15,5.14,5.58,31.11
8498,2023/1/25 12:30,5.07,8.65,22.17
8499,2023/1/25 12:45,4.99,5.2,18.82
8500,2023/1/25 13:00,4.9,5.58,16.91
8501,2023/1/25 13:15,4.8,5.96,22.33
8502,2023/1/25 13:30,4.69,4.82,24.31
8503,2023/1/25 13:45,4.57,5.96,17.85
8504,2023/1/25 14:00,4.44,5.96,13.46
8505,2023/1/25 14:15,4.3,4.82,11.59
8506,2023/1/25 14:30,4.16,3.67,7.6
8507,2023/1/25 14:45,4.01,4.05,11.35
8508,2023/1/25 15:00,3.87,5.2,16.47
8509,2023/1/25 15:15,3.73,5.58,10.35
8510,2023/1/25 15:30,3.6,5.58,7.53
8511,2023/1/25 15:45,3.48,3.28,3.11
8512,2023/1/25 16:00,3.37,3.28,0.37
8513,2023/1/25 16:15,3.27,1.75,0
8514,2023/1/25 16:30,3.2,0,0
8515,2023/1/25 16:45,3.15,0,0
8516,2023/1/25 17:00,3.11,0,0
8517,2023/1/25 17:15,3.1,2.52,0
8518,2023/1/25 17:30,3.11,2.9,0.77
8519,2023/1/25 17:45,3.13,3.67,2.08
8520,2023/1/25 18:00,2.82,4.43,8.04
8521,2023/1/25 18:15,2.81,5.58,11.82
8522,2023/1/25 18:30,2.81,5.58,11.38
8523,2023/1/25 18:45,2.81,5.2,9.27
8524,2023/1/25 19:00,2.82,4.43,6.29
8525,2023/1/25 19:15,2.83,3.67,5.66
8526,2023/1/25 19:30,2.85,4.43,7.77
8527,2023/1/25 19:45,2.87,5.2,5.22
8528,2023/1/25 20:00,2.89,3.28,3.08
8529,2023/1/25 20:15,2.9,3.28,3.18
8530,2023/1/25 20:30,2.91,3.67,3.01
8531,2023/1/25 20:45,2.92,3.28,2.44
8532,2023/1/25 21:00,2.92,2.52,2.08
8533,2023/1/25 21:15,2.92,2.9,2.08
8534,2023/1/25 21:30,2.92,2.9,0.6
8535,2023/1/25 21:45,2.92,2.14,0.54
8536,2023/1/25 22:00,2.92,2.14,0.77
8537,2023/1/25 22:15,2.92,2.9,1.21
8538,2023/1/25 22:30,2.93,2.9,0.9
8539,2023/1/25 22:45,2.96,1.75,0.33
8540,2023/1/25 23:00,2.99,2.14,0
8541,2023/1/25 23:15,3.03,1.75,0
8542,2023/1/25 23:30,3.08,2.14,0
8543,2023/1/25 23:45,3.15,2.52,0
8544,2023/1/26 0:00,3.2,2.52,0
8545,2023/1/26 0:15,3.28,2.14,0
8546,2023/1/26 0:30,3.37,2.14,0
8547,2023/1/26 0:45,3.48,2.52,0
8548,2023/1/26 1:00,3.59,2.52,0
8549,2023/1/26 1:15,3.71,2.9,0
8550,2023/1/26 1:30,3.82,3.67,0.57
8551,2023/1/26 1:45,3.94,3.28,4.25
8552,2023/1/26 2:00,4.05,3.67,10.98
8553,2023/1/26 2:15,4.15,7.88,16.47
8554,2023/1/26 2:30,4.24,6.73,17.28
8555,2023/1/26 2:45,4.32,6.73,18.42
8556,2023/1/26 3:00,4.4,7.11,21.26
8557,2023/1/26 3:15,4.46,7.5,24.31
8558,2023/1/26 3:30,4.51,8.26,25.88
8559,2023/1/26 3:45,4.55,7.88,26.69
8560,2023/1/26 4:00,4.58,7.11,23.07
8561,2023/1/26 4:15,4.6,7.5,22.9
8562,2023/1/26 4:30,4.6,7.11,24.95
8563,2023/1/26 4:45,4.58,7.5,25.15
8564,2023/1/26 5:00,4.56,7.88,22.97
8565,2023/1/26 5:15,4.52,7.5,21.86
8566,2023/1/26 5:30,4.48,6.73,17.95
8567,2023/1/26 5:45,4.43,6.73,17.24
8568,2023/1/26 6:00,5.11,6.73,16.17
8569,2023/1/26 6:15,5.07,6.35,17.75
8570,2023/1/26 6:30,5,5.58,14.16
8571,2023/1/26 6:45,4.92,5.58,13.96
8572,2023/1/26 7:00,4.82,5.2,10.18
8573,2023/1/26 7:15,4.71,4.82,8.71
8574,2023/1/26 7:30,4.59,4.82,7
8575,2023/1/26 7:45,4.46,4.05,5.42
8576,2023/1/26 8:00,4.33,4.43,7.5
8577,2023/1/26 8:15,4.18,4.82,8.1
8578,2023/1/26 8:30,4.03,4.43,6.86
8579,2023/1/26 8:45,3.88,4.05,5.09
8580,2023/1/26 9:00,3.72,4.05,4.39
8581,2023/1/26 9:15,3.56,2.9,2.08
8582,2023/1/26 9:30,3.4,1.75,0.6
8583,2023/1/26 9:45,3.25,0.6,0
8584,2023/1/26 10:00,3.11,0,0
8585,2023/1/26 10:15,2.98,1.37,0
8586,2023/1/26 10:30,2.86,1.37,0
8587,2023/1/26 10:45,2.76,2.14,0
8588,2023/1/26 11:00,2.68,1.75,0
8589,2023/1/26 11:15,2.62,1.75,0
8590,2023/1/26 11:30,2.56,1.75,0
8591,2023/1/26 11:45,2.53,0.99,0
8592,2023/1/26 12:00,2.44,2.14,0
8593,2023/1/26 12:15,2.42,0.99,0
8594,2023/1/26 12:30,2.42,1.75,0
8595,2023/1/26 12:45,2.43,2.9,0
8596,2023/1/26 13:00,2.44,2.9,0
8597,2023/1/26 13:15,2.47,1.75,0
8598,2023/1/26 13:30,2.49,2.9,0
8599,2023/1/26 13:45,2.51,1.37,0
8600,2023/1/26 14:00,2.53,2.14,0
8601,2023/1/26 14:15,2.55,2.14,0
8602,2023/1/26 14:30,2.55,2.52,0
8603,2023/1/26 14:45,2.56,2.14,0
8604,2023/1/26 15:00,2.55,2.52,0
8605,2023/1/26 15:15,2.54,2.14,0
8606,2023/1/26 15:30,2.52,1.75,0
8607,2023/1/26 15:45,2.49,1.37,0
8608,2023/1/26 16:00,2.45,0.99,0
8609,2023/1/26 16:15,2.41,0,0
8610,2023/1/26 16:30,2.35,0,0
8611,2023/1/26 16:45,2.29,0,0
8612,2023/1/26 17:00,2.22,0,0
8613,2023/1/26 17:15,2.15,0,0
8614,2023/1/26 17:30,2.08,0.6,0
8615,2023/1/26 17:45,2,0,0
8616,2023/1/26 18:00,2.24,0,0
8617,2023/1/26 18:15,2.15,0,0
8618,2023/1/26 18:30,2.06,0.6,0
8619,2023/1/26 18:45,1.97,1.75,0
8620,2023/1/26 19:00,1.87,2.52,0
8621,2023/1/26 19:15,1.78,1.37,0
8622,2023/1/26 19:30,1.7,1.75,0
8623,2023/1/26 19:45,1.63,3.28,0
8624,2023/1/26 20:00,1.56,3.28,0
8625,2023/1/26 20:15,1.5,4.05,7.1
8626,2023/1/26 20:30,1.45,4.05,7.1
8627,2023/1/26 20:45,1.41,4.43,4.86
8628,2023/1/26 21:00,1.37,2.9,2.81
8629,2023/1/26 21:15,1.34,1.75,0.94
8630,2023/1/26 21:30,1.31,2.52,0
8631,2023/1/26 21:45,1.3,2.14,0.37
8632,2023/1/26 22:00,1.3,2.52,1.21
8633,2023/1/26 22:15,1.31,2.9,2.95
8634,2023/1/26 22:30,1.32,3.67,3.01
8635,2023/1/26 22:45,1.33,3.67,2.88
8636,2023/1/26 23:00,1.34,2.14,3.58
8637,2023/1/26 23:15,1.35,0,2.44
8638,2023/1/26 23:30,1.36,2.14,1.34
8639,2023/1/26 23:45,1.38,2.14,0.03
8640,2023/1/27 0:00,1.39,0.99,0.5
8641,2023/1/27 0:15,1.41,3.28,0.9
8642,2023/1/27 0:30,1.45,1.37,1.44
8643,2023/1/27 0:45,1.49,2.9,1.67
8644,2023/1/27 1:00,1.54,1.75,1.57
8645,2023/1/27 1:15,1.59,3.67,1.21
8646,2023/1/27 1:30,1.66,3.28,0.13
8647,2023/1/27 1:45,1.72,2.52,0
8648,2023/1/27 2:00,1.8,2.14,0
8649,2023/1/27 2:15,1.88,1.75,0
8650,2023/1/27 2:30,1.97,2.14,0
8651,2023/1/27 2:45,2.07,1.37,0
8652,2023/1/27 3:00,2.18,1.75,0
8653,2023/1/27 3:15,2.3,2.14,0
8654,2023/1/27 3:30,2.44,1.37,0
8655,2023/1/27 3:45,2.58,0.99,0
8656,2023/1/27 4:00,2.73,0.99,0
8657,2023/1/27 4:15,2.89,0.6,0
8658,2023/1/27 4:30,3.05,1.75,0
8659,2023/1/27 4:45,3.21,2.9,0
8660,2023/1/27 5:00,3.38,3.67,0
8661,2023/1/27 5:15,3.54,3.67,0.64
8662,2023/1/27 5:30,3.7,4.82,3.48
8663,2023/1/27 5:45,3.85,2.9,8.47
8664,2023/1/27 6:00,3.75,5.2,13.83
8665,2023/1/27 6:15,3.96,7.5,20.39
8666,2023/1/27 6:30,4.16,7.11,18.65
8667,2023/1/27 6:45,4.34,6.73,18.62
8668,2023/1/27 7:00,4.52,6.35,15.37
8669,2023/1/27 7:15,4.67,5.58,13.29
8670,2023/1/27 7:30,4.8,4.82,14.5
8671,2023/1/27 7:45,4.92,6.73,15.44
8672,2023/1/27 8:00,5,6.35,16.78
8673,2023/1/27 8:15,5.07,5.96,17.21
8674,2023/1/27 8:30,5.11,4.82,16.11
8675,2023/1/27 8:45,5.12,4.43,12.12
8676,2023/1/27 9:00,5.11,4.43,12.36
8677,2023/1/27 9:15,5.07,4.82,9.11
8678,2023/1/27 9:30,5.03,4.05,7.5
8679,2023/1/27 9:45,4.99,3.67,8.67
8680,2023/1/27 10:00,4.94,4.82,7.47
8681,2023/1/27 10:15,4.89,4.43,9.34
8682,2023/1/27 10:30,4.84,4.05,13.63
8683,2023/1/27 10:45,4.79,5.58,14.43
8684,2023/1/27 11:00,4.75,6.35,15.97
8685,2023/1/27 11:15,4.71,5.2,18.62
8686,2023/1/27 11:30,4.67,7.5,17.78
8687,2023/1/27 11:45,4.63,5.2,16.34
8688,2023/1/27 12:00,4.56,6.73,17.75
8689,2023/1/27 12:15,4.53,5.96,13.36
8690,2023/1/27 12:30,4.5,4.05,8.54
8691,2023/1/27 12:45,4.48,5.58,10.25
8692,2023/1/27 13:00,4.46,4.43,11.45
8693,2023/1/27 13:15,4.45,3.67,5.59
8694,2023/1/27 13:30,4.43,4.43,8.37
8695,2023/1/27 13:45,4.39,5.58,17.51
8696,2023/1/27 14:00,4.33,4.82,12.96
8697,2023/1/27 14:15,4.27,5.2,12.22
8698,2023/1/27 14:30,4.19,4.82,10.25
8699,2023/1/27 14:45,4.1,4.05,7.27
8700,2023/1/27 15:00,4,3.67,6.4
8701,2023/1/27 15:15,3.89,2.9,4.86
8702,2023/1/27 15:30,3.77,3.28,6.09
8703,2023/1/27 15:45,3.66,4.05,5.86
8704,2023/1/27 16:00,3.54,5.96,15.4
8705,2023/1/27 16:15,3.44,5.2,18.08
8706,2023/1/27 16:30,3.34,5.2,14.73
8707,2023/1/27 16:45,3.26,5.2,13.43
8708,2023/1/27 17:00,3.2,5.2,14.06
8709,2023/1/27 17:15,3.15,5.96,13.66
8710,2023/1/27 17:30,3.13,5.2,10.08
8711,2023/1/27 17:45,3.13,5.58,13.86
8712,2023/1/27 18:00,3.42,5.2,13.83
8713,2023/1/27 18:15,3.49,5.96,14.63
8714,2023/1/27 18:30,3.58,5.96,15.57
8715,2023/1/27 18:45,3.68,5.58,13.63
8716,2023/1/27 19:00,3.81,5.58,11.69
8717,2023/1/27 19:15,3.95,5.58,12.39
8718,2023/1/27 19:30,4.1,5.96,12.82
8719,2023/1/27 19:45,4.26,6.73,20.49
8720,2023/1/27 20:00,4.43,7.88,28.49
8721,2023/1/27 20:15,4.6,7.88,31.88
8722,2023/1/27 20:30,4.76,6.73,27.29
8723,2023/1/27 20:45,4.92,7.5,25.35
8724,2023/1/27 21:00,5.07,9.41,28.33
8725,2023/1/27 21:15,5.21,10.18,44.16
8726,2023/1/27 21:30,5.34,9.41,43.06
8727,2023/1/27 21:45,5.45,10.18,45.6
8728,2023/1/27 22:00,5.54,10.56,45.2
8729,2023/1/27 22:15,5.61,10.94,46.61
8730,2023/1/27 22:30,5.67,11.33,48.22
8731,2023/1/27 22:45,5.71,11.33,48.55
8732,2023/1/27 23:00,5.74,10.94,48.45
8733,2023/1/27 23:15,5.75,10.18,47.01
8734,2023/1/27 23:30,5.75,7.5,46.47
8735,2023/1/27 23:45,5.74,8.65,47.31
8736,2023/1/28 0:00,5.87,9.41,46.81
8737,2023/1/28 0:15,5.84,7.5,46.17
8738,2023/1/28 0:30,5.81,8.65,45.2
8739,2023/1/28 0:45,5.77,9.03,44.13
8740,2023/1/28 1:00,5.72,9.41,42.36
8741,2023/1/28 1:15,5.66,9.41,39.08
8742,2023/1/28 1:30,5.6,9.41,38
8743,2023/1/28 1:45,5.53,9.41,41.79
8744,2023/1/28 2:00,5.44,9.41,44.87
8745,2023/1/28 2:15,5.35,9.03,47.41
8746,2023/1/28 2:30,5.26,10.18,46.64
8747,2023/1/28 2:45,5.15,10.18,47.48
8748,2023/1/28 3:00,5.04,10.56,48.25
8749,2023/1/28 3:15,4.93,8.65,47.78
8750,2023/1/28 3:30,4.83,4.82,46.94
8751,2023/1/28 3:45,4.75,7.5,46.01
8752,2023/1/28 4:00,4.69,7.88,42.49
8753,2023/1/28 4:15,4.64,9.03,46.64
8754,2023/1/28 4:30,4.6,10.18,47.71
8755,2023/1/28 4:45,4.57,9.8,46.88
8756,2023/1/28 5:00,4.56,8.65,41.79
8757,2023/1/28 5:15,4.55,7.88,43.36
8758,2023/1/28 5:30,4.56,8.26,43.9
8759,2023/1/28 5:45,4.59,9.03,45.07
8760,2023/1/28 6:00,6.66,9.03,44.1
8761,2023/1/28 6:15,6.67,8.26,41.08
8762,2023/1/28 6:30,6.65,8.65,38.2
8763,2023/1/28 6:45,6.61,9.41,40.88
8764,2023/1/28 7:00,6.55,9.03,42.49
8765,2023/1/28 7:15,6.47,9.03,40.82
8766,2023/1/28 7:30,6.37,9.03,41.35
8767,2023/1/28 7:45,6.27,8.65,38.91
8768,2023/1/28 8:00,6.16,9.41,40.78
8769,2023/1/28 8:15,6.03,8.65,35.36
8770,2023/1/28 8:30,5.9,7.5,35.59
8771,2023/1/28 8:45,5.75,6.73,27.16
8772,2023/1/28 9:00,5.6,4.82,16.27
8773,2023/1/28 9:15,5.43,5.58,18.08
8774,2023/1/28 9:30,5.26,5.58,14.2
8775,2023/1/28 9:45,5.08,4.43,16.51
8776,2023/1/28 10:00,4.9,5.96,17.21
8777,2023/1/28 10:15,4.71,6.35,20.36
8778,2023/1/28 10:30,4.53,8.26,24.38
8779,2023/1/28 10:45,4.35,6.73,24.21
8780,2023/1/28 11:00,4.19,7.11,27.36
8781,2023/1/28 11:15,4.03,7.88,29.13
8782,2023/1/28 11:30,3.88,6.73,25.18
8783,2023/1/28 11:45,3.73,4.43,17.18
8784,2023/1/28 12:00,3.57,6.73,17.75
8785,2023/1/28 12:15,3.44,5.58,16.94
8786,2023/1/28 12:30,3.32,3.67,9.78
8787,2023/1/28 12:45,3.19,3.67,6.83
8788,2023/1/28 13:00,3.08,3.67,8.1
8789,2023/1/28 13:15,2.96,2.9,4.99
8790,2023/1/28 13:30,2.85,2.9,6.16
8791,2023/1/28 13:45,2.74,3.28,5.93
8792,2023/1/28 14:00,2.63,4.05,4.29
8793,2023/1/28 14:15,2.52,2.52,1.14
8794,2023/1/28 14:30,2.42,2.52,0.8
8795,2023/1/28 14:45,2.33,2.14,0
8796,2023/1/28 15:00,2.25,2.52,0
8797,2023/1/28 15:15,2.17,1.75,0
8798,2023/1/28 15:30,2.12,1.37,0
8799,2023/1/28 15:45,2.08,1.75,0
8800,2023/1/28 16:00,2.06,0.99,0
8801,2023/1/28 16:15,2.06,0,0
8802,2023/1/28 16:30,2.09,0.6,0
8803,2023/1/28 16:45,2.15,0.6,0
8804,2023/1/28 17:00,2.24,0,0
8805,2023/1/28 17:15,2.36,0,0
8806,2023/1/28 17:30,2.51,1.37,0
8807,2023/1/28 17:45,2.68,2.9,0
8808,2023/1/28 18:00,3.02,3.67,0
8809,2023/1/28 18:15,3.22,2.14,2.95
8810,2023/1/28 18:30,3.43,2.52,4.82
8811,2023/1/28 18:45,3.65,1.75,4.86
8812,2023/1/28 19:00,3.88,2.14,6.13
8813,2023/1/28 19:15,4.13,2.52,9.27
8814,2023/1/28 19:30,4.37,2.14,10.78
8815,2023/1/28 19:45,4.62,4.82,8.71
8816,2023/1/28 20:00,4.87,3.67,9.44
8817,2023/1/28 20:15,5.12,4.43,11.92
8818,2023/1/28 20:30,5.36,4.05,11.05
8819,2023/1/28 20:45,5.6,4.05,9.91
8820,2023/1/28 21:00,5.83,5.2,12.86
8821,2023/1/28 21:15,6.05,4.05,14.5
8822,2023/1/28 21:30,6.26,3.28,20.09
8823,2023/1/28 21:45,6.46,5.58,21.46
8824,2023/1/28 22:00,6.64,5.2,22.97
8825,2023/1/28 22:15,6.81,5.96,25.21
8826,2023/1/28 22:30,6.97,5.2,29.13
8827,2023/1/28 22:45,7.13,5.96,26.59
8828,2023/1/28 23:00,7.27,6.35,32.34
8829,2023/1/28 23:15,7.4,5.96,31.17
8830,2023/1/28 23:30,7.53,6.73,30.3
8831,2023/1/28 23:45,7.64,5.2,25.31
8832,2023/1/29 0:00,7.83,5.58,22.74
8833,2023/1/29 0:15,7.92,6.73,22.97
8834,2023/1/29 0:30,8,5.96,25.28
8835,2023/1/29 0:45,8.06,7.11,30.47
8836,2023/1/29 1:00,8.1,7.88,32.81
8837,2023/1/29 1:15,8.12,7.88,38.17
8838,2023/1/29 1:30,8.14,7.88,37.84
8839,2023/1/29 1:45,8.14,9.41,40.11
8840,2023/1/29 2:00,8.12,5.2,35.99
8841,2023/1/29 2:15,8.1,6.35,27.69
8842,2023/1/29 2:30,8.05,6.35,22.94
8843,2023/1/29 2:45,8,5.2,19.09
8844,2023/1/29 3:00,7.93,5.58,18.45
8845,2023/1/29 3:15,7.84,5.96,16.84
8846,2023/1/29 3:30,7.73,5.58,16.74
8847,2023/1/29 3:45,7.62,5.2,15.8
8848,2023/1/29 4:00,7.49,5.2,14.83
8849,2023/1/29 4:15,7.34,5.58,13.66
8850,2023/1/29 4:30,7.19,5.58,13.93
8851,2023/1/29 4:45,7.02,4.43,9.98
8852,2023/1/29 5:00,6.85,4.82,9.78
8853,2023/1/29 5:15,6.67,4.05,8.87
8854,2023/1/29 5:30,6.49,3.67,9.04
8855,2023/1/29 5:45,6.29,4.05,5.79
8856,2023/1/29 6:00,5.19,4.43,6.6
8857,2023/1/29 6:15,5.01,3.67,4.39
8858,2023/1/29 6:30,4.84,3.28,6.83
8859,2023/1/29 6:45,4.68,4.05,7.06
8860,2023/1/29 7:00,4.52,4.05,6.46
8861,2023/1/29 7:15,4.38,4.43,6.26
8862,2023/1/29 7:30,4.26,4.82,7.57
8863,2023/1/29 7:45,4.16,4.82,8.87
8864,2023/1/29 8:00,4.09,5.2,8.74
8865,2023/1/29 8:15,4.05,2.14,5.26
8866,2023/1/29 8:30,4.04,3.67,5.09
8867,2023/1/29 8:45,4.06,4.43,3.92
8868,2023/1/29 9:00,4.1,4.82,4.62
8869,2023/1/29 9:15,4.18,3.67,3.38
8870,2023/1/29 9:30,4.27,4.05,4.35
8871,2023/1/29 9:45,4.37,4.05,6.06
8872,2023/1/29 10:00,4.48,3.28,6.73
8873,2023/1/29 10:15,4.59,3.67,6.09
8874,2023/1/29 10:30,4.71,2.14,4.72
8875,2023/1/29 10:45,4.82,3.28,4.86
8876,2023/1/29 11:00,4.94,2.9,4.75
8877,2023/1/29 11:15,5.05,2.9,5.56
8878,2023/1/29 11:30,5.14,2.52,2.54
8879,2023/1/29 11:45,5.22,4.05,1.91
8880,2023/1/29 12:00,5.29,2.52,2.18
8881,2023/1/29 12:15,5.34,3.67,1.77
8882,2023/1/29 12:30,5.36,3.67,1.44
8883,2023/1/29 12:45,5.37,4.05,1.24
8884,2023/1/29 13:00,5.35,3.67,1.74
8885,2023/1/29 13:15,5.3,0,0.23
8886,2023/1/29 13:30,5.23,1.75,0
8887,2023/1/29 13:45,5.15,1.75,0
8888,2023/1/29 14:00,5.04,1.37,0
8889,2023/1/29 14:15,4.92,2.14,0
8890,2023/1/29 14:30,4.79,1.75,0
8891,2023/1/29 14:45,4.65,2.14,0
8892,2023/1/29 15:00,4.5,1.37,0
8893,2023/1/29 15:15,4.35,1.37,0
8894,2023/1/29 15:30,4.19,1.75,0.4
8895,2023/1/29 15:45,4.03,3.28,1.51
8896,2023/1/29 16:00,3.86,3.67,1.61
8897,2023/1/29 16:15,3.69,2.9,0.9
8898,2023/1/29 16:30,3.53,3.67,1.98
8899,2023/1/29 16:45,3.37,3.28,1.98
8900,2023/1/29 17:00,3.21,1.75,0
8901,2023/1/29 17:15,3.07,1.75,0
8902,2023/1/29 17:30,2.94,2.14,0
8903,2023/1/29 17:45,2.82,2.9,0
8904,2023/1/29 18:00,2.54,1.37,0
8905,2023/1/29 18:15,2.43,1.75,0
8906,2023/1/29 18:30,2.33,3.28,0
8907,2023/1/29 18:45,2.24,2.52,0
8908,2023/1/29 19:00,2.16,2.52,0
8909,2023/1/29 19:15,2.1,0.99,0
8910,2023/1/29 19:30,2.05,2.52,0
8911,2023/1/29 19:45,2.02,2.9,0
8912,2023/1/29 20:00,2,3.67,0.27
8913,2023/1/29 20:15,2,3.67,2.18
8914,2023/1/29 20:30,2.01,3.67,2.68
8915,2023/1/29 20:45,2.03,4.05,3.38
8916,2023/1/29 21:00,2.06,4.05,2.68
8917,2023/1/29 21:15,2.1,3.67,1.37
8918,2023/1/29 21:30,2.14,3.67,2.41
8919,2023/1/29 21:45,2.18,4.05,4.55
8920,2023/1/29 22:00,2.22,5.58,6.46
8921,2023/1/29 22:15,2.26,5.58,12.49
8922,2023/1/29 22:30,2.3,5.58,13.9
8923,2023/1/29 22:45,2.33,5.2,6.26
8924,2023/1/29 23:00,2.36,5.96,6.76
8925,2023/1/29 23:15,2.39,4.82,3.55
8926,2023/1/29 23:30,2.41,4.05,1.91
8927,2023/1/29 23:45,2.44,3.67,2.71
8928,2023/1/30 0:00,2.45,2.14,0.17
8929,2023/1/30 0:15,2.47,2.9,0
8930,2023/1/30 0:30,2.49,1.37,0
8931,2023/1/30 0:45,2.5,0.6,0
8932,2023/1/30 1:00,2.51,1.37,0
8933,2023/1/30 1:15,2.52,0,0
8934,2023/1/30 1:30,2.52,0,0
8935,2023/1/30 1:45,2.52,0,0
8936,2023/1/30 2:00,2.53,0,0
8937,2023/1/30 2:15,2.53,0,0
8938,2023/1/30 2:30,2.54,0.6,0
8939,2023/1/30 2:45,2.55,0,0
8940,2023/1/30 3:00,2.56,0.99,0
8941,2023/1/30 3:15,2.57,0.99,0
8942,2023/1/30 3:30,2.58,1.37,0
8943,2023/1/30 3:45,2.58,1.75,0
8944,2023/1/30 4:00,2.57,1.75,0
8945,2023/1/30 4:15,2.56,2.52,0
8946,2023/1/30 4:30,2.53,0,0
8947,2023/1/30 4:45,2.51,0,0
8948,2023/1/30 5:00,2.48,0,0
8949,2023/1/30 5:15,2.45,0,0
8950,2023/1/30 5:30,2.42,2.14,0
8951,2023/1/30 5:45,2.39,1.37,0
8952,2023/1/30 6:00,2.62,1.37,0
8953,2023/1/30 6:15,2.69,2.52,0
8954,2023/1/30 6:30,2.77,2.9,0
8955,2023/1/30 6:45,2.84,2.9,0
8956,2023/1/30 7:00,2.9,2.52,0
8957,2023/1/30 7:15,2.97,2.14,0
8958,2023/1/30 7:30,3.02,2.14,0
8959,2023/1/30 7:45,3.06,2.52,0
8960,2023/1/30 8:00,3.09,3.28,0
8961,2023/1/30 8:15,3.1,3.67,0.67
8962,2023/1/30 8:30,3.12,3.28,0.64
8963,2023/1/30 8:45,3.13,3.67,0.5
8964,2023/1/30 9:00,3.14,4.05,2.31
8965,2023/1/30 9:15,3.15,3.67,0.9
8966,2023/1/30 9:30,3.17,3.67,0.5
8967,2023/1/30 9:45,3.19,2.9,0
8968,2023/1/30 10:00,3.21,2.9,0
8969,2023/1/30 10:15,3.25,3.28,0.2
8970,2023/1/30 10:30,3.27,2.14,0.44
8971,2023/1/30 10:45,3.3,3.28,1.04
8972,2023/1/30 11:00,3.33,3.28,0.87
8973,2023/1/30 11:15,3.35,4.05,1.07
8974,2023/1/30 11:30,3.37,4.05,1.31
8975,2023/1/30 11:45,3.4,3.67,2.18
8976,2023/1/30 12:00,3.38,4.05,2.78
8977,2023/1/30 12:15,3.4,2.9,2.88
8978,2023/1/30 12:30,3.41,2.9,1.67
8979,2023/1/30 12:45,3.41,2.9,0.2
8980,2023/1/30 13:00,3.39,2.14,0.47
8981,2023/1/30 13:15,3.36,2.9,1.34
8982,2023/1/30 13:30,3.33,2.14,1.77
8983,2023/1/30 13:45,3.28,2.52,1.98
8984,2023/1/30 14:00,3.23,3.28,2.81
8985,2023/1/30 14:15,3.16,3.67,2.95
8986,2023/1/30 14:30,3.09,2.9,2.51
8987,2023/1/30 14:45,3.01,3.28,2.01
8988,2023/1/30 15:00,2.92,2.14,0.3
8989,2023/1/30 15:15,2.82,1.37,0
8990,2023/1/30 15:30,2.73,1.37,0
8991,2023/1/30 15:45,2.63,0,0
8992,2023/1/30 16:00,2.53,1.37,0
8993,2023/1/30 16:15,2.44,1.75,0
8994,2023/1/30 16:30,2.36,1.75,0
8995,2023/1/30 16:45,2.29,2.14,0
8996,2023/1/30 17:00,2.23,1.37,0
8997,2023/1/30 17:15,2.19,1.75,0
8998,2023/1/30 17:30,2.17,1.75,0
8999,2023/1/30 17:45,2.17,2.14,0
9000,2023/1/30 18:00,1.43,2.14,0
9001,2023/1/30 18:15,1.45,2.9,0
9002,2023/1/30 18:30,1.49,3.28,0
9003,2023/1/30 18:45,1.53,2.52,0
9004,2023/1/30 19:00,1.59,2.52,0
9005,2023/1/30 19:15,1.67,3.28,0
9006,2023/1/30 19:30,1.75,2.9,0
9007,2023/1/30 19:45,1.85,3.67,0.5
9008,2023/1/30 20:00,1.95,4.05,1.54
9009,2023/1/30 20:15,2.06,3.67,1.27
9010,2023/1/30 20:30,2.18,3.28,0.67
9011,2023/1/30 20:45,2.3,2.9,0.1
9012,2023/1/30 21:00,2.42,2.9,0.3
9013,2023/1/30 21:15,2.54,2.9,0.1
9014,2023/1/30 21:30,2.66,2.9,0.74
9015,2023/1/30 21:45,2.77,2.52,0.97
9016,2023/1/30 22:00,2.88,4.05,1.74
9017,2023/1/30 22:15,2.98,4.05,2.61
9018,2023/1/30 22:30,3.09,4.05,2.65
9019,2023/1/30 22:45,3.2,3.28,2.68
9020,2023/1/30 23:00,3.31,3.28,2.88
9021,2023/1/30 23:15,3.43,3.67,3.18
9022,2023/1/30 23:30,3.55,3.28,3.45
9023,2023/1/30 23:45,3.67,2.9,3.68
9024,2023/1/31 0:00,3.76,3.28,3.95
9025,2023/1/31 0:15,3.89,4.43,4.25
9026,2023/1/31 0:30,4.02,4.43,4.35
9027,2023/1/31 0:45,4.15,4.43,5.46
9028,2023/1/31 1:00,4.28,5.2,5.89
9029,2023/1/31 1:15,4.41,5.2,6.16
9030,2023/1/31 1:30,4.53,5.2,7.94
9031,2023/1/31 1:45,4.66,5.58,9.17
9032,2023/1/31 2:00,4.78,5.58,8.87
9033,2023/1/31 2:15,4.9,5.2,9.11
9034,2023/1/31 2:30,5.01,5.58,11.18
9035,2023/1/31 2:45,5.12,5.96,13.96
9036,2023/1/31 3:00,5.23,6.73,17.01
9037,2023/1/31 3:15,5.34,6.35,20.36
9038,2023/1/31 3:30,5.44,5.58,21.5
9039,2023/1/31 3:45,5.53,6.73,22
9040,2023/1/31 4:00,5.6,6.73,21.76
9041,2023/1/31 4:15,5.68,5.96,23.57
9042,2023/1/31 4:30,5.74,7.5,23.57
9043,2023/1/31 4:45,5.79,6.73,20.02
9044,2023/1/31 5:00,5.84,5.96,16.11
9045,2023/1/31 5:15,5.88,5.96,12.42
9046,2023/1/31 5:30,5.9,5.58,11.18
9047,2023/1/31 5:45,5.92,4.82,8.97
9048,2023/1/31 6:00,nan,4.82,8.44
9049,2023/1/31 6:15,nan,4.43,8.1
9050,2023/1/31 6:30,nan,5.2,7.8
9051,2023/1/31 6:45,nan,5.2,7.1
9052,2023/1/31 7:00,nan,4.43,5.42
9053,2023/1/31 7:15,nan,4.82,6.43
9054,2023/1/31 7:30,nan,4.82,7.37
9055,2023/1/31 7:45,nan,5.2,7.03
9056,2023/1/31 8:00,nan,4.05,6.23
9057,2023/1/31 8:15,nan,4.82,5.99
9058,2023/1/31 8:30,nan,4.05,5.49
9059,2023/1/31 8:45,nan,4.43,4.45
9060,2023/1/31 9:00,nan,4.05,2.58
9061,2023/1/31 9:15,nan,2.9,1.94
9062,2023/1/31 9:30,nan,3.67,2.91
9063,2023/1/31 9:45,nan,4.05,3.88
9064,2023/1/31 10:00,nan,4.82,3.85
9065,2023/1/31 10:15,nan,3.28,3.18
9066,2023/1/31 10:30,nan,2.9,2.31
9067,2023/1/31 10:45,nan,2.14,0.54
9068,2023/1/31 11:00,nan,2.52,0.47
9069,2023/1/31 11:15,nan,2.14,0.3
9070,2023/1/31 11:30,nan,2.9,0.3
9071,2023/1/31 11:45,nan,2.9,0.03
9072,2023/1/31 12:00,nan,2.52,0
9073,2023/1/31 12:15,nan,2.9,0
9074,2023/1/31 12:30,nan,2.9,0
9075,2023/1/31 12:45,nan,2.9,0
9076,2023/1/31 13:00,nan,3.28,0
9077,2023/1/31 13:15,nan,2.14,0
9078,2023/1/31 13:30,nan,3.67,0.5
9079,2023/1/31 13:45,nan,3.67,2.14
9080,2023/1/31 14:00,nan,3.28,2.88
9081,2023/1/31 14:15,nan,4.05,3.58
9082,2023/1/31 14:30,nan,4.05,4.86
9083,2023/1/31 14:45,nan,4.05,4.42
9084,2023/1/31 15:00,nan,4.05,5.06
9085,2023/1/31 15:15,nan,4.05,5.79
9086,2023/1/31 15:30,nan,4.43,5.89
9087,2023/1/31 15:45,nan,4.43,6.56
9088,2023/1/31 16:00,nan,4.05,6.09
9089,2023/1/31 16:15,nan,3.67,5.49
9090,2023/1/31 16:30,nan,4.82,4.62
9091,2023/1/31 16:45,nan,4.43,4.79
9092,2023/1/31 17:00,nan,4.43,4.52
9093,2023/1/31 17:15,nan,4.05,4.65
9094,2023/1/31 17:30,nan,4.05,3.85
9095,2023/1/31 17:45,nan,3.67,4.42
9096,2023/1/31 18:00,3.92,3.67,4.69
9097,2023/1/31 18:15,3.88,3.28,4.49
9098,2023/1/31 18:30,3.83,3.28,4.02
9099,2023/1/31 18:45,3.76,2.9,2.71
9100,2023/1/31 19:00,3.67,2.9,1.1
9101,2023/1/31 19:15,3.57,2.52,1.41
9102,2023/1/31 19:30,3.46,3.28,1.41
9103,2023/1/31 19:45,3.33,3.67,1.77
9104,2023/1/31 20:00,3.21,3.28,0.97
9105,2023/1/31 20:15,3.07,3.28,1.34
9106,2023/1/31 20:30,2.93,3.28,0.57
9107,2023/1/31 20:45,2.78,2.52,1.51
9108,2023/1/31 21:00,2.63,3.67,2.81
9109,2023/1/31 21:15,2.47,3.67,2.38
9110,2023/1/31 21:30,2.32,2.9,1.07
9111,2023/1/31 21:45,2.18,2.9,0
9112,2023/1/31 22:00,2.04,1.37,0
9113,2023/1/31 22:15,1.9,2.14,0
9114,2023/1/31 22:30,1.78,2.9,0
9115,2023/1/31 22:45,1.68,2.14,0
9116,2023/1/31 23:00,1.59,2.52,0
9117,2023/1/31 23:15,1.53,2.9,0
9118,2023/1/31 23:30,1.48,2.52,0
9119,2023/1/31 23:45,1.44,0.99,0
9120,2023/2/1 0:00,1.41,2.52,0
9121,2023/2/1 0:15,1.42,2.14,0
9122,2023/2/1 0:30,1.44,1.75,0
9123,2023/2/1 0:45,1.47,1.37,0
9124,2023/2/1 1:00,1.52,1.75,0
9125,2023/2/1 1:15,1.59,2.14,0
9126,2023/2/1 1:30,1.65,2.14,0
9127,2023/2/1 1:45,1.73,2.9,0
9128,2023/2/1 2:00,1.81,2.14,0
9129,2023/2/1 2:15,1.89,2.14,0
9130,2023/2/1 2:30,1.98,2.14,0
9131,2023/2/1 2:45,2.06,1.75,0
9132,2023/2/1 3:00,2.15,1.37,0
9133,2023/2/1 3:15,2.24,0.6,0
9134,2023/2/1 3:30,2.34,0,0
9135,2023/2/1 3:45,2.46,0,0
9136,2023/2/1 4:00,2.59,0,0
9137,2023/2/1 4:15,2.73,0,0
9138,2023/2/1 4:30,2.9,0,0
9139,2023/2/1 4:45,3.08,0,0
9140,2023/2/1 5:00,3.28,0,0
9141,2023/2/1 5:15,3.5,0.6,0
9142,2023/2/1 5:30,3.73,0,0
9143,2023/2/1 5:45,3.98,1.75,0
9144,2023/2/1 6:00,3.99,1.75,0
9145,2023/2/1 6:15,4.24,2.14,0
9146,2023/2/1 6:30,4.49,3.28,0
9147,2023/2/1 6:45,4.75,2.9,0
9148,2023/2/1 7:00,5.02,3.28,0
9149,2023/2/1 7:15,5.28,4.05,0
9150,2023/2/1 7:30,5.54,4.05,0
9151,2023/2/1 7:45,5.79,4.43,0
9152,2023/2/1 8:00,6.03,4.43,0
9153,2023/2/1 8:15,6.25,4.43,0
9154,2023/2/1 8:30,6.46,4.43,0
9155,2023/2/1 8:45,6.64,5.2,0
9156,2023/2/1 9:00,6.81,5.96,0
9157,2023/2/1 9:15,6.95,5.96,0
9158,2023/2/1 9:30,7.08,4.82,0
9159,2023/2/1 9:45,7.18,5.58,0
9160,2023/2/1 10:00,7.26,6.73,0
9161,2023/2/1 10:15,7.32,7.5,0
9162,2023/2/1 10:30,7.37,6.73,0
9163,2023/2/1 10:45,7.41,7.11,0
9164,2023/2/1 11:00,7.45,7.11,0
9165,2023/2/1 11:15,7.48,5.96,0
9166,2023/2/1 11:30,7.51,7.11,0
9167,2023/2/1 11:45,7.54,7.88,0
9168,2023/2/1 12:00,7.5,8.26,0
9169,2023/2/1 12:15,7.51,9.8,0
9170,2023/2/1 12:30,7.51,9.41,0
9171,2023/2/1 12:45,7.49,8.65,0
9172,2023/2/1 13:00,7.46,8.65,0
9173,2023/2/1 13:15,7.41,6.73,0
9174,2023/2/1 13:30,7.35,8.26,0
9175,2023/2/1 13:45,7.29,6.73,0
9176,2023/2/1 14:00,7.21,6.73,0
9177,2023/2/1 14:15,7.12,7.11,0
9178,2023/2/1 14:30,7.03,5.96,0
9179,2023/2/1 14:45,6.93,5.58,0
9180,2023/2/1 15:00,6.82,8.65,0
9181,2023/2/1 15:15,6.7,6.35,0
9182,2023/2/1 15:30,6.56,5.96,0
9183,2023/2/1 15:45,6.41,6.73,0
9184,2023/2/1 16:00,6.25,6.73,0
9185,2023/2/1 16:15,6.07,4.82,0
9186,2023/2/1 16:30,5.89,4.05,0
9187,2023/2/1 16:45,5.71,4.82,0
9188,2023/2/1 17:00,5.53,5.58,0
9189,2023/2/1 17:15,5.36,4.43,1.51
9190,2023/2/1 17:30,5.19,4.05,1.77
9191,2023/2/1 17:45,5.04,3.67,1.64
9192,2023/2/1 18:00,4.79,4.43,2.58
9193,2023/2/1 18:15,4.55,4.82,3.25
9194,2023/2/1 18:30,4.33,3.67,2.28
9195,2023/2/1 18:45,4.13,4.05,3.52
9196,2023/2/1 19:00,3.97,3.28,1.91
9197,2023/2/1 19:15,3.85,3.67,2.51
9198,2023/2/1 19:30,3.77,5.58,10.82
9199,2023/2/1 19:45,3.74,5.2,8.47
9200,2023/2/1 20:00,3.76,5.2,10.05
9201,2023/2/1 20:15,3.84,5.58,11.02
9202,2023/2/1 20:30,3.97,5.58,11.35
9203,2023/2/1 20:45,4.15,6.35,15.27
9204,2023/2/1 21:00,4.38,5.96,13.93
9205,2023/2/1 21:15,4.66,5.2,9.94
9206,2023/2/1 21:30,4.95,5.58,18.48
9207,2023/2/1 21:45,5.25,5.58,14.2
9208,2023/2/1 22:00,5.56,6.73,18.05
9209,2023/2/1 22:15,5.86,7.11,21.97
9210,2023/2/1 22:30,6.16,7.5,29.53
9211,2023/2/1 22:45,6.44,7.5,43.56
9212,2023/2/1 23:00,6.71,7.88,38.74
9213,2023/2/1 23:15,6.95,6.73,34.12
9214,2023/2/1 23:30,7.16,6.73,28.53
9215,2023/2/1 23:45,7.35,7.5,28.96
9216,2023/2/2 0:00,7.52,7.5,23.97
9217,2023/2/2 0:15,7.66,5.58,22.43
9218,2023/2/2 0:30,7.76,5.2,24.54
9219,2023/2/2 0:45,7.82,7.5,32.91
9220,2023/2/2 1:00,7.85,7.5,45.17
9221,2023/2/2 1:15,7.84,9.03,47.61
9222,2023/2/2 1:30,7.83,11.71,48.32
9223,2023/2/2 1:45,7.81,9.41,45.44
9224,2023/2/2 2:00,7.78,6.35,41.18
9225,2023/2/2 2:15,7.75,5.58,32.01
9226,2023/2/2 2:30,7.72,6.73,33.42
9227,2023/2/2 2:45,7.69,8.26,37.87
9228,2023/2/2 3:00,7.65,8.26,37.5
9229,2023/2/2 3:15,7.61,5.2,41.05
9230,2023/2/2 3:30,7.57,7.88,42.79
9231,2023/2/2 3:45,7.51,5.58,39.78
9232,2023/2/2 4:00,7.45,5.58,39.08
9233,2023/2/2 4:15,7.38,4.05,35.19
9234,2023/2/2 4:30,7.3,6.35,37.43
9235,2023/2/2 4:45,7.23,5.58,42.09
9236,2023/2/2 5:00,7.16,5.96,45.44
9237,2023/2/2 5:15,7.09,8.26,44.2
9238,2023/2/2 5:30,7.01,5.2,42.49
9239,2023/2/2 5:45,6.94,4.43,35.56
9240,2023/2/2 6:00,6.79,6.35,25.31
9241,2023/2/2 6:15,6.71,7.5,32.51
9242,2023/2/2 6:30,6.63,5.96,35.19
9243,2023/2/2 6:45,6.54,6.35,29.23
9244,2023/2/2 7:00,6.46,7.88,22.1
9245,2023/2/2 7:15,6.37,7.88,23.81
9246,2023/2/2 7:30,6.28,7.88,26.49
9247,2023/2/2 7:45,6.19,8.26,26.12
9248,2023/2/2 8:00,6.09,7.11,26.55
9249,2023/2/2 8:15,6,6.73,29.87
9250,2023/2/2 8:30,5.9,5.96,22.17
9251,2023/2/2 8:45,5.8,7.5,22.13
9252,2023/2/2 9:00,5.7,5.96,12.66
9253,2023/2/2 9:15,5.59,5.58,12.92
9254,2023/2/2 9:30,5.49,5.58,13.19
9255,2023/2/2 9:45,5.4,4.82,8.07
9256,2023/2/2 10:00,5.31,5.58,7.17
9257,2023/2/2 10:15,5.22,5.96,7.17
9258,2023/2/2 10:30,5.15,5.58,9.78
9259,2023/2/2 10:45,5.08,5.2,9.74
9260,2023/2/2 11:00,5.03,5.2,13.03
9261,2023/2/2 11:15,4.98,6.73,11.52
9262,2023/2/2 11:30,4.93,5.2,10.41
9263,2023/2/2 11:45,4.89,4.82,9.81
9264,2023/2/2 12:00,4.86,4.82,9.91
9265,2023/2/2 12:15,4.84,5.96,11.18
9266,2023/2/2 12:30,4.81,5.2,9.61
9267,2023/2/2 12:45,4.77,5.96,10.88
9268,2023/2/2 13:00,4.74,4.43,8.27
9269,2023/2/2 13:15,4.7,4.43,6.9
9270,2023/2/2 13:30,4.65,3.67,5.66
9271,2023/2/2 13:45,4.59,4.43,7.2
9272,2023/2/2 14:00,4.52,4.43,5.86
9273,2023/2/2 14:15,4.44,2.9,5.22
9274,2023/2/2 14:30,4.35,3.28,2.85
9275,2023/2/2 14:45,4.25,1.75,2.08
9276,2023/2/2 15:00,4.15,2.14,0.74
9277,2023/2/2 15:15,4.04,2.14,0
9278,2023/2/2 15:30,3.92,1.75,0
9279,2023/2/2 15:45,3.8,0.6,0
9280,2023/2/2 16:00,3.67,1.37,0
9281,2023/2/2 16:15,3.55,2.52,0
9282,2023/2/2 16:30,3.43,3.28,0
9283,2023/2/2 16:45,3.31,4.05,2.48
9284,2023/2/2 17:00,3.2,4.82,5.49
9285,2023/2/2 17:15,3.1,5.2,7.4
9286,2023/2/2 17:30,3,5.96,11.59
9287,2023/2/2 17:45,2.91,5.96,12.39
9288,2023/2/2 18:00,3.1,4.82,8.94
9289,2023/2/2 18:15,3.01,5.2,9.71
9290,2023/2/2 18:30,2.93,5.58,9.74
9291,2023/2/2 18:45,2.87,5.2,9.94
9292,2023/2/2 19:00,2.82,5.96,12.96
9293,2023/2/2 19:15,2.79,5.96,12.86
9294,2023/2/2 19:30,2.78,5.96,12.32
9295,2023/2/2 19:45,2.79,5.96,14.3
9296,2023/2/2 20:00,2.81,6.35,14.57
9297,2023/2/2 20:15,2.86,5.96,15.13
9298,2023/2/2 20:30,2.92,6.73,18.25
9299,2023/2/2 20:45,3,7.11,19.05
9300,2023/2/2 21:00,3.1,6.35,16.21
9301,2023/2/2 21:15,3.22,6.35,12.99
9302,2023/2/2 21:30,3.35,5.2,11.72
9303,2023/2/2 21:45,3.49,5.96,10.65
9304,2023/2/2 22:00,3.64,4.82,7.67
9305,2023/2/2 22:15,3.8,4.05,5.49
9306,2023/2/2 22:30,3.96,4.43,5.79
9307,2023/2/2 22:45,4.12,5.58,7.27
9308,2023/2/2 23:00,4.28,5.58,8.94
9309,2023/2/2 23:15,4.43,5.58,8.47
9310,2023/2/2 23:30,4.58,5.58,8.74
9311,2023/2/2 23:45,4.71,5.58,7.77
9312,2023/2/3 0:00,4.98,6.73,9.04
9313,2023/2/3 0:15,5.1,5.58,4.92
9314,2023/2/3 0:30,5.22,4.05,3.48
9315,2023/2/3 0:45,5.34,4.43,3.31
9316,2023/2/3 1:00,5.44,4.05,2.58
9317,2023/2/3 1:15,5.54,5.2,5.29
9318,2023/2/3 1:30,5.64,4.43,4.02
9319,2023/2/3 1:45,5.74,6.35,10.71
9320,2023/2/3 2:00,5.84,5.96,9.71
9321,2023/2/3 2:15,5.94,6.35,9.48
9322,2023/2/3 2:30,6.04,5.58,11.69
9323,2023/2/3 2:45,6.14,5.2,10.61
9324,2023/2/3 3:00,6.23,5.96,12.99
9325,2023/2/3 3:15,6.32,5.96,14.63
9326,2023/2/3 3:30,6.41,6.73,16.91
9327,2023/2/3 3:45,6.49,7.88,17.38
9328,2023/2/3 4:00,6.57,6.73,15.84
9329,2023/2/3 4:15,6.65,5.96,11.55
9330,2023/2/3 4:30,6.71,5.96,8.74
9331,2023/2/3 4:45,6.77,7.5,15.97
9332,2023/2/3 5:00,6.82,7.88,23.67
9333,2023/2/3 5:15,6.85,8.65,21.43
9334,2023/2/3 5:30,6.88,7.5,18.65
9335,2023/2/3 5:45,6.89,5.96,13.09
9336,2023/2/3 6:00,6.47,5.96,11.72
9337,2023/2/3 6:15,6.47,4.82,10.68
9338,2023/2/3 6:30,6.46,5.58,12.59
9339,2023/2/3 6:45,6.43,5.96,12.89
9340,2023/2/3 7:00,6.39,6.35,13.46
9341,2023/2/3 7:15,6.33,5.58,14.13
9342,2023/2/3 7:30,6.25,5.58,12.72
9343,2023/2/3 7:45,6.17,5.2,10.08
9344,2023/2/3 8:00,6.07,5.96,9.54
9345,2023/2/3 8:15,5.95,5.58,11.55
9346,2023/2/3 8:30,5.82,5.58,8.64
9347,2023/2/3 8:45,5.69,5.2,5.73
9348,2023/2/3 9:00,5.54,4.82,5.02
9349,2023/2/3 9:15,5.38,4.43,4.08
9350,2023/2/3 9:30,5.23,4.43,1.84
9351,2023/2/3 9:45,5.08,3.28,1.51
9352,2023/2/3 10:00,4.92,3.67,1.74
9353,2023/2/3 10:15,4.77,2.52,1.88
9354,2023/2/3 10:30,4.62,2.9,1.57
9355,2023/2/3 10:45,4.49,3.28,1.57
9356,2023/2/3 11:00,4.37,4.43,2.34
9357,2023/2/3 11:15,4.26,4.05,3.38
9358,2023/2/3 11:30,4.16,2.9,3.98
9359,2023/2/3 11:45,4.08,2.9,2.61
9360,2023/2/3 12:00,3.98,2.52,2.71
9361,2023/2/3 12:15,3.92,2.52,2.75
9362,2023/2/3 12:30,3.87,3.28,4.12
9363,2023/2/3 12:45,3.83,5.2,5.89
9364,2023/2/3 13:00,3.81,4.43,7.17
9365,2023/2/3 13:15,3.79,3.67,7.67
9366,2023/2/3 13:30,3.78,3.67,6.76
9367,2023/2/3 13:45,3.77,4.43,7.87
9368,2023/2/3 14:00,3.76,4.05,5.76
9369,2023/2/3 14:15,3.75,7.11,6.36
9370,2023/2/3 14:30,3.74,3.67,5.49
9371,2023/2/3 14:45,3.74,1.37,5.96
9372,2023/2/3 15:00,3.74,3.67,6.03
9373,2023/2/3 15:15,3.75,4.43,4.45
9374,2023/2/3 15:30,3.76,2.9,4.12
9375,2023/2/3 15:45,3.76,3.67,4.22
9376,2023/2/3 16:00,3.78,4.05,6.66
9377,2023/2/3 16:15,3.79,3.67,7.43
9378,2023/2/3 16:30,3.8,2.52,6.19
9379,2023/2/3 16:45,3.81,2.52,6.26
9380,2023/2/3 17:00,3.82,2.9,7.4
9381,2023/2/3 17:15,3.82,2.52,4.52
9382,2023/2/3 17:30,3.82,3.67,3.95
9383,2023/2/3 17:45,3.82,5.58,10.05
9384,2023/2/3 18:00,3.91,4.82,6.63
9385,2023/2/3 18:15,3.91,4.05,6.8
9386,2023/2/3 18:30,3.89,3.67,5.59
9387,2023/2/3 18:45,3.85,4.05,3.62
9388,2023/2/3 19:00,3.81,3.28,2.85
9389,2023/2/3 19:15,3.75,4.82,4.82
9390,2023/2/3 19:30,3.69,4.05,2.85
9391,2023/2/3 19:45,3.63,4.05,2.18
9392,2023/2/3 20:00,3.57,3.28,2.31
9393,2023/2/3 20:15,3.5,3.67,2.04
9394,2023/2/3 20:30,3.44,3.67,1.88
9395,2023/2/3 20:45,3.38,3.67,2.88
9396,2023/2/3 21:00,3.33,4.05,1.71
9397,2023/2/3 21:15,3.28,2.9,3.15
9398,2023/2/3 21:30,3.23,2.9,3.25
9399,2023/2/3 21:45,3.18,2.14,2.38
9400,2023/2/3 22:00,3.12,3.28,2.01
9401,2023/2/3 22:15,3.07,4.05,0.8
9402,2023/2/3 22:30,3.03,3.28,0.77
9403,2023/2/3 22:45,3,2.52,0.44
9404,2023/2/3 23:00,2.97,3.28,0.6
9405,2023/2/3 23:15,2.95,3.67,1.57
9406,2023/2/3 23:30,2.94,3.28,0.3
9407,2023/2/3 23:45,2.93,2.52,0
9408,2023/2/4 0:00,2.99,2.52,0
9409,2023/2/4 0:15,2.98,1.75,0
9410,2023/2/4 0:30,2.95,1.37,0
9411,2023/2/4 0:45,2.92,1.75,0
9412,2023/2/4 1:00,2.87,2.52,0
9413,2023/2/4 1:15,2.81,1.37,0
9414,2023/2/4 1:30,2.75,0.99,0
9415,2023/2/4 1:45,2.69,1.37,0
9416,2023/2/4 2:00,2.64,0.99,0
9417,2023/2/4 2:15,2.59,0.99,0
9418,2023/2/4 2:30,2.55,0,0
9419,2023/2/4 2:45,2.51,0,0
9420,2023/2/4 3:00,2.49,1.37,0
9421,2023/2/4 3:15,2.47,1.37,0
9422,2023/2/4 3:30,2.46,1.37,0
9423,2023/2/4 3:45,2.46,1.75,0
9424,2023/2/4 4:00,2.46,1.75,0
9425,2023/2/4 4:15,2.48,2.52,0
9426,2023/2/4 4:30,2.51,2.9,0
9427,2023/2/4 4:45,2.57,3.28,0
9428,2023/2/4 5:00,2.64,3.67,0.84
9429,2023/2/4 5:15,2.73,3.67,1
9430,2023/2/4 5:30,2.83,3.67,1.74
9431,2023/2/4 5:45,2.94,3.67,2.28
9432,2023/2/4 6:00,3.45,3.67,1.57
9433,2023/2/4 6:15,3.58,3.67,1.57
9434,2023/2/4 6:30,3.71,2.9,1.04
9435,2023/2/4 6:45,3.83,2.52,0.97
9436,2023/2/4 7:00,3.94,3.28,1.67
9437,2023/2/4 7:15,4.03,3.28,2.18
9438,2023/2/4 7:30,4.12,3.67,3.62
9439,2023/2/4 7:45,4.2,4.43,4.08
9440,2023/2/4 8:00,4.26,3.67,3.48
9441,2023/2/4 8:15,4.32,2.9,3.25
9442,2023/2/4 8:30,4.36,3.28,3.78
9443,2023/2/4 8:45,4.39,2.52,4.15
9444,2023/2/4 9:00,4.41,2.52,4.05
9445,2023/2/4 9:15,4.42,3.28,5.02
9446,2023/2/4 9:30,4.43,2.14,3.11
9447,2023/2/4 9:45,4.43,3.28,2.71
9448,2023/2/4 10:00,4.43,2.9,3.82
9449,2023/2/4 10:15,4.43,4.43,4.08
9450,2023/2/4 10:30,4.44,4.05,3.15
9451,2023/2/4 10:45,4.45,4.05,5.09
9452,2023/2/4 11:00,4.47,4.05,6.73
9453,2023/2/4 11:15,4.5,4.82,10.45
9454,2023/2/4 11:30,4.55,5.58,13.46
9455,2023/2/4 11:45,4.61,3.67,14.4
9456,2023/2/4 12:00,4.77,4.82,10.05
9457,2023/2/4 12:15,4.87,5.58,13.23
9458,2023/2/4 12:30,4.97,4.82,13.29
9459,2023/2/4 12:45,5.09,5.96,14.97
9460,2023/2/4 13:00,5.21,5.2,13.93
9461,2023/2/4 13:15,5.34,5.2,11.25
9462,2023/2/4 13:30,5.47,5.2,10.71
9463,2023/2/4 13:45,5.61,4.43,11.72
9464,2023/2/4 14:00,5.75,6.35,21.46
9465,2023/2/4 14:15,5.89,6.73,30.37
9466,2023/2/4 14:30,6.03,5.2,25.25
9467,2023/2/4 14:45,6.17,7.5,38.51
9468,2023/2/4 15:00,6.31,8.65,36.46
9469,2023/2/4 15:15,6.44,7.88,40.18
9470,2023/2/4 15:30,6.57,7.88,33.45
9471,2023/2/4 15:45,6.7,6.35,25.92
9472,2023/2/4 16:00,6.83,6.73,19.19
9473,2023/2/4 16:15,6.94,6.35,16.27
9474,2023/2/4 16:30,7.06,5.96,13.93
9475,2023/2/4 16:45,7.18,6.73,19.32
9476,2023/2/4 17:00,7.3,7.11,25.51
9477,2023/2/4 17:15,7.43,7.88,30.87
9478,2023/2/4 17:30,7.56,7.88,32.11
9479,2023/2/4 17:45,7.7,8.26,36.53
9480,2023/2/4 18:00,7.9,8.26,37.53
9481,2023/2/4 18:15,8.03,9.41,43.16
9482,2023/2/4 18:30,8.16,10.18,47.41
9483,2023/2/4 18:45,8.29,10.56,48.35
9484,2023/2/4 19:00,8.42,10.56,48.42
9485,2023/2/4 19:15,8.54,10.56,48.08
9486,2023/2/4 19:30,8.66,9.8,48.12
9487,2023/2/4 19:45,8.77,9.8,48.28
9488,2023/2/4 20:00,8.87,9.8,47.41
9489,2023/2/4 20:15,8.97,9.41,48.28
9490,2023/2/4 20:30,9.05,9.41,48.38
9491,2023/2/4 20:45,9.13,10.56,48.55
9492,2023/2/4 21:00,9.19,10.18,48.35
9493,2023/2/4 21:15,9.24,9.8,48.28
9494,2023/2/4 21:30,9.27,11.33,48.48
9495,2023/2/4 21:45,9.29,12.09,48.38
9496,2023/2/4 22:00,9.28,11.71,48.38
9497,2023/2/4 22:15,9.25,12.86,48.38
9498,2023/2/4 22:30,9.22,11.71,48.35
9499,2023/2/4 22:45,9.16,12.48,48.52
9500,2023/2/4 23:00,9.1,12.48,48.42
9501,2023/2/4 23:15,9.01,12.86,48.38
9502,2023/2/4 23:30,8.92,13.24,48.48
9503,2023/2/4 23:45,8.81,14.01,48.42
9504,2023/2/5 0:00,8.69,13.24,48.52
9505,2023/2/5 0:15,8.55,10.94,48.38
9506,2023/2/5 0:30,8.41,12.09,48.55
9507,2023/2/5 0:45,8.25,10.94,48.42
9508,2023/2/5 1:00,8.08,11.33,48.35
9509,2023/2/5 1:15,7.9,10.18,47.48
9510,2023/2/5 1:30,7.72,9.8,44.83
9511,2023/2/5 1:45,7.55,8.65,43.13
9512,2023/2/5 2:00,7.37,9.03,41.85
9513,2023/2/5 2:15,7.19,9.03,42.36
9514,2023/2/5 2:30,7.02,8.26,38
9515,2023/2/5 2:45,6.85,8.65,37.9
9516,2023/2/5 3:00,6.68,8.26,38.51
9517,2023/2/5 3:15,6.52,7.5,41.18
9518,2023/2/5 3:30,6.37,5.58,42.19
9519,2023/2/5 3:45,6.24,7.5,38.04
9520,2023/2/5 4:00,6.13,7.88,35.12
9521,2023/2/5 4:15,6.04,8.26,39.24
9522,2023/2/5 4:30,5.96,9.03,37.47
9523,2023/2/5 4:45,5.91,7.88,24.14
9524,2023/2/5 5:00,5.87,7.11,17.91
9525,2023/2/5 5:15,5.85,6.73,9.17
9526,2023/2/5 5:30,5.85,5.2,9.04
9527,2023/2/5 5:45,5.87,5.96,18.42
9528,2023/2/5 6:00,6.17,8.26,31.71
9529,2023/2/5 6:15,6.22,7.11,38.54
9530,2023/2/5 6:30,6.27,5.96,42.06
9531,2023/2/5 6:45,6.31,5.96,39.01
9532,2023/2/5 7:00,6.34,4.05,35.16
9533,2023/2/5 7:15,6.36,5.2,31.74
9534,2023/2/5 7:30,6.37,5.96,28.26
9535,2023/2/5 7:45,6.35,5.2,29.06
9536,2023/2/5 8:00,6.31,6.35,27.59
9537,2023/2/5 8:15,6.25,6.35,19.89
9538,2023/2/5 8:30,6.18,7.11,14.46
9539,2023/2/5 8:45,6.08,6.73,8.5
9540,2023/2/5 9:00,5.97,4.43,5.29
9541,2023/2/5 9:15,5.84,5.96,4.65
9542,2023/2/5 9:30,5.72,4.43,3.78
9543,2023/2/5 9:45,5.59,4.82,4.45
9544,2023/2/5 10:00,5.46,4.43,4.75
9545,2023/2/5 10:15,5.34,5.2,5.22
9546,2023/2/5 10:30,5.22,4.82,5.49
9547,2023/2/5 10:45,5.12,5.2,8
9548,2023/2/5 11:00,5.04,5.58,10.55
9549,2023/2/5 11:15,4.97,5.2,10.98
9550,2023/2/5 11:30,4.9,5.58,13.26
9551,2023/2/5 11:45,4.85,4.82,14.97
9552,2023/2/5 12:00,4.79,4.43,17.24
9553,2023/2/5 12:15,4.77,7.5,16.88
9554,2023/2/5 12:30,4.75,6.35,15.6
9555,2023/2/5 12:45,4.75,4.82,12.86
9556,2023/2/5 13:00,4.77,5.58,12.79
9557,2023/2/5 13:15,4.79,5.58,10.98
9558,2023/2/5 13:30,4.82,4.82,12.29
9559,2023/2/5 13:45,4.84,5.2,9.07
9560,2023/2/5 14:00,4.86,4.43,8.17
9561,2023/2/5 14:15,4.87,4.43,12.66
9562,2023/2/5 14:30,4.89,4.43,15.23
9563,2023/2/5 14:45,4.91,5.2,14.3
9564,2023/2/5 15:00,4.93,5.58,14.33
9565,2023/2/5 15:15,4.96,6.35,12.76
9566,2023/2/5 15:30,4.98,5.2,12.25
9567,2023/2/5 15:45,5,4.82,7.5
9568,2023/2/5 16:00,5.03,5.2,8.54
9569,2023/2/5 16:15,5.05,4.82,7.94
9570,2023/2/5 16:30,5.07,4.05,8.94
9571,2023/2/5 16:45,5.09,4.05,10.68
9572,2023/2/5 17:00,5.1,4.43,10.11
9573,2023/2/5 17:15,5.11,5.2,10.25
9574,2023/2/5 17:30,5.11,6.35,10.11
9575,2023/2/5 17:45,5.11,5.2,10.15
9576,2023/2/5 18:00,5.19,5.58,10.48
9577,2023/2/5 18:15,5.17,5.2,10.11
9578,2023/2/5 18:30,5.13,5.2,8.71
9579,2023/2/5 18:45,5.08,5.58,9.11
9580,2023/2/5 19:00,5.02,5.58,7.67
9581,2023/2/5 19:15,4.94,6.35,8.34
9582,2023/2/5 19:30,4.85,5.58,6.5
9583,2023/2/5 19:45,4.75,5.2,6.03
9584,2023/2/5 20:00,4.63,5.96,5.52
9585,2023/2/5 20:15,4.5,2.14,5.19
9586,2023/2/5 20:30,4.36,0.99,5.42
9587,2023/2/5 20:45,4.2,3.28,7.27
9588,2023/2/5 21:00,4.03,1.75,6.9
9589,2023/2/5 21:15,3.84,2.52,4.62
9590,2023/2/5 21:30,3.64,2.9,3.62
9591,2023/2/5 21:45,3.43,4.43,2.88
9592,2023/2/5 22:00,3.21,3.67,2.24
9593,2023/2/5 22:15,2.99,3.67,1.17
9594,2023/2/5 22:30,2.78,2.52,0
9595,2023/2/5 22:45,2.58,2.52,0
9596,2023/2/5 23:00,2.39,2.14,0
9597,2023/2/5 23:15,2.21,1.37,0
9598,2023/2/5 23:30,2.05,1.75,0
9599,2023/2/5 23:45,1.92,1.37,0
9600,2023/2/6 0:00,1.81,1.37,0
9601,2023/2/6 0:15,1.72,2.52,0
9602,2023/2/6 0:30,1.65,2.14,0
9603,2023/2/6 0:45,1.61,2.14,0
9604,2023/2/6 1:00,1.59,0.6,0
9605,2023/2/6 1:15,1.59,1.37,0
9606,2023/2/6 1:30,1.61,2.52,0
9607,2023/2/6 1:45,1.66,3.28,0
9608,2023/2/6 2:00,1.72,2.14,0
9609,2023/2/6 2:15,1.79,1.75,0
9610,2023/2/6 2:30,1.87,1.37,0
9611,2023/2/6 2:45,1.97,2.52,0
9612,2023/2/6 3:00,2.07,2.9,0
9613,2023/2/6 3:15,2.18,2.9,0
9614,2023/2/6 3:30,2.29,3.67,0.07
9615,2023/2/6 3:45,2.42,3.28,1.17
9616,2023/2/6 4:00,2.55,4.82,5.56
9617,2023/2/6 4:15,2.69,5.2,5.02
9618,2023/2/6 4:30,2.84,4.82,3.85
9619,2023/2/6 4:45,3,4.05,6.6
9620,2023/2/6 5:00,3.17,5.58,10.21
9621,2023/2/6 5:15,3.35,5.58,13.03
9622,2023/2/6 5:30,3.53,5.96,14.2
9623,2023/2/6 5:45,3.72,7.11,18.88
9624,2023/2/6 6:00,4.2,5.96,15.64
9625,2023/2/6 6:15,4.39,5.96,18.08
9626,2023/2/6 6:30,4.56,7.5,27.36
9627,2023/2/6 6:45,4.72,7.5,29.3
9628,2023/2/6 7:00,4.86,7.88,35.89
9629,2023/2/6 7:15,4.99,8.26,35.19
9630,2023/2/6 7:30,5.09,9.03,39.18
9631,2023/2/6 7:45,5.18,9.8,39.71
9632,2023/2/6 8:00,5.25,9.41,41.49
9633,2023/2/6 8:15,5.3,8.65,39.08
9634,2023/2/6 8:30,5.33,8.65,32.71
9635,2023/2/6 8:45,5.35,7.88,32.95
9636,2023/2/6 9:00,5.34,7.5,26.42
9637,2023/2/6 9:15,5.31,6.73,21.26
9638,2023/2/6 9:30,5.28,5.96,20.29
9639,2023/2/6 9:45,5.23,7.11,17.28
9640,2023/2/6 10:00,5.18,5.96,16.54
9641,2023/2/6 10:15,5.11,5.58,13.9
9642,2023/2/6 10:30,5.05,5.2,8.94
9643,2023/2/6 10:45,5,5.2,7.5
9644,2023/2/6 11:00,4.94,4.82,8.2
9645,2023/2/6 11:15,4.9,5.58,11.55
9646,2023/2/6 11:30,4.85,4.82,12.36
9647,2023/2/6 11:45,4.81,4.05,15.3
9648,2023/2/6 12:00,4.83,5.96,16.67
9649,2023/2/6 12:15,4.8,4.82,16.67
9650,2023/2/6 12:30,4.77,3.67,16.71
9651,2023/2/6 12:45,4.75,5.2,16.61
9652,2023/2/6 13:00,4.72,5.2,12.86
9653,2023/2/6 13:15,4.7,5.58,14.1
9654,2023/2/6 13:30,4.68,5.96,19.49
9655,2023/2/6 13:45,4.64,6.73,20.73
9656,2023/2/6 14:00,4.61,5.58,19.89
9657,2023/2/6 14:15,4.57,4.82,13.8
9658,2023/2/6 14:30,4.53,4.05,7.17
9659,2023/2/6 14:45,4.49,4.05,7.77
9660,2023/2/6 15:00,4.45,4.43,5.09
9661,2023/2/6 15:15,4.41,3.67,4.92
9662,2023/2/6 15:30,4.36,4.05,4.92
9663,2023/2/6 15:45,4.31,2.9,4.15
9664,2023/2/6 16:00,4.25,3.67,3.48
9665,2023/2/6 16:15,4.18,2.52,1.51
9666,2023/2/6 16:30,4.12,2.14,1.14
9667,2023/2/6 16:45,4.05,2.14,1.1
9668,2023/2/6 17:00,3.98,2.52,1.54
9669,2023/2/6 17:15,3.92,2.9,2.41
9670,2023/2/6 17:30,3.85,3.28,3.45
9671,2023/2/6 17:45,3.78,3.67,2.68
9672,2023/2/6 18:00,3.46,2.9,2.31
9673,2023/2/6 18:15,3.4,2.14,1.74
9674,2023/2/6 18:30,3.34,2.14,1.88
9675,2023/2/6 18:45,3.27,2.14,1.24
9676,2023/2/6 19:00,3.2,2.14,0.8
9677,2023/2/6 19:15,3.14,1.37,0.7
9678,2023/2/6 19:30,3.09,2.52,0.33
9679,2023/2/6 19:45,3.05,2.52,0
9680,2023/2/6 20:00,3.02,2.14,0
9681,2023/2/6 20:15,3.02,1.37,0
9682,2023/2/6 20:30,3.03,1.37,0
9683,2023/2/6 20:45,3.06,0.99,0
9684,2023/2/6 21:00,3.11,1.37,0
9685,2023/2/6 21:15,3.18,1.37,0
9686,2023/2/6 21:30,3.26,2.14,0
9687,2023/2/6 21:45,3.35,3.28,0
9688,2023/2/6 22:00,3.44,3.28,0.33
9689,2023/2/6 22:15,3.54,3.67,3.28
9690,2023/2/6 22:30,3.64,4.82,4.69
9691,2023/2/6 22:45,3.76,5.2,7.5
9692,2023/2/6 23:00,3.89,4.82,8.81
9693,2023/2/6 23:15,4.02,5.58,9.31
9694,2023/2/6 23:30,4.15,5.2,10.58
9695,2023/2/6 23:45,4.3,5.96,10.58
9696,2023/2/7 0:00,4.42,6.35,14.4
9697,2023/2/7 0:15,4.58,6.73,23.51
9698,2023/2/7 0:30,4.72,7.11,23.77
9699,2023/2/7 0:45,4.85,8.26,34.45
9700,2023/2/7 1:00,4.96,9.41,35.22
9701,2023/2/7 1:15,5.05,8.65,37.53
9702,2023/2/7 1:30,5.13,8.26,29.77
9703,2023/2/7 1:45,5.21,7.11,19.39
9704,2023/2/7 2:00,5.28,7.5,19.29
9705,2023/2/7 2:15,5.35,6.73,15
9706,2023/2/7 2:30,5.41,6.35,12.79
9707,2023/2/7 2:45,5.46,5.96,14.57
9708,2023/2/7 3:00,5.51,6.73,15.13
9709,2023/2/7 3:15,5.56,5.96,15.84
9710,2023/2/7 3:30,5.59,6.73,21.66
9711,2023/2/7 3:45,5.61,7.11,23.44
9712,2023/2/7 4:00,5.6,7.88,33.45
9713,2023/2/7 4:15,5.58,8.65,36.73
9714,2023/2/7 4:30,5.55,7.11,34.45
9715,2023/2/7 4:45,5.52,7.5,30.87
9716,2023/2/7 5:00,5.48,7.5,27.93
9717,2023/2/7 5:15,5.43,7.5,27.56
9718,2023/2/7 5:30,5.38,7.5,26.49
9719,2023/2/7 5:45,5.31,6.35,20.86
9720,2023/2/7 6:00,5.24,6.35,16.67
9721,2023/2/7 6:15,5.1,5.96,13.39
9722,2023/2/7 6:30,4.96,5.58,12.79
9723,2023/2/7 6:45,4.8,5.2,9.04
9724,2023/2/7 7:00,4.65,4.82,8.44
9725,2023/2/7 7:15,4.49,4.43,7
9726,2023/2/7 7:30,4.33,4.05,6.5
9727,2023/2/7 7:45,4.17,4.05,5.52
9728,2023/2/7 8:00,4.01,3.67,4.55
9729,2023/2/7 8:15,3.86,3.67,3.55
9730,2023/2/7 8:30,3.71,3.28,2.28
9731,2023/2/7 8:45,3.57,2.52,1.88
9732,2023/2/7 9:00,3.43,2.9,1.91
9733,2023/2/7 9:15,3.3,2.9,1.1
9734,2023/2/7 9:30,3.19,2.9,0.64
9735,2023/2/7 9:45,3.09,2.9,0.84
9736,2023/2/7 10:00,3,1.37,0.2
9737,2023/2/7 10:15,2.93,2.14,0
9738,2023/2/7 10:30,2.88,2.9,0
9739,2023/2/7 10:45,2.85,2.14,0
9740,2023/2/7 11:00,2.83,2.9,0
9741,2023/2/7 11:15,2.82,2.9,0
9742,2023/2/7 11:30,2.83,2.52,0
9743,2023/2/7 11:45,2.85,2.14,0
9744,2023/2/7 12:00,2.92,2.14,0
9745,2023/2/7 12:15,2.96,2.52,0
9746,2023/2/7 12:30,3,2.14,0
9747,2023/2/7 12:45,3.05,2.14,0
9748,2023/2/7 13:00,3.1,2.9,0
9749,2023/2/7 13:15,3.16,2.9,0
9750,2023/2/7 13:30,3.21,1.75,0
9751,2023/2/7 13:45,3.25,2.52,0
9752,2023/2/7 14:00,3.29,2.52,0
9753,2023/2/7 14:15,3.33,2.9,0
9754,2023/2/7 14:30,3.37,2.9,0
9755,2023/2/7 14:45,3.4,2.52,0
9756,2023/2/7 15:00,3.43,2.9,0
9757,2023/2/7 15:15,3.46,2.52,0
9758,2023/2/7 15:30,3.49,3.28,0
9759,2023/2/7 15:45,3.52,3.67,0
9760,2023/2/7 16:00,3.55,3.28,0
9761,2023/2/7 16:15,3.59,3.28,0.7
9762,2023/2/7 16:30,3.63,3.28,1.14
9763,2023/2/7 16:45,3.68,4.05,2.04
9764,2023/2/7 17:00,3.73,4.43,6.5
9765,2023/2/7 17:15,3.79,4.82,10.35
9766,2023/2/7 17:30,3.86,5.2,15
9767,2023/2/7 17:45,3.94,6.35,18.52
9768,2023/2/7 18:00,4.37,6.73,17.88
9769,2023/2/7 18:15,4.47,5.96,17.01
9770,2023/2/7 18:30,4.57,5.96,16.61
9771,2023/2/7 18:45,4.68,6.35,18.25
9772,2023/2/7 19:00,4.79,6.35,21.09
9773,2023/2/7 19:15,4.91,6.73,22.4
9774,2023/2/7 19:30,5.05,7.11,25.11
9775,2023/2/7 19:45,5.2,7.11,24.78
9776,2023/2/7 20:00,5.36,7.5,25.75
9777,2023/2/7 20:15,5.53,7.11,28.23
9778,2023/2/7 20:30,5.7,8.26,35.83
9779,2023/2/7 20:45,5.89,8.65,31.71
9780,2023/2/7 21:00,6.08,7.88,28.23
9781,2023/2/7 21:15,6.27,9.03,37.84
9782,2023/2/7 21:30,6.45,8.26,29
9783,2023/2/7 21:45,6.63,7.88,26.65
9784,2023/2/7 22:00,6.81,7.5,31.84
9785,2023/2/7 22:15,6.97,7.88,32.51
9786,2023/2/7 22:30,7.13,7.11,40.31
9787,2023/2/7 22:45,7.29,7.11,39.81
9788,2023/2/7 23:00,7.44,7.88,38.87
9789,2023/2/7 23:15,7.59,9.03,41.42
9790,2023/2/7 23:30,7.73,8.26,42.36
9791,2023/2/7 23:45,7.85,8.26,43.09
9792,2023/2/8 0:00,7.92,8.65,46.68
9793,2023/2/8 0:15,8.03,10.56,48.45
9794,2023/2/8 0:30,8.13,9.8,48.18
9795,2023/2/8 0:45,8.21,10.56,48.45
9796,2023/2/8 1:00,8.28,8.65,47.81
9797,2023/2/8 1:15,8.33,4.43,47.71
9798,2023/2/8 1:30,8.36,8.26,45.4
9799,2023/2/8 1:45,8.37,9.8,43.9
9800,2023/2/8 2:00,8.37,10.56,47.88
9801,2023/2/8 2:15,8.35,10.56,48.32
9802,2023/2/8 2:30,8.31,9.03,48.68
9803,2023/2/8 2:45,8.25,9.03,40.85
9804,2023/2/8 3:00,8.17,9.03,38.77
9805,2023/2/8 3:15,8.08,9.03,38.24
9806,2023/2/8 3:30,7.98,9.03,43.9
9807,2023/2/8 3:45,7.88,9.41,44.83
9808,2023/2/8 4:00,7.76,9.41,45.2
9809,2023/2/8 4:15,7.63,8.65,42.49
9810,2023/2/8 4:30,7.49,8.65,41.18
9811,2023/2/8 4:45,7.36,7.5,40.01
9812,2023/2/8 5:00,7.22,7.88,40.31
9813,2023/2/8 5:15,7.08,9.03,39.04
9814,2023/2/8 5:30,6.94,8.26,40.72
9815,2023/2/8 5:45,6.81,8.65,39.78
9816,2023/2/8 6:00,6.9,8.26,37.6
9817,2023/2/8 6:15,6.76,5.96,37.37
9818,2023/2/8 6:30,6.61,4.43,40.01
9819,2023/2/8 6:45,6.45,4.05,37.8
9820,2023/2/8 7:00,6.3,5.2,37.8
9821,2023/2/8 7:15,6.14,6.35,33.68
9822,2023/2/8 7:30,5.98,6.73,26.95
9823,2023/2/8 7:45,5.81,5.58,24.84
9824,2023/2/8 8:00,5.64,5.58,21.33
9825,2023/2/8 8:15,5.48,4.43,17.14
9826,2023/2/8 8:30,5.31,2.9,12.22
9827,2023/2/8 8:45,5.14,4.05,7.27
9828,2023/2/8 9:00,4.98,4.05,5.93
9829,2023/2/8 9:15,4.82,5.2,4.89
9830,2023/2/8 9:30,4.67,4.43,5.63
9831,2023/2/8 9:45,4.54,4.05,4.72
9832,2023/2/8 10:00,4.42,4.05,5.49
9833,2023/2/8 10:15,4.32,3.28,4.89
9834,2023/2/8 10:30,4.23,3.67,6.36
9835,2023/2/8 10:45,4.17,3.67,5.56
9836,2023/2/8 11:00,4.13,4.05,3.55
9837,2023/2/8 11:15,4.1,4.05,4.42
9838,2023/2/8 11:30,4.1,3.67,5.52
9839,2023/2/8 11:45,4.11,3.28,3.78
9840,2023/2/8 12:00,4.11,4.05,4.32
9841,2023/2/8 12:15,4.15,3.67,3.88
9842,2023/2/8 12:30,4.2,3.67,4.52
9843,2023/2/8 12:45,4.26,4.43,7.13
9844,2023/2/8 13:00,4.32,2.52,5.22
9845,2023/2/8 13:15,4.4,3.28,5.16
9846,2023/2/8 13:30,4.48,4.43,5.36
9847,2023/2/8 13:45,4.55,5.2,4.96
9848,2023/2/8 14:00,4.61,3.28,2.18
9849,2023/2/8 14:15,4.67,3.28,1.14
9850,2023/2/8 14:30,4.73,3.28,2.28
9851,2023/2/8 14:45,4.79,3.67,1.54
9852,2023/2/8 15:00,4.84,4.43,1.91
9853,2023/2/8 15:15,4.88,1.37,2.14
9854,2023/2/8 15:30,4.92,2.9,1.94
9855,2023/2/8 15:45,4.94,3.28,3.52
9856,2023/2/8 16:00,4.95,2.52,3.18
9857,2023/2/8 16:15,4.94,1.75,4.25
9858,2023/2/8 16:30,4.91,3.67,5.02
9859,2023/2/8 16:45,4.87,2.14,6.4
9860,2023/2/8 17:00,4.81,3.28,5.52
9861,2023/2/8 17:15,4.74,1.75,4.55
9862,2023/2/8 17:30,4.64,3.28,3.55
9863,2023/2/8 17:45,4.53,4.05,2.88
9864,2023/2/8 18:00,4.17,3.28,1.47
9865,2023/2/8 18:15,4.01,3.28,0.74
9866,2023/2/8 18:30,3.84,2.52,0.03
9867,2023/2/8 18:45,3.67,2.14,0
9868,2023/2/8 19:00,3.49,1.37,0
9869,2023/2/8 19:15,3.32,0.99,0
9870,2023/2/8 19:30,3.15,0,0
9871,2023/2/8 19:45,3,0,0
9872,2023/2/8 20:00,2.87,0,0
9873,2023/2/8 20:15,2.75,1.37,0
9874,2023/2/8 20:30,2.65,1.37,0
9875,2023/2/8 20:45,2.59,1.75,0
9876,2023/2/8 21:00,2.55,3.28,0
9877,2023/2/8 21:15,2.54,2.9,0.4
9878,2023/2/8 21:30,2.55,3.28,2.44
9879,2023/2/8 21:45,2.59,4.82,6.53
9880,2023/2/8 22:00,2.65,5.58,9.81
9881,2023/2/8 22:15,2.72,5.2,8.54
9882,2023/2/8 22:30,2.8,5.2,9.91
9883,2023/2/8 22:45,2.87,5.58,11.28
9884,2023/2/8 23:00,2.95,5.58,10.08
9885,2023/2/8 23:15,3.03,5.2,9.61
9886,2023/2/8 23:30,3.1,5.2,12.05
9887,2023/2/8 23:45,3.16,5.58,10.28
9888,2023/2/9 0:00,3.19,5.2,10.05
9889,2023/2/9 0:15,3.24,6.73,23.27
9890,2023/2/9 0:30,3.27,8.26,28.8
9891,2023/2/9 0:45,3.28,8.26,37.94
9892,2023/2/9 1:00,3.28,7.5,29.1
9893,2023/2/9 1:15,3.26,9.03,37.67
9894,2023/2/9 1:30,3.23,8.26,33.45
9895,2023/2/9 1:45,3.2,10.18,38.41
9896,2023/2/9 2:00,3.16,9.8,41.55
9897,2023/2/9 2:15,3.12,9.41,40.68
9898,2023/2/9 2:30,3.08,7.88,27.32
9899,2023/2/9 2:45,3.04,6.73,17.65
9900,2023/2/9 3:00,3,5.96,13.69
9901,2023/2/9 3:15,2.96,5.2,10.25
9902,2023/2/9 3:30,2.92,4.05,6.46
9903,2023/2/9 3:45,2.89,4.05,3.08
9904,2023/2/9 4:00,2.86,2.9,1.31
9905,2023/2/9 4:15,2.85,1.37,0
9906,2023/2/9 4:30,2.85,0,0
9907,2023/2/9 4:45,2.88,1.37,0
9908,2023/2/9 5:00,2.92,0.99,0
9909,2023/2/9 5:15,2.99,1.75,0
9910,2023/2/9 5:30,3.07,1.75,0
9911,2023/2/9 5:45,3.18,2.52,0
9912,2023/2/9 6:00,3.23,3.67,0
9913,2023/2/9 6:15,3.22,3.67,0
9914,2023/2/9 6:30,3.2,2.9,0
9915,2023/2/9 6:45,3.19,3.67,1.41
9916,2023/2/9 7:00,3.17,3.28,1.91
9917,2023/2/9 7:15,3.16,1.75,2.31
9918,2023/2/9 7:30,3.15,2.52,2.01
9919,2023/2/9 7:45,3.13,3.67,2.65
9920,2023/2/9 8:00,3.11,4.82,2.04
9921,2023/2/9 8:15,3.1,4.05,3.01
9922,2023/2/9 8:30,3.08,3.28,3.35
9923,2023/2/9 8:45,3.07,3.28,5.49
9924,2023/2/9 9:00,3.07,2.14,5.96
9925,2023/2/9 9:15,3.07,2.52,5.59
9926,2023/2/9 9:30,3.08,3.67,5.49
9927,2023/2/9 9:45,3.08,3.28,4.92
9928,2023/2/9 10:00,3.09,2.14,3.18
9929,2023/2/9 10:15,3.09,3.67,2.31
9930,2023/2/9 10:30,3.1,2.52,2.58
9931,2023/2/9 10:45,3.12,1.37,2.54
9932,2023/2/9 11:00,3.15,1.37,3.82
9933,2023/2/9 11:15,3.18,2.52,5.66
9934,2023/2/9 11:30,3.22,2.14,8.87
9935,2023/2/9 11:45,3.26,4.43,21.16
9936,2023/2/9 12:00,3.29,4.82,29.57
9937,2023/2/9 12:15,3.34,7.11,29.43
9938,2023/2/9 12:30,3.38,5.58,26.42
9939,2023/2/9 12:45,3.43,4.82,26.79
9940,2023/2/9 13:00,3.47,2.14,20.42
9941,2023/2/9 13:15,3.52,5.96,19.86
9942,2023/2/9 13:30,3.57,3.28,14.16
9943,2023/2/9 13:45,3.62,1.37,6.96
9944,2023/2/9 14:00,3.68,3.28,10.85
9945,2023/2/9 14:15,3.75,5.96,17.65
9946,2023/2/9 14:30,3.83,7.11,19.15
9947,2023/2/9 14:45,3.92,6.73,19.99
9948,2023/2/9 15:00,4.02,5.58,17.18
9949,2023/2/9 15:15,4.13,5.2,11.48
9950,2023/2/9 15:30,4.26,4.05,6.76
9951,2023/2/9 15:45,4.41,1.75,5.22
9952,2023/2/9 16:00,4.57,2.52,8.3
9953,2023/2/9 16:15,4.75,2.14,7.77
9954,2023/2/9 16:30,4.94,1.75,5.32
9955,2023/2/9 16:45,5.14,2.14,6.5
9956,2023/2/9 17:00,5.35,1.75,7.53
9957,2023/2/9 17:15,5.57,2.52,8.57
9958,2023/2/9 17:30,5.78,2.9,12.52
9959,2023/2/9 17:45,6.01,5.2,12.39
9960,2023/2/9 18:00,6.8,6.35,17.95
9961,2023/2/9 18:15,6.97,5.2,21.7
9962,2023/2/9 18:30,7.14,5.96,26.82
9963,2023/2/9 18:45,7.29,6.35,30.2
9964,2023/2/9 19:00,7.44,4.82,36.16
9965,2023/2/9 19:15,7.57,5.2,37.74
9966,2023/2/9 19:30,7.69,6.73,43.29
9967,2023/2/9 19:45,7.8,7.11,46.64
9968,2023/2/9 20:00,7.9,7.11,46.37
9969,2023/2/9 20:15,7.98,6.35,45.81
9970,2023/2/9 20:30,8.05,7.11,45.6
9971,2023/2/9 20:45,8.12,7.5,45.27
9972,2023/2/9 21:00,8.17,5.96,42.83
9973,2023/2/9 21:15,8.2,5.2,43.19
9974,2023/2/9 21:30,8.24,7.88,46.04
9975,2023/2/9 21:45,8.27,5.58,46.51
9976,2023/2/9 22:00,8.29,5.96,46.24
9977,2023/2/9 22:15,8.3,6.35,38.1
9978,2023/2/9 22:30,8.31,8.26,43.16
9979,2023/2/9 22:45,8.31,7.88,20.76
9980,2023/2/9 23:00,8.3,2.14,19.79
9981,2023/2/9 23:15,8.29,7.11,38.74
9982,2023/2/9 23:30,8.27,5.58,29.4
9983,2023/2/9 23:45,8.23,5.2,26.32
9984,2023/2/10 0:00,8.13,4.05,28.66
9985,2023/2/10 0:15,8.08,3.28,22.9
9986,2023/2/10 0:30,8.02,2.9,20.49
9987,2023/2/10 0:45,7.97,4.82,20.93
9988,2023/2/10 1:00,7.92,4.82,21.5
9989,2023/2/10 1:15,7.86,2.52,25.58
9990,2023/2/10 1:30,7.8,6.35,22.37
9991,2023/2/10 1:45,7.74,3.67,22.67
9992,2023/2/10 2:00,7.68,3.28,21.66
9993,2023/2/10 2:15,7.61,3.67,21.3
9994,2023/2/10 2:30,7.54,6.73,29.97
9995,2023/2/10 2:45,7.47,4.82,31.41
9996,2023/2/10 3:00,7.4,8.26,29.83
9997,2023/2/10 3:15,7.32,7.5,31.68
9998,2023/2/10 3:30,7.25,7.11,33.95
9999,2023/2/10 3:45,7.18,8.26,33.99
10000,2023/2/10 4:00,7.12,7.11,31.57
10001,2023/2/10 4:15,7.06,7.88,28.59
10002,2023/2/10 4:30,7.01,7.11,27.16
10003,2023/2/10 4:45,6.95,7.11,25.11
10004,2023/2/10 5:00,6.89,8.65,25.15
10005,2023/2/10 5:15,6.83,6.73,24.51
10006,2023/2/10 5:30,6.78,8.26,24.14
10007,2023/2/10 5:45,6.72,7.11,23.4
10008,2023/2/10 6:00,6.51,7.5,23.34
10009,2023/2/10 6:15,6.45,7.11,23.1
10010,2023/2/10 6:30,6.39,6.73,24.14
10011,2023/2/10 6:45,6.32,7.11,23.51
10012,2023/2/10 7:00,6.25,6.73,19.92
10013,2023/2/10 7:15,6.17,6.35,19.96
10014,2023/2/10 7:30,6.09,5.96,17.75
10015,2023/2/10 7:45,6.02,5.96,14.53
10016,2023/2/10 8:00,5.93,6.73,18.78
10017,2023/2/10 8:15,5.85,6.73,17.68
10018,2023/2/10 8:30,5.77,5.96,18.25
10019,2023/2/10 8:45,5.69,5.96,19.12
10020,2023/2/10 9:00,5.61,6.35,15.77
10021,2023/2/10 9:15,5.53,4.43,9.34
10022,2023/2/10 9:30,5.46,4.82,7.8
10023,2023/2/10 9:45,5.38,5.2,12.79
10024,2023/2/10 10:00,5.3,7.11,18.15
10025,2023/2/10 10:15,5.23,6.35,19.35
10026,2023/2/10 10:30,5.16,7.11,23.17
10027,2023/2/10 10:45,5.08,6.35,21.4
10028,2023/2/10 11:00,5.01,7.11,19.52
10029,2023/2/10 11:15,4.94,6.73,16.74
10030,2023/2/10 11:30,4.87,5.58,14.93
10031,2023/2/10 11:45,4.8,6.73,13.19
10032,2023/2/10 12:00,4.76,5.58,10.71
10033,2023/2/10 12:15,4.68,5.2,10.58
10034,2023/2/10 12:30,4.61,5.58,10.65
10035,2023/2/10 12:45,4.53,5.96,10.28
10036,2023/2/10 13:00,4.44,5.2,11.65
10037,2023/2/10 13:15,4.35,5.58,10.35
10038,2023/2/10 13:30,4.26,5.96,14.9
10039,2023/2/10 13:45,4.17,5.2,0
10040,2023/2/10 14:00,4.07,6.35,0
10041,2023/2/10 14:15,3.97,5.96,0
10042,2023/2/10 14:30,3.87,5.58,0
10043,2023/2/10 14:45,3.77,6.35,0
10044,2023/2/10 15:00,3.67,3.67,0
10045,2023/2/10 15:15,3.56,5.2,0
10046,2023/2/10 15:30,3.45,4.82,0
10047,2023/2/10 15:45,3.33,4.43,0
10048,2023/2/10 16:00,3.21,4.43,0
10049,2023/2/10 16:15,3.08,5.96,0
10050,2023/2/10 16:30,2.96,5.2,0
10051,2023/2/10 16:45,2.85,4.05,0
10052,2023/2/10 17:00,2.75,4.43,0
10053,2023/2/10 17:15,2.67,4.05,0
10054,2023/2/10 17:30,2.6,4.43,0
10055,2023/2/10 17:45,2.56,4.43,0
10056,2023/2/10 18:00,2.6,3.67,0
10057,2023/2/10 18:15,2.61,4.05,0
10058,2023/2/10 18:30,2.63,4.05,0
10059,2023/2/10 18:45,2.68,1.75,5.49
10060,2023/2/10 19:00,2.75,1.75,7.87
10061,2023/2/10 19:15,2.84,2.9,9.48
10062,2023/2/10 19:30,2.94,2.9,13.29
10063,2023/2/10 19:45,3.07,2.9,15.37
10064,2023/2/10 20:00,3.2,4.82,16.98
10065,2023/2/10 20:15,3.35,4.43,14.6
10066,2023/2/10 20:30,3.51,3.28,14.5
10067,2023/2/10 20:45,3.68,2.9,16.14
10068,2023/2/10 21:00,3.86,4.05,20.69
10069,2023/2/10 21:15,4.03,4.05,23.67
10070,2023/2/10 21:30,4.22,4.43,26.92
10071,2023/2/10 21:45,4.4,5.2,27.42
10072,2023/2/10 22:00,4.58,7.11,25.31
10073,2023/2/10 22:15,4.76,4.82,24.04
10074,2023/2/10 22:30,4.94,5.96,24.11
10075,2023/2/10 22:45,5.11,5.96,24.01
10076,2023/2/10 23:00,5.28,6.35,23.94
10077,2023/2/10 23:15,5.45,8.26,24.41
10078,2023/2/10 23:30,5.62,8.26,24.38
10079,2023/2/10 23:45,5.78,5.58,30.5
10080,2023/2/11 0:00,6,8.65,36.83
10081,2023/2/11 0:15,6.17,7.11,38.47
10082,2023/2/11 0:30,6.32,9.03,38.1
10083,2023/2/11 0:45,6.48,6.35,36.8
10084,2023/2/11 1:00,6.62,6.35,34.86
10085,2023/2/11 1:15,6.76,5.96,36.5
10086,2023/2/11 1:30,6.89,6.73,38.74
10087,2023/2/11 1:45,7.01,5.96,38.77
10088,2023/2/11 2:00,7.12,5.96,38.71
10089,2023/2/11 2:15,7.21,6.35,38.97
10090,2023/2/11 2:30,7.3,6.35,38.44
10091,2023/2/11 2:45,7.38,4.43,38.31
10092,2023/2/11 3:00,7.45,4.82,39.58
10093,2023/2/11 3:15,7.52,5.58,39.95
10094,2023/2/11 3:30,7.57,4.82,41.05
10095,2023/2/11 3:45,7.63,5.96,40.58
10096,2023/2/11 4:00,7.67,6.35,38.1
10097,2023/2/11 4:15,7.71,4.82,38.27
10098,2023/2/11 4:30,7.75,6.35,36.33
10099,2023/2/11 4:45,7.78,6.73,33.82
10100,2023/2/11 5:00,7.81,6.73,31.21
10101,2023/2/11 5:15,7.83,5.96,38.71
10102,2023/2/11 5:30,7.85,8.65,45.91
10103,2023/2/11 5:45,7.87,9.03,48.28
10104,2023/2/11 6:00,7.81,9.03,47.01
10105,2023/2/11 6:15,7.85,7.11,44.87
10106,2023/2/11 6:30,7.87,5.96,45
10107,2023/2/11 6:45,7.89,5.96,41.89
10108,2023/2/11 7:00,7.9,4.82,38.61
10109,2023/2/11 7:15,7.89,5.96,36.76
10110,2023/2/11 7:30,7.88,6.73,37.1
10111,2023/2/11 7:45,7.85,9.41,39.51
10112,2023/2/11 8:00,7.81,10.94,40.15
10113,2023/2/11 8:15,7.75,6.73,28.86
10114,2023/2/11 8:30,7.69,8.26,27.99
10115,2023/2/11 8:45,7.61,8.26,31.07
10116,2023/2/11 9:00,7.52,7.11,27.19
10117,2023/2/11 9:15,7.41,7.5,29.5
10118,2023/2/11 9:30,7.3,6.35,27.02
10119,2023/2/11 9:45,7.18,7.11,23.2
10120,2023/2/11 10:00,7.05,5.58,21.06
10121,2023/2/11 10:15,6.92,6.73,23.81
10122,2023/2/11 10:30,6.79,7.11,32.45
10123,2023/2/11 10:45,6.67,8.26,30.4
10124,2023/2/11 11:00,6.56,8.65,32.24
10125,2023/2/11 11:15,6.46,6.35,26.75
10126,2023/2/11 11:30,6.37,7.5,30.27
10127,2023/2/11 11:45,6.29,8.65,32.31
10128,2023/2/11 12:00,6.29,7.88,26.92
10129,2023/2/11 12:15,6.24,4.82,23.14
10130,2023/2/11 12:30,6.22,7.11,30.91
10131,2023/2/11 12:45,6.22,9.41,34.52
10132,2023/2/11 13:00,6.24,6.73,40.28
10133,2023/2/11 13:15,6.29,7.5,37
10134,2023/2/11 13:30,6.36,4.05,38.77
10135,2023/2/11 13:45,6.44,6.35,33.85
10136,2023/2/11 14:00,6.54,7.11,29.67
10137,2023/2/11 14:15,6.66,6.35,30.67
10138,2023/2/11 14:30,6.79,5.58,37.23
10139,2023/2/11 14:45,6.93,6.73,34.55
10140,2023/2/11 15:00,7.08,6.35,43.9
10141,2023/2/11 15:15,7.24,7.5,45.24
10142,2023/2/11 15:30,7.41,9.03,47.48
10143,2023/2/11 15:45,7.58,7.88,45.54
10144,2023/2/11 16:00,7.75,6.73,36.76
10145,2023/2/11 16:15,7.92,7.88,28.06
10146,2023/2/11 16:30,8.08,6.73,26.42
10147,2023/2/11 16:45,8.23,7.11,31.04
10148,2023/2/11 17:00,8.36,6.35,35.69
10149,2023/2/11 17:15,8.48,7.5,39.34
10150,2023/2/11 17:30,8.58,7.5,42.46
10151,2023/2/11 17:45,8.67,10.56,45
10152,2023/2/11 18:00,8.57,9.03,43.53
10153,2023/2/11 18:15,8.6,10.56,42.42
10154,2023/2/11 18:30,8.61,9.41,42.49
10155,2023/2/11 18:45,8.61,9.03,40.51
10156,2023/2/11 19:00,8.6,7.11,44
10157,2023/2/11 19:15,8.57,7.88,44.27
10158,2023/2/11 19:30,8.53,8.26,40.31
10159,2023/2/11 19:45,8.47,9.41,40.98
10160,2023/2/11 20:00,8.39,9.03,37.17
10161,2023/2/11 20:15,8.29,7.88,33.58
10162,2023/2/11 20:30,8.18,7.88,35.63
10163,2023/2/11 20:45,8.07,5.96,26.35
10164,2023/2/11 21:00,7.95,5.96,27.12
10165,2023/2/11 21:15,7.83,7.11,26.22
10166,2023/2/11 21:30,7.7,5.2,18.95
10167,2023/2/11 21:45,7.58,5.2,13.23
10168,2023/2/11 22:00,7.46,4.82,14.23
10169,2023/2/11 22:15,7.34,4.82,10.95
10170,2023/2/11 22:30,7.23,6.35,13.53
10171,2023/2/11 22:45,7.12,6.35,12.36
10172,2023/2/11 23:00,7.01,5.96,11.59
10173,2023/2/11 23:15,6.9,5.96,13.86
10174,2023/2/11 23:30,6.8,5.96,11.05
10175,2023/2/11 23:45,6.7,5.96,8.84
10176,2023/2/12 0:00,6.6,5.2,10.82
10177,2023/2/12 0:15,6.51,5.96,14.63
10178,2023/2/12 0:30,6.43,5.58,10.11
10179,2023/2/12 0:45,6.35,5.58,9.01
10180,2023/2/12 1:00,6.27,5.2,7.77
10181,2023/2/12 1:15,6.19,4.43,7.06
10182,2023/2/12 1:30,6.11,5.96,9.34
10183,2023/2/12 1:45,6.04,5.58,6.86
10184,2023/2/12 2:00,5.96,5.2,3.88
10185,2023/2/12 2:15,5.88,5.2,4.25
10186,2023/2/12 2:30,5.81,4.43,2.81
10187,2023/2/12 2:45,5.75,3.67,1.94
10188,2023/2/12 3:00,5.69,4.82,4.62
10189,2023/2/12 3:15,5.64,4.82,5.59
10190,2023/2/12 3:30,5.59,4.05,4.19
10191,2023/2/12 3:45,5.53,4.05,2.54
10192,2023/2/12 4:00,5.48,4.05,1.98
10193,2023/2/12 4:15,5.42,5.2,3.01
10194,2023/2/12 4:30,5.37,4.43,1.88
10195,2023/2/12 4:45,5.31,4.05,1.24
10196,2023/2/12 5:00,5.25,4.05,1.37
10197,2023/2/12 5:15,5.19,3.67,3.92
10198,2023/2/12 5:30,5.12,4.43,4.42
10199,2023/2/12 5:45,5.06,4.05,4.12
10200,2023/2/12 6:00,4.94,4.43,5.93
10201,2023/2/12 6:15,4.86,4.82,6.53
10202,2023/2/12 6:30,4.78,4.43,3.52
10203,2023/2/12 6:45,4.68,3.67,2.78
10204,2023/2/12 7:00,4.58,3.67,1.67
10205,2023/2/12 7:15,4.48,3.28,1.24
10206,2023/2/12 7:30,4.37,2.52,0.67
10207,2023/2/12 7:45,4.26,2.14,0.03
10208,2023/2/12 8:00,4.15,1.37,0
10209,2023/2/12 8:15,4.03,2.52,0
10210,2023/2/12 8:30,3.92,2.14,0
10211,2023/2/12 8:45,3.81,3.67,0.03
10212,2023/2/12 9:00,3.7,3.67,1.64
10213,2023/2/12 9:15,3.59,2.52,1.27
10214,2023/2/12 9:30,3.5,2.52,0.54
10215,2023/2/12 9:45,3.41,3.28,0.67
10216,2023/2/12 10:00,3.33,3.28,0.84
10217,2023/2/12 10:15,3.26,4.05,1.57
10218,2023/2/12 10:30,3.21,3.67,1.74
10219,2023/2/12 10:45,3.16,2.52,0.7
10220,2023/2/12 11:00,3.13,3.28,0.37
10221,2023/2/12 11:15,3.1,1.75,0
10222,2023/2/12 11:30,3.09,2.14,0
10223,2023/2/12 11:45,3.09,1.37,0
10224,2023/2/12 12:00,3.11,2.14,0
10225,2023/2/12 12:15,3.13,2.52,0
10226,2023/2/12 12:30,3.16,2.9,0
10227,2023/2/12 12:45,3.2,2.14,0
10228,2023/2/12 13:00,3.24,2.52,0
10229,2023/2/12 13:15,3.3,3.28,0.2
10230,2023/2/12 13:30,3.36,3.28,0.54
10231,2023/2/12 13:45,3.41,2.52,0.67
10232,2023/2/12 14:00,3.47,2.14,0
10233,2023/2/12 14:15,3.52,2.9,0
10234,2023/2/12 14:30,3.57,2.52,0
10235,2023/2/12 14:45,3.62,2.52,0
10236,2023/2/12 15:00,3.67,2.14,0
10237,2023/2/12 15:15,3.72,2.14,0
10238,2023/2/12 15:30,3.76,2.52,0
10239,2023/2/12 15:45,3.8,2.52,0
10240,2023/2/12 16:00,3.84,0.99,0
10241,2023/2/12 16:15,3.88,0.6,0
10242,2023/2/12 16:30,3.91,1.75,0
10243,2023/2/12 16:45,3.94,2.52,0
10244,2023/2/12 17:00,3.97,4.05,0.67
10245,2023/2/12 17:15,3.99,4.05,5.52
10246,2023/2/12 17:30,4.02,5.2,7.4
10247,2023/2/12 17:45,4.04,5.58,10.28
10248,2023/2/12 18:00,4.04,5.96,11.32
10249,2023/2/12 18:15,4.03,6.73,14.87
10250,2023/2/12 18:30,4.01,6.73,17.51
10251,2023/2/12 18:45,3.99,6.35,17.88
10252,2023/2/12 19:00,3.95,6.35,14.83
10253,2023/2/12 19:15,3.91,5.96,12.19
10254,2023/2/12 19:30,3.87,5.2,10.01
10255,2023/2/12 19:45,3.82,4.82,8.64
10256,2023/2/12 20:00,3.77,4.82,7.97
10257,2023/2/12 20:15,3.72,4.82,8.24
10258,2023/2/12 20:30,3.69,5.58,7.9
10259,2023/2/12 20:45,3.67,5.2,7.1
10260,2023/2/12 21:00,3.67,4.82,7
10261,2023/2/12 21:15,3.69,5.2,6.5
10262,2023/2/12 21:30,3.74,4.82,4.96
10263,2023/2/12 21:45,3.81,5.2,5.36
10264,2023/2/12 22:00,3.92,5.2,5.73
10265,2023/2/12 22:15,4.05,3.67,5.56
10266,2023/2/12 22:30,4.21,4.43,6.06
10267,2023/2/12 22:45,4.41,5.2,7.63
10268,2023/2/12 23:00,4.63,5.2,8.67
10269,2023/2/12 23:15,4.87,5.58,9.14
10270,2023/2/12 23:30,5.14,5.96,12.62
10271,2023/2/12 23:45,5.42,5.58,11.72
10272,2023/2/13 0:00,5.81,5.96,11.35
10273,2023/2/13 0:15,6.11,6.73,19.55
10274,2023/2/13 0:30,6.39,7.88,22.3
10275,2023/2/13 0:45,6.66,7.5,22.7
10276,2023/2/13 1:00,6.91,5.96,17.88
10277,2023/2/13 1:15,7.13,4.05,11.55
10278,2023/2/13 1:30,7.31,4.43,9.78
10279,2023/2/13 1:45,7.46,7.11,11.08
10280,2023/2/13 2:00,7.57,5.58,13.8
10281,2023/2/13 2:15,7.65,6.35,15.97
10282,2023/2/13 2:30,7.69,7.11,30.6
10283,2023/2/13 2:45,7.69,9.03,36.56
10284,2023/2/13 3:00,7.67,8.65,40.75
10285,2023/2/13 3:15,7.61,9.41,45.77
10286,2023/2/13 3:30,7.54,9.03,46.58
10287,2023/2/13 3:45,7.45,9.03,45.67
10288,2023/2/13 4:00,7.35,8.26,45.2
10289,2023/2/13 4:15,7.23,8.26,44.83
10290,2023/2/13 4:30,7.12,9.03,47.04
10291,2023/2/13 4:45,7,9.41,46.27
10292,2023/2/13 5:00,6.87,8.26,45.81
10293,2023/2/13 5:15,6.75,8.65,43.96
10294,2023/2/13 5:30,6.63,8.65,43.96
10295,2023/2/13 5:45,6.51,8.26,41.02
10296,2023/2/13 6:00,6.58,7.88,39.61
10297,2023/2/13 6:15,6.49,7.88,32.24
10298,2023/2/13 6:30,6.41,7.5,26.12
10299,2023/2/13 6:45,6.32,7.11,27.93
10300,2023/2/13 7:00,6.23,6.73,25.38
10301,2023/2/13 7:15,6.13,6.73,21.26
10302,2023/2/13 7:30,6.04,6.73,20.93
10303,2023/2/13 7:45,5.95,5.58,16.91
10304,2023/2/13 8:00,5.85,5.2,14.2
10305,2023/2/13 8:15,5.76,5.2,13.19
10306,2023/2/13 8:30,5.67,5.96,12.92
10307,2023/2/13 8:45,5.58,5.58,12.79
10308,2023/2/13 9:00,5.49,4.43,9.48
10309,2023/2/13 9:15,5.4,2.52,6.16
10310,2023/2/13 9:30,5.32,2.52,8.17
10311,2023/2/13 9:45,5.26,3.67,5.89
10312,2023/2/13 10:00,5.21,2.9,6.96
10313,2023/2/13 10:15,5.17,2.52,5.66
10314,2023/2/13 10:30,5.14,2.9,4.15
10315,2023/2/13 10:45,5.14,2.52,2.75
10316,2023/2/13 11:00,5.15,3.67,4.49
10317,2023/2/13 11:15,5.18,3.67,4.29
10318,2023/2/13 11:30,5.22,3.67,6.6
10319,2023/2/13 11:45,5.28,4.43,5.89
10320,2023/2/13 12:00,5.31,7.11,12.09
10321,2023/2/13 12:15,5.39,5.58,13.16
10322,2023/2/13 12:30,5.48,5.58,13.86
10323,2023/2/13 12:45,5.57,5.58,15.97
10324,2023/2/13 13:00,5.67,7.5,19.82
10325,2023/2/13 13:15,5.77,6.73,19.89
10326,2023/2/13 13:30,5.86,6.73,21.83
10327,2023/2/13 13:45,5.94,7.88,20.83
10328,2023/2/13 14:00,6.01,6.73,24.24
10329,2023/2/13 14:15,6.07,5.96,23.14
10330,2023/2/13 14:30,6.12,7.5,22.1
10331,2023/2/13 14:45,6.16,5.58,18.01
10332,2023/2/13 15:00,6.19,6.73,20.86
10333,2023/2/13 15:15,6.22,5.96,23
10334,2023/2/13 15:30,6.23,7.11,19.65
10335,2023/2/13 15:45,6.24,5.96,21.33
10336,2023/2/13 16:00,6.24,4.82,23.27
10337,2023/2/13 16:15,6.23,6.73,21.06
10338,2023/2/13 16:30,6.21,3.67,19.49
10339,2023/2/13 16:45,6.19,6.35,23
10340,2023/2/13 17:00,6.17,7.88,25.38
10341,2023/2/13 17:15,6.14,8.26,29.83
10342,2023/2/13 17:30,6.1,7.5,26.99
10343,2023/2/13 17:45,6.06,6.73,29.73
10344,2023/2/13 18:00,5.51,7.88,35.73
10345,2023/2/13 18:15,5.36,7.5,24.41
10346,2023/2/13 18:30,5.22,6.35,14.13
10347,2023/2/13 18:45,5.06,5.96,12.39
10348,2023/2/13 19:00,4.91,4.43,5.76
10349,2023/2/13 19:15,4.75,4.43,4.19
10350,2023/2/13 19:30,4.61,2.52,2.44
10351,2023/2/13 19:45,4.48,1.75,1.07
10352,2023/2/13 20:00,4.38,2.14,0
10353,2023/2/13 20:15,4.3,0.99,0
10354,2023/2/13 20:30,4.26,1.37,0
10355,2023/2/13 20:45,4.26,0,0
10356,2023/2/13 21:00,4.3,2.14,0
10357,2023/2/13 21:15,4.4,0,0
10358,2023/2/13 21:30,4.51,0,0
10359,2023/2/13 21:45,4.64,0,0
10360,2023/2/13 22:00,4.8,0,0
10361,2023/2/13 22:15,4.98,0.6,0
10362,2023/2/13 22:30,5.19,1.75,0
10363,2023/2/13 22:45,5.42,3.67,0
10364,2023/2/13 23:00,5.67,4.05,2.44
10365,2023/2/13 23:15,5.93,3.67,3.35
10366,2023/2/13 23:30,6.21,5.2,7.8
10367,2023/2/13 23:45,6.5,5.2,7.7
10368,2023/2/14 0:00,7.07,5.2,6.83
10369,2023/2/14 0:15,7.36,5.2,10.85
10370,2023/2/14 0:30,7.63,4.82,13.86
10371,2023/2/14 0:45,7.88,3.28,12.15
10372,2023/2/14 1:00,8.09,6.35,11.15
10373,2023/2/14 1:15,8.26,2.14,10.01
10374,2023/2/14 1:30,8.42,1.75,9.34
10375,2023/2/14 1:45,8.57,3.67,10.38
10376,2023/2/14 2:00,8.7,5.96,13.53
10377,2023/2/14 2:15,8.82,6.35,13.96
10378,2023/2/14 2:30,8.92,5.2,13.73
10379,2023/2/14 2:45,9,6.73,22.3
10380,2023/2/14 3:00,9.07,6.35,21.4
10381,2023/2/14 3:15,9.12,7.11,21.86
10382,2023/2/14 3:30,9.15,7.5,26.22
10383,2023/2/14 3:45,9.16,7.5,27.52
10384,2023/2/14 4:00,9.17,7.5,36.36
10385,2023/2/14 4:15,9.16,7.88,41.45
10386,2023/2/14 4:30,9.15,9.03,44.8
10387,2023/2/14 4:45,9.13,9.8,47.75
10388,2023/2/14 5:00,9.11,9.03,45.67
10389,2023/2/14 5:15,9.08,9.03,45.14
10390,2023/2/14 5:30,9.04,8.26,41.55
10391,2023/2/14 5:45,9,7.88,37.03
10392,2023/2/14 6:00,8.61,7.5,30.64
10393,2023/2/14 6:15,8.55,8.65,34.96
10394,2023/2/14 6:30,8.49,8.26,40.78
10395,2023/2/14 6:45,8.45,9.41,40.85
10396,2023/2/14 7:00,8.4,10.18,44.03
10397,2023/2/14 7:15,8.36,6.73,46.74
10398,2023/2/14 7:30,8.32,7.11,48.89
10399,2023/2/14 7:45,8.28,7.11,47.48
10400,2023/2/14 8:00,8.24,4.43,45.04
10401,2023/2/14 8:15,8.2,7.5,44.13
10402,2023/2/14 8:30,8.16,7.11,39.71
10403,2023/2/14 8:45,8.12,7.5,32.81
10404,2023/2/14 9:00,8.07,4.05,26.85
10405,2023/2/14 9:15,8.03,6.35,24.34
10406,2023/2/14 9:30,7.99,5.2,20.26
10407,2023/2/14 9:45,7.95,4.82,15.74
10408,2023/2/14 10:00,7.92,6.35,15.44
10409,2023/2/14 10:15,7.9,4.05,16.54
10410,2023/2/14 10:30,7.88,4.82,21.19
10411,2023/2/14 10:45,7.86,6.73,20.96
10412,2023/2/14 11:00,7.84,5.58,20.12
10413,2023/2/14 11:15,7.82,5.96,17.58
10414,2023/2/14 11:30,7.79,4.43,16.27
10415,2023/2/14 11:45,7.77,5.2,16.44
10416,2023/2/14 12:00,7.58,4.82,18.68
10417,2023/2/14 12:15,7.55,4.43,18.28
10418,2023/2/14 12:30,7.53,5.96,21.66
10419,2023/2/14 12:45,7.5,5.58,16.98
10420,2023/2/14 13:00,7.47,5.58,15.87
10421,2023/2/14 13:15,7.45,4.43,15.94
10422,2023/2/14 13:30,7.41,5.96,15.03
10423,2023/2/14 13:45,7.37,5.96,15.67
10424,2023/2/14 14:00,7.32,4.43,13.16
10425,2023/2/14 14:15,7.27,4.43,9.38
10426,2023/2/14 14:30,7.21,4.05,14.23
10427,2023/2/14 14:45,7.14,7.88,16.88
10428,2023/2/14 15:00,7.06,4.05,19.76
10429,2023/2/14 15:15,6.98,5.58,19.49
10430,2023/2/14 15:30,6.9,6.35,18.62
10431,2023/2/14 15:45,6.83,5.58,16.88
10432,2023/2/14 16:00,6.75,5.96,13.86
10433,2023/2/14 16:15,6.68,5.58,16.41
10434,2023/2/14 16:30,6.61,7.11,19.39
10435,2023/2/14 16:45,6.54,3.28,12.32
10436,2023/2/14 17:00,6.46,5.2,10.75
10437,2023/2/14 17:15,6.39,4.82,9.41
10438,2023/2/14 17:30,6.32,4.82,11.42
10439,2023/2/14 17:45,6.25,4.43,13.56
10440,2023/2/14 18:00,6.24,4.43,15.17
10441,2023/2/14 18:15,6.18,4.05,10.45
10442,2023/2/14 18:30,6.12,4.82,11.52
10443,2023/2/14 18:45,6.05,2.9,10.68
10444,2023/2/14 19:00,5.97,2.9,8.87
10445,2023/2/14 19:15,5.9,4.43,7.47
10446,2023/2/14 19:30,5.81,5.2,9.04
10447,2023/2/14 19:45,5.71,5.2,9.01
10448,2023/2/14 20:00,5.6,4.82,6.83
10449,2023/2/14 20:15,5.48,4.82,4.69
10450,2023/2/14 20:30,5.35,4.05,4.72
10451,2023/2/14 20:45,5.21,2.14,7.33
10452,2023/2/14 21:00,5.06,3.28,6.43
10453,2023/2/14 21:15,4.91,4.05,4.49
10454,2023/2/14 21:30,4.74,4.05,4.25
10455,2023/2/14 21:45,4.57,3.67,5.26
10456,2023/2/14 22:00,4.39,3.28,2.85
10457,2023/2/14 22:15,4.21,3.28,0.3
10458,2023/2/14 22:30,4.02,1.75,0
10459,2023/2/14 22:45,3.82,1.75,0
10460,2023/2/14 23:00,3.62,2.52,0
10461,2023/2/14 23:15,3.42,2.9,0
10462,2023/2/14 23:30,3.22,2.52,0
10463,2023/2/14 23:45,3.02,3.28,0
10464,2023/2/15 0:00,2.83,2.9,0
10465,2023/2/15 0:15,2.62,2.9,0
10466,2023/2/15 0:30,2.43,2.52,0
10467,2023/2/15 0:45,2.25,2.14,0
10468,2023/2/15 1:00,2.1,1.75,0
10469,2023/2/15 1:15,1.96,1.75,0
10470,2023/2/15 1:30,1.84,1.37,0
10471,2023/2/15 1:45,1.75,0.99,0
10472,2023/2/15 2:00,1.67,0.99,0
10473,2023/2/15 2:15,1.61,0.6,0
10474,2023/2/15 2:30,1.58,0,0
10475,2023/2/15 2:45,1.56,0,0
10476,2023/2/15 3:00,1.56,0,0
10477,2023/2/15 3:15,1.58,0,0
10478,2023/2/15 3:30,1.61,1.75,0
10479,2023/2/15 3:45,1.66,1.75,0
10480,2023/2/15 4:00,1.72,2.14,0
10481,2023/2/15 4:15,1.8,2.52,0
10482,2023/2/15 4:30,1.87,2.52,0
10483,2023/2/15 4:45,1.94,3.28,0
10484,2023/2/15 5:00,2.02,3.67,2.58
10485,2023/2/15 5:15,2.09,3.67,1.57
10486,2023/2/15 5:30,2.16,2.9,0.77
10487,2023/2/15 5:45,2.23,3.28,0.33
10488,2023/2/15 6:00,1.79,2.52,0
10489,2023/2/15 6:15,1.92,3.28,0
10490,2023/2/15 6:30,2.03,4.43,4.22
10491,2023/2/15 6:45,2.14,3.67,1.47
10492,2023/2/15 7:00,2.23,2.9,1.04
10493,2023/2/15 7:15,2.32,1.37,0.54
10494,2023/2/15 7:30,2.41,4.43,2.48
10495,2023/2/15 7:45,2.49,4.43,4.05
10496,2023/2/15 8:00,2.57,4.82,3.65
10497,2023/2/15 8:15,2.65,5.2,4.96
10498,2023/2/15 8:30,2.73,4.82,5.02
10499,2023/2/15 8:45,2.8,5.2,4.15
10500,2023/2/15 9:00,2.87,2.52,1.81
10501,2023/2/15 9:15,2.94,3.67,1.37
10502,2023/2/15 9:30,2.99,3.67,1.81
10503,2023/2/15 9:45,3.05,3.28,2.91
10504,2023/2/15 10:00,3.09,2.52,2.78
10505,2023/2/15 10:15,3.13,4.05,4.25
10506,2023/2/15 10:30,3.17,4.05,4.08
10507,2023/2/15 10:45,3.22,4.43,4.86
10508,2023/2/15 11:00,3.26,3.67,4.75
10509,2023/2/15 11:15,3.31,3.28,4.25
10510,2023/2/15 11:30,3.36,3.67,4.15
10511,2023/2/15 11:45,3.41,4.82,5.69
10512,2023/2/15 12:00,3.46,4.05,5.26
10513,2023/2/15 12:15,3.51,2.14,5.49
10514,2023/2/15 12:30,3.57,5.2,6.09
10515,2023/2/15 12:45,3.64,3.28,7.67
10516,2023/2/15 13:00,3.72,3.67,7.27
10517,2023/2/15 13:15,3.81,3.67,6.56
10518,2023/2/15 13:30,3.91,2.9,7.8
10519,2023/2/15 13:45,4.01,4.43,9.61
10520,2023/2/15 14:00,4.11,5.2,8.5
10521,2023/2/15 14:15,4.23,3.67,7.63
10522,2023/2/15 14:30,4.35,2.52,11.25
10523,2023/2/15 14:45,4.48,2.14,13.29
10524,2023/2/15 15:00,4.62,5.2,12.42
10525,2023/2/15 15:15,4.77,3.28,13.83
10526,2023/2/15 15:30,4.93,4.43,14.77
10527,2023/2/15 15:45,5.1,2.52,13.13
10528,2023/2/15 16:00,5.27,3.67,12.96
10529,2023/2/15 16:15,5.45,2.9,12.72
10530,2023/2/15 16:30,5.62,2.52,15.44
10531,2023/2/15 16:45,5.8,2.9,18.35
10532,2023/2/15 17:00,5.98,2.52,14.67
10533,2023/2/15 17:15,6.16,2.9,16.61
10534,2023/2/15 17:30,6.34,4.05,23.3
10535,2023/2/15 17:45,6.52,3.28,28.96
10536,2023/2/15 18:00,6.75,4.43,31.34
10537,2023/2/15 18:15,6.91,4.82,29.33
10538,2023/2/15 18:30,7.07,3.67,30.91
10539,2023/2/15 18:45,7.22,4.43,31.41
10540,2023/2/15 19:00,7.35,5.2,32.61
10541,2023/2/15 19:15,7.47,6.73,35.86
10542,2023/2/15 19:30,7.59,7.88,36.76
10543,2023/2/15 19:45,7.69,7.5,38.64
10544,2023/2/15 20:00,7.79,10.18,40.51
10545,2023/2/15 20:15,7.87,9.8,44.1
10546,2023/2/15 20:30,7.95,9.8,44.06
10547,2023/2/15 20:45,8.02,9.8,43.73
10548,2023/2/15 21:00,8.08,10.18,43.43
10549,2023/2/15 21:15,8.13,9.8,42.16
10550,2023/2/15 21:30,8.17,9.41,42.32
10551,2023/2/15 21:45,8.21,10.18,42.96
10552,2023/2/15 22:00,8.24,9.8,43.9
10553,2023/2/15 22:15,8.26,10.18,41.79
10554,2023/2/15 22:30,8.28,9.8,41.32
10555,2023/2/15 22:45,8.3,9.41,41.49
10556,2023/2/15 23:00,8.33,10.94,44.9
10557,2023/2/15 23:15,8.35,11.71,44.63
10558,2023/2/15 23:30,8.37,10.94,42.72
10559,2023/2/15 23:45,8.39,10.56,44.03
10560,2023/2/16 0:00,8.4,10.18,44.23
10561,2023/2/16 0:15,8.42,9.8,43.8
10562,2023/2/16 0:30,8.43,10.18,45.24
10563,2023/2/16 0:45,8.45,9.41,44.33
10564,2023/2/16 1:00,8.47,10.18,46.21
10565,2023/2/16 1:15,8.49,10.18,47.41
10566,2023/2/16 1:30,8.51,10.94,48.52
10567,2023/2/16 1:45,8.53,11.33,48.35
10568,2023/2/16 2:00,8.54,12.09,48.28
10569,2023/2/16 2:15,8.55,12.48,48.52
10570,2023/2/16 2:30,8.57,12.48,48.48
10571,2023/2/16 2:45,8.57,12.86,48.28
10572,2023/2/16 3:00,8.58,12.86,48.48
10573,2023/2/16 3:15,8.59,10.94,48.48
10574,2023/2/16 3:30,8.6,11.33,45.64
10575,2023/2/16 3:45,8.62,10.18,46.17
10576,2023/2/16 4:00,8.64,10.94,45.91
10577,2023/2/16 4:15,8.67,10.94,45.87
10578,2023/2/16 4:30,8.7,10.18,45.5
10579,2023/2/16 4:45,8.73,10.56,46.31
10580,2023/2/16 5:00,8.76,10.18,46.78
10581,2023/2/16 5:15,8.79,10.56,47.51
10582,2023/2/16 5:30,8.81,9.8,47.78
10583,2023/2/16 5:45,8.83,10.56,47.48
10584,2023/2/16 6:00,8.63,10.94,48.22
10585,2023/2/16 6:15,8.63,11.33,48.48
10586,2023/2/16 6:30,8.63,11.33,48.28
10587,2023/2/16 6:45,8.63,10.94,48.35
10588,2023/2/16 7:00,8.61,11.71,48.38
10589,2023/2/16 7:15,8.6,13.24,48.48
10590,2023/2/16 7:30,8.57,12.09,48.48
10591,2023/2/16 7:45,8.53,12.09,48.45
10592,2023/2/16 8:00,8.48,10.56,48.42
10593,2023/2/16 8:15,8.42,10.56,47.51
10594,2023/2/16 8:30,8.35,7.5,47.14
10595,2023/2/16 8:45,8.28,8.65,45.2
10596,2023/2/16 9:00,8.19,10.18,41.35
10597,2023/2/16 9:15,8.1,9.41,41.59
10598,2023/2/16 9:30,8.02,8.65,40.35
10599,2023/2/16 9:45,7.94,9.03,35.36
10600,2023/2/16 10:00,7.87,7.88,36.43
10601,2023/2/16 10:15,7.81,7.88,31.81
10602,2023/2/16 10:30,7.76,7.88,30.54
10603,2023/2/16 10:45,7.72,7.11,24.18
10604,2023/2/16 11:00,7.69,6.73,18.65
10605,2023/2/16 11:15,7.66,3.67,19.29
10606,2023/2/16 11:30,7.64,8.26,26.72
10607,2023/2/16 11:45,7.63,7.11,27.72
10608,2023/2/16 12:00,7.64,7.88,32.68
10609,2023/2/16 12:15,7.63,5.96,33.42
10610,2023/2/16 12:30,7.64,6.35,33.62
10611,2023/2/16 12:45,7.65,8.26,35.56
10612,2023/2/16 13:00,7.67,5.2,34.96
10613,2023/2/16 13:15,7.7,7.88,41.08
10614,2023/2/16 13:30,7.72,7.88,40.01
10615,2023/2/16 13:45,7.75,8.26,39.95
10616,2023/2/16 14:00,7.78,6.73,41.32
10617,2023/2/16 14:15,7.8,6.35,39.68
10618,2023/2/16 14:30,7.83,4.82,35.66
10619,2023/2/16 14:45,7.86,8.65,39.81
10620,2023/2/16 15:00,7.89,8.26,37.5
10621,2023/2/16 15:15,7.92,9.03,38.27
10622,2023/2/16 15:30,7.97,8.65,38.07
10623,2023/2/16 15:45,8.02,9.03,34.35
10624,2023/2/16 16:00,8.09,6.35,27.62
10625,2023/2/16 16:15,8.17,7.5,28.43
10626,2023/2/16 16:30,8.25,6.73,32.91
10627,2023/2/16 16:45,8.34,6.35,27.22
10628,2023/2/16 17:00,8.43,8.65,32.68
10629,2023/2/16 17:15,8.53,8.65,42.56
10630,2023/2/16 17:30,8.63,9.41,46.41
10631,2023/2/16 17:45,8.74,10.18,48.42
10632,2023/2/16 18:00,8.92,10.18,48.45
10633,2023/2/16 18:15,9.04,11.71,48.52
10634,2023/2/16 18:30,9.16,11.33,48.42
10635,2023/2/16 18:45,9.27,12.86,48.35
10636,2023/2/16 19:00,9.38,10.18,48.35
10637,2023/2/16 19:15,9.47,12.48,48.42
10638,2023/2/16 19:30,9.56,12.09,48.45
10639,2023/2/16 19:45,9.63,12.09,48.42
10640,2023/2/16 20:00,9.68,10.94,48.52
10641,2023/2/16 20:15,9.72,11.33,48.22
10642,2023/2/16 20:30,9.75,10.56,48.25
10643,2023/2/16 20:45,9.76,10.56,48.25
10644,2023/2/16 21:00,9.76,10.94,48.45
10645,2023/2/16 21:15,9.74,12.09,48.38
10646,2023/2/16 21:30,9.72,11.71,48.48
10647,2023/2/16 21:45,9.68,10.56,48.32
10648,2023/2/16 22:00,9.62,11.71,48.28
10649,2023/2/16 22:15,9.56,12.09,48.52
10650,2023/2/16 22:30,9.49,12.48,48.38
10651,2023/2/16 22:45,9.41,13.24,48.55
10652,2023/2/16 23:00,9.33,13.24,48.35
10653,2023/2/16 23:15,9.24,12.86,48.52
10654,2023/2/16 23:30,9.15,12.86,48.25
10655,2023/2/16 23:45,9.05,12.09,48.62
10656,2023/2/17 0:00,9.16,10.94,48.48
10657,2023/2/17 0:15,9.04,10.56,48.35
10658,2023/2/17 0:30,8.92,10.56,47.61
10659,2023/2/17 0:45,8.8,9.41,42.66
10660,2023/2/17 1:00,8.68,8.65,38.44
10661,2023/2/17 1:15,8.55,8.65,40.62
10662,2023/2/17 1:30,8.43,8.65,39.41
10663,2023/2/17 1:45,8.31,9.03,40.18
10664,2023/2/17 2:00,8.19,8.65,41.72
10665,2023/2/17 2:15,8.08,9.03,44.9
10666,2023/2/17 2:30,7.97,10.56,46.24
10667,2023/2/17 2:45,7.87,9.41,45.7
10668,2023/2/17 3:00,7.77,9.03,44.4
10669,2023/2/17 3:15,7.68,7.5,40.05
10670,2023/2/17 3:30,7.58,7.88,39.88
10671,2023/2/17 3:45,7.48,5.2,31.81
10672,2023/2/17 4:00,7.38,7.11,32.65
10673,2023/2/17 4:15,7.28,7.88,34.19
10674,2023/2/17 4:30,7.18,7.5,35.73
10675,2023/2/17 4:45,7.07,7.5,38.84
10676,2023/2/17 5:00,6.95,9.41,39.21
10677,2023/2/17 5:15,6.83,7.11,34.42
10678,2023/2/17 5:30,6.71,6.35,30.44
10679,2023/2/17 5:45,6.57,6.35,26.75
10680,2023/2/17 6:00,6.59,6.35,24.28
10681,2023/2/17 6:15,6.44,5.96,25.15
10682,2023/2/17 6:30,6.28,5.58,21.66
10683,2023/2/17 6:45,6.11,4.82,22.13
10684,2023/2/17 7:00,5.93,4.82,25.51
10685,2023/2/17 7:15,5.75,6.35,27.46
10686,2023/2/17 7:30,5.57,7.11,24.84
10687,2023/2/17 7:45,5.39,5.58,18.62
10688,2023/2/17 8:00,5.21,5.58,14.7
10689,2023/2/17 8:15,5.03,6.73,13.83
10690,2023/2/17 8:30,4.86,5.96,11.25
10691,2023/2/17 8:45,4.69,5.2,8.71
10692,2023/2/17 9:00,4.52,2.9,5.39
10693,2023/2/17 9:15,4.36,3.67,3.65
10694,2023/2/17 9:30,4.22,4.05,4.25
10695,2023/2/17 9:45,4.09,4.05,3.28
10696,2023/2/17 10:00,3.97,3.67,2.95
10697,2023/2/17 10:15,3.87,4.43,2.85
10698,2023/2/17 10:30,3.79,3.28,2.44
10699,2023/2/17 10:45,3.73,3.67,2.31
10700,2023/2/17 11:00,3.68,2.9,2.68
10701,2023/2/17 11:15,3.65,3.67,3.15
10702,2023/2/17 11:30,3.64,3.67,2.75
10703,2023/2/17 11:45,3.63,3.67,2.68
10704,2023/2/17 12:00,3.67,2.52,1.67
10705,2023/2/17 12:15,3.69,3.28,1
10706,2023/2/17 12:30,3.71,2.14,0.74
10707,2023/2/17 12:45,3.74,2.52,0.1
10708,2023/2/17 13:00,3.78,2.14,1.24
10709,2023/2/17 13:15,3.83,0.99,0
10710,2023/2/17 13:30,3.87,1.75,0
10711,2023/2/17 13:45,3.9,2.9,0
10712,2023/2/17 14:00,3.92,2.9,0
10713,2023/2/17 14:15,3.94,1.75,0
10714,2023/2/17 14:30,3.96,1.37,0
10715,2023/2/17 14:45,3.97,1.37,0
10716,2023/2/17 15:00,3.98,2.14,0
10717,2023/2/17 15:15,3.98,1.75,0
10718,2023/2/17 15:30,3.99,0,0
10719,2023/2/17 15:45,4,0,0
10720,2023/2/17 16:00,4.02,1.75,0
10721,2023/2/17 16:15,4.04,0.99,0
10722,2023/2/17 16:30,4.07,2.14,0
10723,2023/2/17 16:45,4.1,1.75,0.57
10724,2023/2/17 17:00,4.14,2.52,0.33
10725,2023/2/17 17:15,4.19,3.28,1.21
10726,2023/2/17 17:30,4.23,3.28,2.51
10727,2023/2/17 17:45,4.29,4.05,3.82
10728,2023/2/17 18:00,4.07,4.43,4.42
10729,2023/2/17 18:15,4.16,4.43,4.15
10730,2023/2/17 18:30,4.25,4.82,5.32
10731,2023/2/17 18:45,4.35,4.82,5.09
10732,2023/2/17 19:00,4.46,4.82,5.16
10733,2023/2/17 19:15,4.58,4.05,4.39
10734,2023/2/17 19:30,4.71,4.43,5.19
10735,2023/2/17 19:45,4.84,4.05,5.42
10736,2023/2/17 20:00,4.98,4.05,5.19
10737,2023/2/17 20:15,5.12,4.05,5.49
10738,2023/2/17 20:30,5.27,4.82,6.5
10739,2023/2/17 20:45,5.44,5.2,8.5
10740,2023/2/17 21:00,5.62,5.58,9.14
10741,2023/2/17 21:15,5.81,5.2,10.85
10742,2023/2/17 21:30,6,5.96,11.89
10743,2023/2/17 21:45,6.19,5.58,11.69
10744,2023/2/17 22:00,6.38,5.58,13.53
10745,2023/2/17 22:15,6.56,5.96,15.7
10746,2023/2/17 22:30,6.74,6.73,18.48
10747,2023/2/17 22:45,6.9,7.5,36.8
10748,2023/2/17 23:00,7.04,9.8,42.59
10749,2023/2/17 23:15,7.17,11.71,45.81
10750,2023/2/17 23:30,7.28,10.94,48.32
10751,2023/2/17 23:45,7.38,10.94,48.42
10752,2023/2/18 0:00,7.57,10.94,48.58
10753,2023/2/18 0:15,7.63,8.65,47.78
10754,2023/2/18 0:30,7.66,10.94,48.28
10755,2023/2/18 0:45,7.67,10.94,48.35
10756,2023/2/18 1:00,7.65,10.56,48.42
10757,2023/2/18 1:15,7.6,10.18,48.42
10758,2023/2/18 1:30,7.55,10.18,47.88
10759,2023/2/18 1:45,7.49,9.03,46.11
10760,2023/2/18 2:00,7.42,7.5,44.47
10761,2023/2/18 2:15,7.35,5.58,42.06
10762,2023/2/18 2:30,7.28,5.58,42.62
10763,2023/2/18 2:45,7.21,9.03,38.04
10764,2023/2/18 3:00,7.14,4.43,35.66
10765,2023/2/18 3:15,7.08,5.58,41.18
10766,2023/2/18 3:30,7.02,9.03,46.31
10767,2023/2/18 3:45,6.95,10.56,46.14
10768,2023/2/18 4:00,6.89,9.41,44.63
10769,2023/2/18 4:15,6.83,9.03,42.96
10770,2023/2/18 4:30,6.77,7.5,38
10771,2023/2/18 4:45,6.71,7.88,40.21
10772,2023/2/18 5:00,6.65,7.88,36.56
10773,2023/2/18 5:15,6.58,7.5,31.37
10774,2023/2/18 5:30,6.52,5.58,22.9
10775,2023/2/18 5:45,6.45,6.35,21.03
10776,2023/2/18 6:00,6.72,6.35,19.72
10777,2023/2/18 6:15,6.65,6.35,19.45
10778,2023/2/18 6:30,6.56,5.2,16.54
10779,2023/2/18 6:45,6.46,4.43,13.93
10780,2023/2/18 7:00,6.34,4.05,20.49
10781,2023/2/18 7:15,6.2,5.96,18.15
10782,2023/2/18 7:30,6.05,5.96,11.92
10783,2023/2/18 7:45,5.9,2.14,8.07
10784,2023/2/18 8:00,5.74,5.58,8.04
10785,2023/2/18 8:15,5.57,4.82,12.19
10786,2023/2/18 8:30,5.4,6.35,10.08
10787,2023/2/18 8:45,5.22,2.9,4.65
10788,2023/2/18 9:00,5.03,1.75,1.07
10789,2023/2/18 9:15,4.84,1.37,0
10790,2023/2/18 9:30,4.64,0.99,0
10791,2023/2/18 9:45,4.45,0.99,0
10792,2023/2/18 10:00,4.25,0.6,0
10793,2023/2/18 10:15,4.05,0.99,0
10794,2023/2/18 10:30,3.87,1.37,0
10795,2023/2/18 10:45,3.71,1.75,0
10796,2023/2/18 11:00,3.57,2.52,0
10797,2023/2/18 11:15,3.44,2.52,0
10798,2023/2/18 11:30,3.33,3.28,0
10799,2023/2/18 11:45,3.23,3.28,0
10800,2023/2/18 12:00,3.1,4.82,2.48
10801,2023/2/18 12:15,3.02,4.05,4.35
10802,2023/2/18 12:30,2.96,4.43,5.16
10803,2023/2/18 12:45,2.9,3.67,6.16
10804,2023/2/18 13:00,2.86,4.05,7.03
10805,2023/2/18 13:15,2.83,4.82,5.02
10806,2023/2/18 13:30,2.8,4.82,6.4
10807,2023/2/18 13:45,2.77,3.28,4.75
10808,2023/2/18 14:00,2.73,4.05,4.59
10809,2023/2/18 14:15,2.69,2.14,2.48
10810,2023/2/18 14:30,2.65,3.28,2.24
10811,2023/2/18 14:45,2.61,3.28,1.84
10812,2023/2/18 15:00,2.57,3.28,1.17
10813,2023/2/18 15:15,2.52,2.52,1.04
10814,2023/2/18 15:30,2.48,2.52,0.3
10815,2023/2/18 15:45,2.45,2.52,0
10816,2023/2/18 16:00,2.43,1.75,0
10817,2023/2/18 16:15,2.42,1.75,0
10818,2023/2/18 16:30,2.41,0.99,0
10819,2023/2/18 16:45,2.41,0,0
10820,2023/2/18 17:00,2.42,0,0
10821,2023/2/18 17:15,2.43,0,0
10822,2023/2/18 17:30,2.45,0,0
10823,2023/2/18 17:45,2.48,0,0
10824,2023/2/18 18:00,2.73,1.37,0
10825,2023/2/18 18:15,2.8,1.75,0
10826,2023/2/18 18:30,2.9,2.14,0
10827,2023/2/18 18:45,3.01,2.14,0
10828,2023/2/18 19:00,3.14,2.9,0
10829,2023/2/18 19:15,3.29,3.67,0
10830,2023/2/18 19:30,3.45,4.05,2.91
10831,2023/2/18 19:45,3.63,4.43,4.19
10832,2023/2/18 20:00,3.81,4.43,6.43
10833,2023/2/18 20:15,4.01,5.2,8.3
10834,2023/2/18 20:30,4.21,5.58,9.64
10835,2023/2/18 20:45,4.42,5.96,10.65
10836,2023/2/18 21:00,4.63,5.2,9.91
10837,2023/2/18 21:15,4.85,5.58,11.55
10838,2023/2/18 21:30,5.07,5.96,13.63
10839,2023/2/18 21:45,5.29,5.96,13.56
10840,2023/2/18 22:00,5.5,6.35,17.48
10841,2023/2/18 22:15,5.71,7.11,20.99
10842,2023/2/18 22:30,5.9,7.88,25.25
10843,2023/2/18 22:45,6.09,8.26,30.34
10844,2023/2/18 23:00,6.25,8.65,37.2
10845,2023/2/18 23:15,6.41,8.65,40.72
10846,2023/2/18 23:30,6.56,9.41,40.51
10847,2023/2/18 23:45,6.7,9.8,42.99
10848,2023/2/19 0:00,6.85,9.8,40.21
10849,2023/2/19 0:15,6.96,8.65,35.43
10850,2023/2/19 0:30,7.07,7.88,39.31
10851,2023/2/19 0:45,7.16,7.88,38.74
10852,2023/2/19 1:00,7.24,8.26,39.14
10853,2023/2/19 1:15,7.3,8.65,40.35
10854,2023/2/19 1:30,7.35,7.88,40.48
10855,2023/2/19 1:45,7.4,9.03,43.26
10856,2023/2/19 2:00,7.44,9.03,46.91
10857,2023/2/19 2:15,7.46,9.03,45.87
10858,2023/2/19 2:30,7.48,9.41,45.7
10859,2023/2/19 2:45,7.5,9.41,45.81
10860,2023/2/19 3:00,7.5,8.65,40.38
10861,2023/2/19 3:15,7.49,9.41,46.47
10862,2023/2/19 3:30,7.47,8.65,47.25
10863,2023/2/19 3:45,7.44,8.65,43.86
10864,2023/2/19 4:00,7.4,9.03,47.08
10865,2023/2/19 4:15,7.34,9.8,48.25
10866,2023/2/19 4:30,7.29,9.8,47.95
10867,2023/2/19 4:45,7.22,9.03,44.77
10868,2023/2/19 5:00,7.16,8.26,41.45
10869,2023/2/19 5:15,7.09,8.26,38.51
10870,2023/2/19 5:30,7.03,9.41,41.85
10871,2023/2/19 5:45,6.97,8.26,42.06
10872,2023/2/19 6:00,6.96,9.41,40.08
10873,2023/2/19 6:15,6.86,8.65,38.51
10874,2023/2/19 6:30,6.77,7.11,35.73
10875,2023/2/19 6:45,6.67,8.65,42.89
10876,2023/2/19 7:00,6.57,7.88,42.62
10877,2023/2/19 7:15,6.47,9.8,45.57
10878,2023/2/19 7:30,6.36,9.03,46.04
10879,2023/2/19 7:45,6.25,9.41,42.06
10880,2023/2/19 8:00,6.14,7.88,36.6
10881,2023/2/19 8:15,6.02,7.11,33.45
10882,2023/2/19 8:30,5.9,5.96,31.14
10883,2023/2/19 8:45,5.78,5.58,28.43
10884,2023/2/19 9:00,5.66,3.28,24.01
10885,2023/2/19 9:15,5.54,4.05,19.52
10886,2023/2/19 9:30,5.43,4.82,13.86
10887,2023/2/19 9:45,5.34,4.43,13.8
10888,2023/2/19 10:00,5.26,4.05,9.17
10889,2023/2/19 10:15,5.2,4.43,7.57
10890,2023/2/19 10:30,5.15,3.28,9.31
10891,2023/2/19 10:45,5.12,4.05,10.58
10892,2023/2/19 11:00,5.11,6.73,13.39
10893,2023/2/19 11:15,5.12,7.11,14.23
10894,2023/2/19 11:30,5.14,6.73,18.82
10895,2023/2/19 11:45,5.18,7.11,18.95
10896,2023/2/19 12:00,5.18,6.35,17.04
10897,2023/2/19 12:15,5.26,4.82,12.22
10898,2023/2/19 12:30,5.34,6.35,13.16
10899,2023/2/19 12:45,5.43,4.82,17.28
10900,2023/2/19 13:00,5.53,5.58,25.68
10901,2023/2/19 13:15,5.63,6.35,27.16
10902,2023/2/19 13:30,5.72,5.58,23.24
10903,2023/2/19 13:45,5.8,5.2,24.34
10904,2023/2/19 14:00,5.87,5.96,31.88
10905,2023/2/19 14:15,5.93,7.5,29.33
10906,2023/2/19 14:30,5.99,7.5,26.79
10907,2023/2/19 14:45,6.04,5.2,25.98
10908,2023/2/19 15:00,6.07,5.2,25.68
10909,2023/2/19 15:15,6.1,6.35,30.77
10910,2023/2/19 15:30,6.11,7.11,33.89
10911,2023/2/19 15:45,6.12,9.03,32.48
10912,2023/2/19 16:00,6.11,9.41,39.64
10913,2023/2/19 16:15,6.1,8.65,37.43
10914,2023/2/19 16:30,6.09,10.94,38.44
10915,2023/2/19 16:45,6.09,8.26,40.62
10916,2023/2/19 17:00,6.1,9.03,33.25
10917,2023/2/19 17:15,6.12,8.26,36.03
10918,2023/2/19 17:30,6.15,8.26,32.28
10919,2023/2/19 17:45,6.19,7.5,27.36
10920,2023/2/19 18:00,6.56,6.73,27.42
10921,2023/2/19 18:15,6.61,9.03,32.61
10922,2023/2/19 18:30,6.66,7.5,33.35
10923,2023/2/19 18:45,6.71,7.11,28.49
10924,2023/2/19 19:00,6.76,5.96,18.25
10925,2023/2/19 19:15,6.82,5.96,17.44
10926,2023/2/19 19:30,6.86,5.96,15.13
10927,2023/2/19 19:45,6.91,5.58,9.38
10928,2023/2/19 20:00,6.95,5.2,8.07
10929,2023/2/19 20:15,6.98,5.2,8.74
10930,2023/2/19 20:30,7.01,4.82,6.56
10931,2023/2/19 20:45,7.02,6.35,8.24
10932,2023/2/19 21:00,7.03,5.2,10.88
10933,2023/2/19 21:15,7.02,5.96,15.87
10934,2023/2/19 21:30,7.01,6.35,14.33
10935,2023/2/19 21:45,6.98,6.35,12.96
10936,2023/2/19 22:00,6.95,5.58,9.88
10937,2023/2/19 22:15,6.91,4.82,9.68
10938,2023/2/19 22:30,6.86,6.35,14.36
10939,2023/2/19 22:45,6.81,5.96,15.2
10940,2023/2/19 23:00,6.76,6.35,17.08
10941,2023/2/19 23:15,6.72,7.11,20.32
10942,2023/2/19 23:30,6.67,6.73,24.07
10943,2023/2/19 23:45,6.62,5.58,15.44
10944,2023/2/20 0:00,6.63,5.96,16.37
10945,2023/2/20 0:15,6.6,5.96,16.91
10946,2023/2/20 0:30,6.58,6.35,15.57
10947,2023/2/20 0:45,6.57,6.73,16.17
10948,2023/2/20 1:00,6.57,5.96,17.34
10949,2023/2/20 1:15,6.58,6.35,18.95
10950,2023/2/20 1:30,6.6,6.73,22.74
10951,2023/2/20 1:45,6.62,7.5,24.41
10952,2023/2/20 2:00,6.65,5.58,21.09
10953,2023/2/20 2:15,6.69,6.35,15.64
10954,2023/2/20 2:30,6.73,6.73,16.37
10955,2023/2/20 2:45,6.78,7.88,23.91
10956,2023/2/20 3:00,6.84,7.11,23.81
10957,2023/2/20 3:15,6.9,5.96,20.36
10958,2023/2/20 3:30,6.97,5.2,23.47
10959,2023/2/20 3:45,7.03,5.96,23.27
10960,2023/2/20 4:00,7.1,8.26,34.62
10961,2023/2/20 4:15,7.17,8.65,37.84
10962,2023/2/20 4:30,7.24,8.65,37.77
10963,2023/2/20 4:45,7.3,8.26,33.08
10964,2023/2/20 5:00,7.35,7.88,31.74
10965,2023/2/20 5:15,7.39,8.26,33.18
10966,2023/2/20 5:30,7.43,9.03,31.37
10967,2023/2/20 5:45,7.45,7.88,28.16
10968,2023/2/20 6:00,7.54,7.88,26.95
10969,2023/2/20 6:15,7.53,7.5,27.82
10970,2023/2/20 6:30,7.51,7.5,27.39
10971,2023/2/20 6:45,7.49,7.5,29.7
10972,2023/2/20 7:00,7.47,7.5,30.24
10973,2023/2/20 7:15,7.44,7.11,25.18
10974,2023/2/20 7:30,7.42,5.58,23
10975,2023/2/20 7:45,7.4,3.67,19.55
10976,2023/2/20 8:00,7.38,5.58,19.76
10977,2023/2/20 8:15,7.37,4.43,21.66
10978,2023/2/20 8:30,7.35,5.96,25.25
10979,2023/2/20 8:45,7.34,7.5,23.44
10980,2023/2/20 9:00,7.33,7.5,22.9
10981,2023/2/20 9:15,7.32,7.5,28.66
10982,2023/2/20 9:30,7.32,9.41,32.51
10983,2023/2/20 9:45,7.32,7.5,26.45
10984,2023/2/20 10:00,7.33,7.11,26.28
10985,2023/2/20 10:15,7.34,7.5,28.86
10986,2023/2/20 10:30,7.36,7.11,31.61
10987,2023/2/20 10:45,7.37,8.65,38.04
10988,2023/2/20 11:00,7.39,9.41,36.46
10989,2023/2/20 11:15,7.42,9.03,34.92
10990,2023/2/20 11:30,7.45,8.26,27.79
10991,2023/2/20 11:45,7.49,6.73,22.67
10992,2023/2/20 12:00,7.52,5.2,29.5
10993,2023/2/20 12:15,7.57,7.5,30.7
10994,2023/2/20 12:30,7.62,9.41,37.1
10995,2023/2/20 12:45,7.67,9.41,37.77
10996,2023/2/20 13:00,7.71,10.56,42.32
10997,2023/2/20 13:15,7.76,6.73,36.06
10998,2023/2/20 13:30,7.8,7.88,37.9
10999,2023/2/20 13:45,7.84,8.26,36.1
11000,2023/2/20 14:00,7.87,8.26,33.01
11001,2023/2/20 14:15,7.9,7.11,33.62
11002,2023/2/20 14:30,7.92,5.96,26.55
11003,2023/2/20 14:45,7.93,7.5,28.76
11004,2023/2/20 15:00,7.93,5.58,25.38
11005,2023/2/20 15:15,7.91,9.03,27.05
11006,2023/2/20 15:30,7.88,7.11,27.19
11007,2023/2/20 15:45,7.83,8.65,27.49
11008,2023/2/20 16:00,7.76,7.11,26.89
11009,2023/2/20 16:15,7.67,6.35,37.74
11010,2023/2/20 16:30,7.56,6.35,34.35
11011,2023/2/20 16:45,7.45,9.03,33.55
11012,2023/2/20 17:00,7.32,7.88,25.18
11013,2023/2/20 17:15,7.17,6.35,20.16
11014,2023/2/20 17:30,7.02,5.58,20.32
11015,2023/2/20 17:45,6.86,5.2,13.09
11016,2023/2/20 18:00,6.75,6.35,12.56
11017,2023/2/20 18:15,6.58,5.58,9.84
11018,2023/2/20 18:30,6.43,4.82,8.27
11019,2023/2/20 18:45,6.29,4.43,4.12
11020,2023/2/20 19:00,6.16,3.28,2.75
11021,2023/2/20 19:15,6.04,2.9,1.21
11022,2023/2/20 19:30,5.95,2.14,0
11023,2023/2/20 19:45,5.87,0.99,0
11024,2023/2/20 20:00,5.82,0.6,0
11025,2023/2/20 20:15,5.79,2.14,0
11026,2023/2/20 20:30,5.79,1.37,0
11027,2023/2/20 20:45,5.8,2.52,0
11028,2023/2/20 21:00,5.84,2.52,0
11029,2023/2/20 21:15,5.9,2.52,0
11030,2023/2/20 21:30,5.97,2.52,0
11031,2023/2/20 21:45,6.05,2.52,0.1
11032,2023/2/20 22:00,6.14,2.14,0.1
11033,2023/2/20 22:15,6.24,2.52,1.51
11034,2023/2/20 22:30,6.33,3.67,4.02
11035,2023/2/20 22:45,6.41,4.43,7.06
11036,2023/2/20 23:00,6.5,5.2,11.55
11037,2023/2/20 23:15,6.57,5.58,11.42
11038,2023/2/20 23:30,6.64,5.2,12.59
11039,2023/2/20 23:45,6.71,5.58,12.62
11040,2023/2/21 0:00,6.81,5.58,13.93
11041,2023/2/21 0:15,6.87,5.96,13.9
11042,2023/2/21 0:30,6.9,5.58,12.36
11043,2023/2/21 0:45,6.93,5.96,16.88
11044,2023/2/21 1:00,6.93,6.35,16.51
11045,2023/2/21 1:15,6.92,5.2,12.56
11046,2023/2/21 1:30,6.9,4.82,9.98
11047,2023/2/21 1:45,6.88,6.73,14
11048,2023/2/21 2:00,6.85,6.73,20.56
11049,2023/2/21 2:15,6.81,7.11,23.34
11050,2023/2/21 2:30,6.76,8.26,31.47
11051,2023/2/21 2:45,6.69,9.03,35.99
11052,2023/2/21 3:00,6.62,7.11,27.09
11053,2023/2/21 3:15,6.54,6.35,19.12
11054,2023/2/21 3:30,6.44,7.11,18.45
11055,2023/2/21 3:45,6.32,7.11,21.09
11056,2023/2/21 4:00,6.19,6.73,18.72
11057,2023/2/21 4:15,6.05,6.73,18.25
11058,2023/2/21 4:30,5.89,5.96,14.5
11059,2023/2/21 4:45,5.73,5.58,11.95
11060,2023/2/21 5:00,5.57,5.96,13.03
11061,2023/2/21 5:15,5.39,6.35,14.83
11062,2023/2/21 5:30,5.22,5.58,11.45
11063,2023/2/21 5:45,5.04,4.82,9.01
11064,2023/2/21 6:00,5.06,5.58,8.97
11065,2023/2/21 6:15,4.89,5.58,9.64
11066,2023/2/21 6:30,4.74,5.58,8.87
11067,2023/2/21 6:45,4.58,5.58,6.29
11068,2023/2/21 7:00,4.44,5.2,3.18
11069,2023/2/21 7:15,4.3,3.67,2.31
11070,2023/2/21 7:30,4.19,3.67,1.74
11071,2023/2/21 7:45,4.08,3.67,0.44
11072,2023/2/21 8:00,4,2.9,0.3
11073,2023/2/21 8:15,3.93,4.05,1.27
11074,2023/2/21 8:30,3.87,3.28,0.6
11075,2023/2/21 8:45,3.84,2.52,0
11076,2023/2/21 9:00,3.81,2.14,0
11077,2023/2/21 9:15,3.8,2.14,0
11078,2023/2/21 9:30,3.81,2.9,0
11079,2023/2/21 9:45,3.84,2.9,0
11080,2023/2/21 10:00,3.89,2.9,0
11081,2023/2/21 10:15,3.96,4.05,2.71
11082,2023/2/21 10:30,4.04,2.9,2.51
11083,2023/2/21 10:45,4.13,2.9,4.89
11084,2023/2/21 11:00,4.23,2.52,5.19
11085,2023/2/21 11:15,4.33,4.82,7.77
11086,2023/2/21 11:30,4.44,4.05,10.18
11087,2023/2/21 11:45,4.55,5.58,14.67
11088,2023/2/21 12:00,4.7,5.96,16.31
11089,2023/2/21 12:15,4.82,4.82,15.7
11090,2023/2/21 12:30,4.94,6.35,16.31
11091,2023/2/21 12:45,5.06,5.96,13.59
11092,2023/2/21 13:00,5.19,5.96,11.95
11093,2023/2/21 13:15,5.33,4.43,10.98
11094,2023/2/21 13:30,5.46,4.82,8.2
11095,2023/2/21 13:45,5.58,4.43,10.75
11096,2023/2/21 14:00,5.7,3.28,9.81
11097,2023/2/21 14:15,5.82,4.82,15.7
11098,2023/2/21 14:30,5.93,5.96,16.91
11099,2023/2/21 14:45,6.04,4.43,16.17
11100,2023/2/21 15:00,6.14,5.2,18.68
11101,2023/2/21 15:15,6.25,5.2,19.45
11102,2023/2/21 15:30,6.35,4.82,18.32
11103,2023/2/21 15:45,6.46,4.82,23.64
11104,2023/2/21 16:00,6.57,7.5,23.54
11105,2023/2/21 16:15,6.69,7.11,27.39
11106,2023/2/21 16:30,6.81,6.73,22.2
11107,2023/2/21 16:45,6.93,7.88,23.81
11108,2023/2/21 17:00,7.06,7.88,24.64
11109,2023/2/21 17:15,7.19,7.5,24.74
11110,2023/2/21 17:30,7.33,7.5,27.09
11111,2023/2/21 17:45,7.47,7.11,29.83
11112,2023/2/21 18:00,7.57,7.88,36.63
11113,2023/2/21 18:15,7.7,8.26,33.52
11114,2023/2/21 18:30,7.83,8.26,34.02
11115,2023/2/21 18:45,7.96,8.26,32.55
11116,2023/2/21 19:00,8.09,8.26,34.59
11117,2023/2/21 19:15,8.22,8.65,36.13
11118,2023/2/21 19:30,8.34,8.65,41.69
11119,2023/2/21 19:45,8.46,9.41,45.6
11120,2023/2/21 20:00,8.58,10.18,48.38
11121,2023/2/21 20:15,8.69,10.56,48.42
11122,2023/2/21 20:30,8.79,10.56,48.55
11123,2023/2/21 20:45,8.89,10.56,48.28
11124,2023/2/21 21:00,8.98,10.94,48.45
11125,2023/2/21 21:15,9.06,10.94,48.35
11126,2023/2/21 21:30,9.14,11.33,48.38
11127,2023/2/21 21:45,9.21,11.33,48.42
11128,2023/2/21 22:00,9.27,10.94,48.45
11129,2023/2/21 22:15,9.33,11.33,48.58
11130,2023/2/21 22:30,9.38,12.09,48.38
11131,2023/2/21 22:45,9.42,13.63,48.45
11132,2023/2/21 23:00,9.47,13.24,48.38
11133,2023/2/21 23:15,9.51,12.48,48.48
11134,2023/2/21 23:30,9.55,10.94,48.52
11135,2023/2/21 23:45,9.59,11.71,48.55
11136,2023/2/22 0:00,9.6,12.86,48.12
11137,2023/2/22 0:15,9.63,12.86,48.48
11138,2023/2/22 0:30,9.66,11.71,48.18
11139,2023/2/22 0:45,9.68,12.09,48.48
11140,2023/2/22 1:00,9.7,11.71,48.48
11141,2023/2/22 1:15,9.71,11.71,48.55
11142,2023/2/22 1:30,9.72,11.33,48.38
11143,2023/2/22 1:45,9.73,11.33,48.42
11144,2023/2/22 2:00,9.73,9.41,48.52
11145,2023/2/22 2:15,9.73,9.8,48.25
11146,2023/2/22 2:30,9.72,11.33,48.28
11147,2023/2/22 2:45,9.71,10.18,48.48
11148,2023/2/22 3:00,9.69,10.56,48.58
11149,2023/2/22 3:15,9.67,9.8,48.15
11150,2023/2/22 3:30,9.64,9.03,48.38
11151,2023/2/22 3:45,9.61,9.41,48.08
11152,2023/2/22 4:00,9.57,9.03,45.64
11153,2023/2/22 4:15,9.54,9.41,47.31
11154,2023/2/22 4:30,9.5,11.71,48.35
11155,2023/2/22 4:45,9.46,10.94,48.48
11156,2023/2/22 5:00,9.42,10.18,47.98
11157,2023/2/22 5:15,9.37,9.41,47.04
11158,2023/2/22 5:30,9.33,9.41,42.16
11159,2023/2/22 5:45,9.28,9.03,42.76
11160,2023/2/22 6:00,9.12,9.41,43.16
11161,2023/2/22 6:15,9.08,9.8,44.1
11162,2023/2/22 6:30,9.03,9.03,44.06
11163,2023/2/22 6:45,8.97,9.41,44.9
11164,2023/2/22 7:00,8.9,9.8,45.84
11165,2023/2/22 7:15,8.81,11.71,45.27
11166,2023/2/22 7:30,8.71,10.56,43.93
11167,2023/2/22 7:45,8.6,9.41,39.95
11168,2023/2/22 8:00,8.47,8.65,42.96
11169,2023/2/22 8:15,8.33,9.41,44.06
11170,2023/2/22 8:30,8.17,5.58,43.53
11171,2023/2/22 8:45,7.99,8.65,39.14
11172,2023/2/22 9:00,7.8,7.88,38.44
11173,2023/2/22 9:15,7.59,8.65,33.68
11174,2023/2/22 9:30,7.38,8.26,29.93
11175,2023/2/22 9:45,7.15,8.65,31.61
11176,2023/2/22 10:00,6.92,7.88,30.44
11177,2023/2/22 10:15,6.68,6.73,23.71
11178,2023/2/22 10:30,6.45,5.96,15.57
11179,2023/2/22 10:45,6.21,5.58,11.48
11180,2023/2/22 11:00,5.98,4.43,7.94
11181,2023/2/22 11:15,5.75,4.05,5.59
11182,2023/2/22 11:30,5.52,4.05,6.13
11183,2023/2/22 11:45,5.3,4.05,5.26
11184,2023/2/22 12:00,5.07,4.43,4.89
11185,2023/2/22 12:15,4.86,3.28,4.02
11186,2023/2/22 12:30,4.66,4.05,4.29
11187,2023/2/22 12:45,4.49,4.05,3.75
11188,2023/2/22 13:00,4.33,3.28,3.05
11189,2023/2/22 13:15,4.19,3.28,3.25
11190,2023/2/22 13:30,4.05,2.14,3.68
11191,2023/2/22 13:45,3.93,3.67,4.52
11192,2023/2/22 14:00,3.83,4.05,5.79
11193,2023/2/22 14:15,3.73,4.43,4.15
11194,2023/2/22 14:30,3.65,3.28,3.58
11195,2023/2/22 14:45,3.57,3.28,1.88
11196,2023/2/22 15:00,3.52,2.52,1.14
11197,2023/2/22 15:15,3.47,2.9,1.54
11198,2023/2/22 15:30,3.44,2.52,1.21
11199,2023/2/22 15:45,3.43,2.9,0.3
11200,2023/2/22 16:00,3.44,2.14,0
11201,2023/2/22 16:15,3.48,2.14,0
11202,2023/2/22 16:30,3.52,1.75,0
11203,2023/2/22 16:45,3.58,1.37,0
11204,2023/2/22 17:00,3.66,4.43,0.9
11205,2023/2/22 17:15,3.74,2.9,0.7
11206,2023/2/22 17:30,3.84,1.75,0.1
11207,2023/2/22 17:45,3.94,2.14,0.2
11208,2023/2/22 18:00,4.05,3.67,1.88
11209,2023/2/22 18:15,4.16,4.05,6.29
11210,2023/2/22 18:30,4.26,3.28,7.17
11211,2023/2/22 18:45,4.35,3.28,6.16
11212,2023/2/22 19:00,4.42,3.28,5.49
11213,2023/2/22 19:15,4.48,5.2,6.46
11214,2023/2/22 19:30,4.52,5.58,6.43
11215,2023/2/22 19:45,4.54,5.58,5.16
11216,2023/2/22 20:00,4.54,4.43,4.75
11217,2023/2/22 20:15,4.51,3.28,4.42
11218,2023/2/22 20:30,4.46,5.2,7.37
11219,2023/2/22 20:45,4.38,4.05,7.94
11220,2023/2/22 21:00,4.28,3.67,7.2
11221,2023/2/22 21:15,4.15,2.9,6.9
11222,2023/2/22 21:30,3.99,4.43,5.59
11223,2023/2/22 21:45,3.81,2.52,6.06
11224,2023/2/22 22:00,3.6,3.67,3.45
11225,2023/2/22 22:15,3.38,4.43,2.95
11226,2023/2/22 22:30,3.16,2.14,0.57
11227,2023/2/22 22:45,2.95,2.52,0.67
11228,2023/2/22 23:00,2.74,3.28,0
11229,2023/2/22 23:15,2.55,3.28,0
11230,2023/2/22 23:30,2.36,2.14,0
11231,2023/2/22 23:45,2.19,2.14,0
11232,2023/2/23 0:00,2.09,1.37,0
11233,2023/2/23 0:15,1.97,1.37,0
11234,2023/2/23 0:30,1.87,1.37,0
11235,2023/2/23 0:45,1.8,0.6,0
11236,2023/2/23 1:00,1.74,2.14,0
11237,2023/2/23 1:15,1.7,2.14,0
11238,2023/2/23 1:30,1.69,1.75,0
11239,2023/2/23 1:45,1.71,1.37,0
11240,2023/2/23 2:00,1.76,0,0
11241,2023/2/23 2:15,1.82,0,0
11242,2023/2/23 2:30,1.91,0,0
11243,2023/2/23 2:45,2.02,0,0
11244,2023/2/23 3:00,2.14,0,0
11245,2023/2/23 3:15,2.28,0,0
11246,2023/2/23 3:30,2.43,2.14,0
11247,2023/2/23 3:45,2.58,1.75,0
11248,2023/2/23 4:00,2.74,2.9,0
11249,2023/2/23 4:15,2.9,2.52,0
11250,2023/2/23 4:30,3.06,2.9,0
11251,2023/2/23 4:45,3.23,2.9,0
11252,2023/2/23 5:00,3.39,3.67,0
11253,2023/2/23 5:15,3.54,4.43,0
11254,2023/2/23 5:30,3.69,4.05,0.37
11255,2023/2/23 5:45,3.84,4.05,1.61
11256,2023/2/23 6:00,3.27,4.05,1.41
11257,2023/2/23 6:15,3.41,3.67,1
11258,2023/2/23 6:30,3.53,4.82,5.22
11259,2023/2/23 6:45,3.63,5.2,8.61
11260,2023/2/23 7:00,3.7,5.58,10.88
11261,2023/2/23 7:15,3.75,5.2,7.6
11262,2023/2/23 7:30,3.79,4.82,8.74
11263,2023/2/23 7:45,3.83,6.35,12.49
11264,2023/2/23 8:00,3.86,5.96,10.61
11265,2023/2/23 8:15,3.88,6.35,10.68
11266,2023/2/23 8:30,3.9,6.73,13.39
11267,2023/2/23 8:45,3.92,4.82,7.94
11268,2023/2/23 9:00,3.95,3.28,3.48
11269,2023/2/23 9:15,3.97,3.28,2.14
11270,2023/2/23 9:30,4.01,4.43,10.25
11271,2023/2/23 9:45,4.06,4.82,8.84
11272,2023/2/23 10:00,4.12,2.9,4.12
11273,2023/2/23 10:15,4.19,3.28,4.08
11274,2023/2/23 10:30,4.28,3.67,4.29
11275,2023/2/23 10:45,4.39,3.67,2.28
11276,2023/2/23 11:00,4.51,1.37,0
11277,2023/2/23 11:15,4.65,3.28,0
11278,2023/2/23 11:30,4.8,3.67,0.23
11279,2023/2/23 11:45,4.96,4.05,0.74
11280,2023/2/23 12:00,5.05,3.67,4.08
11281,2023/2/23 12:15,5.22,4.82,4.45
11282,2023/2/23 12:30,5.4,3.67,8
11283,2023/2/23 12:45,5.57,5.58,9.88
11284,2023/2/23 13:00,5.73,5.58,16.57
11285,2023/2/23 13:15,5.89,6.73,17.11
11286,2023/2/23 13:30,6.03,5.58,21.73
11287,2023/2/23 13:45,6.15,7.88,16.14
11288,2023/2/23 14:00,6.26,5.58,24.24
11289,2023/2/23 14:15,6.35,7.11,29.33
11290,2023/2/23 14:30,6.42,7.5,33.58
11291,2023/2/23 14:45,6.47,6.73,31.71
11292,2023/2/23 15:00,6.51,7.88,33.82
11293,2023/2/23 15:15,6.53,9.03,31.81
11294,2023/2/23 15:30,6.53,7.11,34.39
11295,2023/2/23 15:45,6.51,7.5,31.91
11296,2023/2/23 16:00,6.48,7.11,28.7
11297,2023/2/23 16:15,6.42,8.26,27.72
11298,2023/2/23 16:30,6.36,8.65,25.65
11299,2023/2/23 16:45,6.29,5.2,26.35
11300,2023/2/23 17:00,6.2,6.73,20.36
11301,2023/2/23 17:15,6.11,6.35,16.27
11302,2023/2/23 17:30,6.02,5.58,10.71
11303,2023/2/23 17:45,5.92,4.82,9.98
11304,2023/2/23 18:00,6.18,6.35,9.68
11305,2023/2/23 18:15,6.1,4.43,10.15
11306,2023/2/23 18:30,6.03,3.67,14.43
11307,2023/2/23 18:45,5.96,2.52,13.76
11308,2023/2/23 19:00,5.88,2.52,10.98
11309,2023/2/23 19:15,5.8,2.14,7.27
11310,2023/2/23 19:30,5.73,1.37,3.82
11311,2023/2/23 19:45,5.65,1.37,3.85
11312,2023/2/23 20:00,5.57,2.52,6.06
11313,2023/2/23 20:15,5.48,3.28,4.39
11314,2023/2/23 20:30,5.39,2.9,4.29
11315,2023/2/23 20:45,5.29,1.75,3.52
11316,2023/2/23 21:00,5.17,1.37,1.91
11317,2023/2/23 21:15,5.05,3.67,1.31
11318,2023/2/23 21:30,4.94,2.9,0.8
11319,2023/2/23 21:45,4.87,2.14,0
11320,2023/2/23 22:00,4.82,2.52,0.03
11321,2023/2/23 22:15,4.8,3.28,0
11322,2023/2/23 22:30,4.81,2.9,0.57
11323,2023/2/23 22:45,4.85,3.67,1.41
11324,2023/2/23 23:00,4.92,3.28,3.18
11325,2023/2/23 23:15,5.01,4.05,5.36
11326,2023/2/23 23:30,5.12,4.82,10.31
11327,2023/2/23 23:45,5.27,4.43,16.11
11328,2023/2/24 0:00,5.42,5.58,22.37
11329,2023/2/24 0:15,5.63,7.5,30.24
11330,2023/2/24 0:30,5.85,10.18,45.91
11331,2023/2/24 0:45,6.1,10.18,48.28
11332,2023/2/24 1:00,6.36,8.65,42.83
11333,2023/2/24 1:15,6.65,10.56,44.53
11334,2023/2/24 1:30,6.92,10.56,46.51
11335,2023/2/24 1:45,7.16,9.41,44.77
11336,2023/2/24 2:00,7.38,9.03,42.36
11337,2023/2/24 2:15,7.56,8.65,46.17
11338,2023/2/24 2:30,7.72,9.41,44.33
11339,2023/2/24 2:45,7.84,8.65,43.33
11340,2023/2/24 3:00,7.94,9.03,46.71
11341,2023/2/24 3:15,8,9.8,45.54
11342,2023/2/24 3:30,8.04,10.18,46.47
11343,2023/2/24 3:45,8.06,9.8,44.93
11344,2023/2/24 4:00,8.05,9.41,41.62
11345,2023/2/24 4:15,8.03,9.41,44
11346,2023/2/24 4:30,8,9.8,41.59
11347,2023/2/24 4:45,7.96,7.5,37.37
11348,2023/2/24 5:00,7.92,9.03,41.25
11349,2023/2/24 5:15,7.87,8.26,38.07
11350,2023/2/24 5:30,7.81,9.41,38.24
11351,2023/2/24 5:45,7.76,10.56,37.8
11352,2023/2/24 6:00,7.76,9.03,34.89
11353,2023/2/24 6:15,7.69,7.88,31.44
11354,2023/2/24 6:30,7.61,7.88,31.94
11355,2023/2/24 6:45,7.54,7.88,31.54
11356,2023/2/24 7:00,7.46,8.26,34.22
11357,2023/2/24 7:15,7.39,9.03,34.69
11358,2023/2/24 7:30,7.32,9.03,35.36
11359,2023/2/24 7:45,7.24,10.18,35.76
11360,2023/2/24 8:00,7.17,9.03,26.15
11361,2023/2/24 8:15,7.1,5.96,14.87
11362,2023/2/24 8:30,7.03,8.26,19.32
11363,2023/2/24 8:45,6.96,6.35,16.54
11364,2023/2/24 9:00,6.9,7.88,18.62
11365,2023/2/24 9:15,6.83,6.73,15.54
11366,2023/2/24 9:30,6.78,5.58,11.75
11367,2023/2/24 9:45,6.74,6.35,17.08
11368,2023/2/24 10:00,6.72,5.2,12.42
11369,2023/2/24 10:15,6.71,5.2,13.46
11370,2023/2/24 10:30,6.71,5.58,13.16
11371,2023/2/24 10:45,6.72,5.2,15.97
11372,2023/2/24 11:00,6.73,7.5,12.76
11373,2023/2/24 11:15,6.75,5.96,10.98
11374,2023/2/24 11:30,6.77,5.96,13.33
11375,2023/2/24 11:45,6.79,6.73,15.57
11376,2023/2/24 12:00,6.81,8.65,13.26
11377,2023/2/24 12:15,6.83,5.58,18.05
11378,2023/2/24 12:30,6.86,6.73,18.01
11379,2023/2/24 12:45,6.88,6.35,14.8
11380,2023/2/24 13:00,6.9,5.2,18.25
11381,2023/2/24 13:15,6.91,6.35,19.65
11382,2023/2/24 13:30,6.92,5.58,17.44
11383,2023/2/24 13:45,6.92,7.11,22.43
11384,2023/2/24 14:00,6.9,6.35,25.01
11385,2023/2/24 14:15,6.87,4.82,20.89
11386,2023/2/24 14:30,6.84,7.11,13.66
11387,2023/2/24 14:45,6.79,6.73,16.94
11388,2023/2/24 15:00,6.73,5.58,18.05
11389,2023/2/24 15:15,6.67,4.43,17.31
11390,2023/2/24 15:30,6.59,5.2,17.98
11391,2023/2/24 15:45,6.49,7.88,26.99
11392,2023/2/24 16:00,6.38,5.96,23.2
11393,2023/2/24 16:15,6.26,7.5,32.75
11394,2023/2/24 16:30,6.12,9.8,32.58
11395,2023/2/24 16:45,5.98,9.03,35.39
11396,2023/2/24 17:00,5.82,7.11,27.93
11397,2023/2/24 17:15,5.66,6.35,22.9
11398,2023/2/24 17:30,5.49,6.35,17.44
11399,2023/2/24 17:45,5.31,5.2,9.41
11400,2023/2/24 18:00,5.13,4.43,6.06
11401,2023/2/24 18:15,4.94,4.05,4.08
11402,2023/2/24 18:30,4.75,3.67,3.48
11403,2023/2/24 18:45,4.54,2.9,1.61
11404,2023/2/24 19:00,4.33,1.75,0.64
11405,2023/2/24 19:15,4.1,3.67,2.01
11406,2023/2/24 19:30,3.88,2.52,1.07
11407,2023/2/24 19:45,3.67,1.75,0.6
11408,2023/2/24 20:00,3.47,3.67,0.94
11409,2023/2/24 20:15,3.27,4.05,1.81
11410,2023/2/24 20:30,3.09,4.05,2.08
11411,2023/2/24 20:45,2.91,4.05,2.01
11412,2023/2/24 21:00,2.75,3.28,1.04
11413,2023/2/24 21:15,2.6,2.9,0
11414,2023/2/24 21:30,2.47,2.14,0
11415,2023/2/24 21:45,2.35,2.14,0
11416,2023/2/24 22:00,2.25,2.14,0
11417,2023/2/24 22:15,2.16,2.9,0
11418,2023/2/24 22:30,2.1,2.9,0.03
11419,2023/2/24 22:45,2.06,2.14,0
11420,2023/2/24 23:00,2.05,2.9,0
11421,2023/2/24 23:15,2.07,2.14,0
11422,2023/2/24 23:30,2.11,2.52,0.03
11423,2023/2/24 23:45,2.18,3.28,0
11424,2023/2/25 0:00,3.66,2.14,0
11425,2023/2/25 0:15,3.85,2.9,0
11426,2023/2/25 0:30,4.05,2.9,0
11427,2023/2/25 0:45,4.25,2.9,0
11428,2023/2/25 1:00,4.46,2.9,0
11429,2023/2/25 1:15,4.66,2.52,0
11430,2023/2/25 1:30,4.84,2.9,0
11431,2023/2/25 1:45,5.01,3.28,0.03
11432,2023/2/25 2:00,5.16,3.67,0.23
11433,2023/2/25 2:15,5.29,2.14,0.13
11434,2023/2/25 2:30,5.41,1.75,0.13
11435,2023/2/25 2:45,5.51,1.37,0
11436,2023/2/25 3:00,5.6,3.28,0.1
11437,2023/2/25 3:15,5.68,3.28,0.5
11438,2023/2/25 3:30,5.74,3.28,0.57
11439,2023/2/25 3:45,5.8,3.67,1.17
11440,2023/2/25 4:00,5.84,3.67,2.51
11441,2023/2/25 4:15,5.88,4.43,5.36
11442,2023/2/25 4:30,5.93,4.82,8.4
11443,2023/2/25 4:45,5.98,5.58,11.95
11444,2023/2/25 5:00,6.04,5.96,12.39
11445,2023/2/25 5:15,6.11,5.96,13.53
11446,2023/2/25 5:30,6.17,6.73,18.99
11447,2023/2/25 5:45,6.24,6.73,20.49
11448,2023/2/25 6:00,5.91,7.5,28.23
11449,2023/2/25 6:15,5.95,8.65,32.28
11450,2023/2/25 6:30,6,8.65,30.44
11451,2023/2/25 6:45,6.05,6.35,28.83
11452,2023/2/25 7:00,6.1,8.26,33.78
11453,2023/2/25 7:15,6.15,9.41,41.05
11454,2023/2/25 7:30,6.2,10.18,42.06
11455,2023/2/25 7:45,6.26,10.18,44
11456,2023/2/25 8:00,6.31,9.8,44.13
11457,2023/2/25 8:15,6.35,9.41,42.02
11458,2023/2/25 8:30,6.4,7.88,35.22
11459,2023/2/25 8:45,6.43,7.11,21.33
11460,2023/2/25 9:00,6.46,6.73,16.24
11461,2023/2/25 9:15,6.48,6.35,13.59
11462,2023/2/25 9:30,6.5,5.96,10.95
11463,2023/2/25 9:45,6.52,4.82,11.35
11464,2023/2/25 10:00,6.54,5.96,10.58
11465,2023/2/25 10:15,6.57,4.43,12.52
11466,2023/2/25 10:30,6.59,5.2,17.55
11467,2023/2/25 10:45,6.6,4.82,20.66
11468,2023/2/25 11:00,6.62,6.73,25.95
11469,2023/2/25 11:15,6.63,5.58,25.21
11470,2023/2/25 11:30,6.64,8.26,25.05
11471,2023/2/25 11:45,6.64,7.11,24.44
11472,2023/2/25 12:00,6.68,7.5,28.49
11473,2023/2/25 12:15,6.68,6.73,31.68
11474,2023/2/25 12:30,6.69,7.5,29.3
11475,2023/2/25 12:45,6.7,7.5,26.65
11476,2023/2/25 13:00,6.71,6.73,29.23
11477,2023/2/25 13:15,6.73,8.65,21.03
11478,2023/2/25 13:30,6.74,7.5,25.25
11479,2023/2/25 13:45,6.75,4.82,22.3
11480,2023/2/25 14:00,6.76,7.11,20.26
11481,2023/2/25 14:15,6.76,5.96,17.91
11482,2023/2/25 14:30,6.77,5.2,14.67
11483,2023/2/25 14:45,6.77,4.43,15.1
11484,2023/2/25 15:00,6.77,3.28,15.07
11485,2023/2/25 15:15,6.78,5.2,15.37
11486,2023/2/25 15:30,6.78,6.35,15.7
11487,2023/2/25 15:45,6.79,4.82,15.87
11488,2023/2/25 16:00,6.81,5.96,15.34
11489,2023/2/25 16:15,6.82,6.35,12.25
11490,2023/2/25 16:30,6.85,5.96,12.86
11491,2023/2/25 16:45,6.88,6.35,15.03
11492,2023/2/25 17:00,6.91,5.58,15.07
11493,2023/2/25 17:15,6.96,5.96,15.8
11494,2023/2/25 17:30,7.02,6.35,16.27
11495,2023/2/25 17:45,7.09,6.73,17.91
11496,2023/2/25 18:00,7.01,5.58,19.76
11497,2023/2/25 18:15,7.1,6.35,25.38
11498,2023/2/25 18:30,7.2,8.65,34.39
11499,2023/2/25 18:45,7.31,8.65,32.91
11500,2023/2/25 19:00,7.43,9.03,40.01
11501,2023/2/25 19:15,7.56,9.8,47.01
11502,2023/2/25 19:30,7.69,10.18,48.38
11503,2023/2/25 19:45,7.82,10.18,48.15
11504,2023/2/25 20:00,7.95,10.56,48.65
11505,2023/2/25 20:15,8.08,11.33,48.45
11506,2023/2/25 20:30,8.22,12.09,48.42
11507,2023/2/25 20:45,8.35,12.09,48.48
11508,2023/2/25 21:00,8.5,11.71,48.48
11509,2023/2/25 21:15,8.64,11.71,48.35
11510,2023/2/25 21:30,8.78,12.48,48.35
11511,2023/2/25 21:45,8.9,12.09,48.38
11512,2023/2/25 22:00,9.02,12.86,48.42
11513,2023/2/25 22:15,9.13,11.33,48.32
11514,2023/2/25 22:30,9.22,11.33,48.42
11515,2023/2/25 22:45,9.29,10.56,48.48
11516,2023/2/25 23:00,9.35,10.56,48.15
11517,2023/2/25 23:15,9.4,10.18,45.44
11518,2023/2/25 23:30,9.42,9.8,43.36
11519,2023/2/25 23:45,9.42,8.65,41.79
11520,2023/2/26 0:00,9.43,8.65,41.32
11521,2023/2/26 0:15,9.38,9.41,39.91
11522,2023/2/26 0:30,9.32,10.94,46.07
11523,2023/2/26 0:45,9.24,10.94,48.28
11524,2023/2/26 1:00,9.15,10.56,46.01
11525,2023/2/26 1:15,9.05,10.18,43.53
11526,2023/2/26 1:30,8.94,10.18,41.99
11527,2023/2/26 1:45,8.84,9.41,43.9
11528,2023/2/26 2:00,8.73,10.56,43.53
11529,2023/2/26 2:15,8.63,10.56,43.83
11530,2023/2/26 2:30,8.53,10.56,44.13
11531,2023/2/26 2:45,8.44,9.8,44
11532,2023/2/26 3:00,8.35,9.8,45.04
11533,2023/2/26 3:15,8.27,10.18,44.3
11534,2023/2/26 3:30,8.19,9.41,42.52
11535,2023/2/26 3:45,8.12,9.41,41.79
11536,2023/2/26 4:00,8.06,9.8,42.19
11537,2023/2/26 4:15,8,9.41,39.41
11538,2023/2/26 4:30,7.95,9.03,38.71
11539,2023/2/26 4:45,7.89,9.03,37.53
11540,2023/2/26 5:00,7.84,9.03,36.16
11541,2023/2/26 5:15,7.78,8.65,37.84
11542,2023/2/26 5:30,7.72,9.03,33.01
11543,2023/2/26 5:45,7.66,9.03,32.55
11544,2023/2/26 6:00,7.21,9.03,34.59
11545,2023/2/26 6:15,7.15,8.65,28.66
11546,2023/2/26 6:30,7.08,7.88,20.29
11547,2023/2/26 6:45,7.01,5.96,18.32
11548,2023/2/26 7:00,6.93,6.35,19.99
11549,2023/2/26 7:15,6.84,6.73,18.05
11550,2023/2/26 7:30,6.76,6.73,21.93
11551,2023/2/26 7:45,6.67,7.11,19.55
11552,2023/2/26 8:00,6.59,7.11,17.58
11553,2023/2/26 8:15,6.5,7.11,13.59
11554,2023/2/26 8:30,6.42,6.73,12.12
11555,2023/2/26 8:45,6.34,6.35,10.28
11556,2023/2/26 9:00,6.25,4.82,8.14
11557,2023/2/26 9:15,6.17,5.96,5.99
11558,2023/2/26 9:30,6.11,4.05,4.55
11559,2023/2/26 9:45,6.06,5.2,8.5
11560,2023/2/26 10:00,6.03,5.58,9.14
11561,2023/2/26 10:15,6.02,5.58,10.61
11562,2023/2/26 10:30,6.03,4.43,7.57
11563,2023/2/26 10:45,6.06,4.43,7.63
11564,2023/2/26 11:00,6.11,4.82,7.53
11565,2023/2/26 11:15,6.17,4.82,6.9
11566,2023/2/26 11:30,6.25,4.05,8.2
11567,2023/2/26 11:45,6.35,4.82,9.48
11568,2023/2/26 12:00,6.48,5.2,14.16
11569,2023/2/26 12:15,6.6,6.35,19.59
11570,2023/2/26 12:30,6.74,7.88,26.35
11571,2023/2/26 12:45,6.9,7.11,31.34
11572,2023/2/26 13:00,7.07,8.26,31.41
11573,2023/2/26 13:15,7.26,6.73,32.75
11574,2023/2/26 13:30,7.44,9.41,38.2
11575,2023/2/26 13:45,7.63,7.5,42.59
11576,2023/2/26 14:00,7.81,8.26,37.53
11577,2023/2/26 14:15,7.99,6.73,36.56
11578,2023/2/26 14:30,8.16,8.65,39.24
11579,2023/2/26 14:45,8.34,8.26,36.5
11580,2023/2/26 15:00,8.5,8.65,40.21
11581,2023/2/26 15:15,8.67,8.65,42.49
11582,2023/2/26 15:30,8.84,10.18,44.23
11583,2023/2/26 15:45,9,8.65,44.9
11584,2023/2/26 16:00,9.17,9.8,46.14
11585,2023/2/26 16:15,9.34,9.8,46.98
11586,2023/2/26 16:30,9.51,8.26,46.34
11587,2023/2/26 16:45,9.67,10.18,46.44
11588,2023/2/26 17:00,9.83,10.94,48.12
11589,2023/2/26 17:15,9.99,11.33,48.38
11590,2023/2/26 17:30,10.14,11.33,48.25
11591,2023/2/26 17:45,10.29,11.71,48.32
11592,2023/2/26 18:00,10.45,12.09,46.64
11593,2023/2/26 18:15,10.6,12.86,46.71
11594,2023/2/26 18:30,10.75,13.24,46.68
11595,2023/2/26 18:45,10.89,13.63,46.64
11596,2023/2/26 19:00,11.04,13.63,46.64
11597,2023/2/26 19:15,11.18,13.24,46.54
11598,2023/2/26 19:30,11.31,10.94,46.68
11599,2023/2/26 19:45,11.43,14.39,46.64
11600,2023/2/26 20:00,11.55,14.39,46.71
11601,2023/2/26 20:15,11.67,14.77,46.64
11602,2023/2/26 20:30,11.77,13.63,46.64
11603,2023/2/26 20:45,11.87,10.94,48.38
11604,2023/2/26 21:00,11.96,12.48,48.35
11605,2023/2/26 21:15,12.04,13.24,48.12
11606,2023/2/26 21:30,12.11,14.39,48.72
11607,2023/2/26 21:45,12.17,14.77,48.25
11608,2023/2/26 22:00,12.22,14.39,48.32
11609,2023/2/26 22:15,12.27,14.77,48.45
11610,2023/2/26 22:30,12.31,14.39,48.42
11611,2023/2/26 22:45,12.34,14.39,48.45
11612,2023/2/26 23:00,12.38,14.39,48.35
11613,2023/2/26 23:15,12.41,14.01,48.28
11614,2023/2/26 23:30,12.43,14.01,48.42
11615,2023/2/26 23:45,12.45,12.86,48.42
11616,2023/2/27 0:00,12.36,12.86,48.52
11617,2023/2/27 0:15,12.37,12.86,48.25
11618,2023/2/27 0:30,12.38,12.86,48.32
11619,2023/2/27 0:45,12.39,12.09,48.38
11620,2023/2/27 1:00,12.41,12.86,48.22
11621,2023/2/27 1:15,12.42,14.01,48.38
11622,2023/2/27 1:30,12.44,13.24,48.38
11623,2023/2/27 1:45,12.46,12.86,48.55
11624,2023/2/27 2:00,12.48,13.63,48.42
11625,2023/2/27 2:15,12.51,13.63,48.42
11626,2023/2/27 2:30,12.55,13.63,48.22
11627,2023/2/27 2:45,12.58,12.48,48.42
11628,2023/2/27 3:00,12.62,12.48,48.25
11629,2023/2/27 3:15,12.66,11.33,48.58
11630,2023/2/27 3:30,12.71,12.09,48.52
11631,2023/2/27 3:45,12.76,12.48,48.15
11632,2023/2/27 4:00,12.82,12.09,48.28
11633,2023/2/27 4:15,12.88,10.56,48.35
11634,2023/2/27 4:30,12.94,14.01,48.48
11635,2023/2/27 4:45,13,14.01,48.25
11636,2023/2/27 5:00,13.07,14.01,48.32
11637,2023/2/27 5:15,13.14,12.48,48.48
11638,2023/2/27 5:30,13.21,12.48,48.42
11639,2023/2/27 5:45,13.28,13.63,48.28
11640,2023/2/27 6:00,13.07,15.16,48.45
11641,2023/2/27 6:15,13.14,14.01,48.42
11642,2023/2/27 6:30,13.2,13.24,48.68
11643,2023/2/27 6:45,13.26,12.48,48.65
11644,2023/2/27 7:00,13.31,11.71,48.25
11645,2023/2/27 7:15,13.36,14.01,48.38
11646,2023/2/27 7:30,13.39,12.86,48.45
11647,2023/2/27 7:45,13.43,11.71,48.42
11648,2023/2/27 8:00,13.45,14.39,48.42
11649,2023/2/27 8:15,13.46,11.71,48.62
11650,2023/2/27 8:30,13.46,12.09,48.52
11651,2023/2/27 8:45,13.46,9.8,48.38
11652,2023/2/27 9:00,13.44,12.86,48.28
11653,2023/2/27 9:15,13.42,12.86,48.32
11654,2023/2/27 9:30,13.39,9.03,48.55
11655,2023/2/27 9:45,13.36,10.18,48.35
11656,2023/2/27 10:00,13.34,12.09,48.48
11657,2023/2/27 10:15,13.31,12.09,48.62
11658,2023/2/27 10:30,13.28,11.33,48.35
11659,2023/2/27 10:45,13.26,12.86,48.62
11660,2023/2/27 11:00,13.24,12.09,48.58
11661,2023/2/27 11:15,13.23,15.16,47.98
11662,2023/2/27 11:30,13.22,10.94,48.38
11663,2023/2/27 11:45,13.21,12.09,48.45
11664,2023/2/27 12:00,13.25,13.24,48.35
11665,2023/2/27 12:15,13.25,10.56,48.55
11666,2023/2/27 12:30,13.27,11.71,48.48
11667,2023/2/27 12:45,13.29,11.71,48.62
11668,2023/2/27 13:00,13.32,13.63,48.15
11669,2023/2/27 13:15,13.37,12.86,48.18
11670,2023/2/27 13:30,13.42,10.18,48.15
11671,2023/2/27 13:45,13.46,15.16,48.72
11672,2023/2/27 14:00,13.51,11.33,48.58
11673,2023/2/27 14:15,13.56,13.24,48.58
11674,2023/2/27 14:30,13.61,15.16,48.62
11675,2023/2/27 14:45,13.66,14.01,48.35
11676,2023/2/27 15:00,13.71,11.33,48.48
11677,2023/2/27 15:15,13.76,14.77,48.45
11678,2023/2/27 15:30,13.82,12.09,48.28
11679,2023/2/27 15:45,13.89,15.16,48.52
11680,2023/2/27 16:00,13.96,14.01,48.65
11681,2023/2/27 16:15,14.04,12.09,48.18
11682,2023/2/27 16:30,14.12,9.8,48.65
11683,2023/2/27 16:45,14.21,11.71,48.22
11684,2023/2/27 17:00,14.3,9.41,48.25
11685,2023/2/27 17:15,14.4,14.01,48.12
11686,2023/2/27 17:30,14.5,13.24,48.28
11687,2023/2/27 17:45,14.6,11.71,48.55
11688,2023/2/27 18:00,14.58,14.39,48.18
11689,2023/2/27 18:15,14.68,17.07,48.42
11690,2023/2/27 18:30,14.78,15.16,48.52
11691,2023/2/27 18:45,14.88,15.54,48.72
11692,2023/2/27 19:00,14.97,15.92,48.52
11693,2023/2/27 19:15,15.05,17.45,48.05
11694,2023/2/27 19:30,15.12,18.22,48.38
11695,2023/2/27 19:45,15.18,17.84,48.42
11696,2023/2/27 20:00,15.22,17.45,48.25
11697,2023/2/27 20:15,15.26,17.07,48.58
11698,2023/2/27 20:30,15.28,15.16,48.52
11699,2023/2/27 20:45,15.29,15.16,48.32
11700,2023/2/27 21:00,15.29,16.69,48.55
11701,2023/2/27 21:15,15.27,14.77,48.38
11702,2023/2/27 21:30,15.24,16.69,47.95
11703,2023/2/27 21:45,15.19,17.07,48.42
11704,2023/2/27 22:00,15.13,18.6,48.22
11705,2023/2/27 22:15,15.06,13.63,48.55
11706,2023/2/27 22:30,14.98,15.92,48.35
11707,2023/2/27 22:45,14.89,16.31,48.35
11708,2023/2/27 23:00,14.8,13.24,47.88
11709,2023/2/27 23:15,14.7,15.92,47.85
11710,2023/2/27 23:30,14.59,15.92,48.15
11711,2023/2/27 23:45,14.47,14.01,48.38
11712,2023/2/28 0:00,14.28,14.01,48.48
11713,2023/2/28 0:15,14.14,13.24,48.35
11714,2023/2/28 0:30,13.97,15.16,48.55
11715,2023/2/28 0:45,13.78,12.09,48.48
11716,2023/2/28 1:00,13.57,12.09,48.28
11717,2023/2/28 1:15,13.34,12.09,48.38
11718,2023/2/28 1:30,13.09,12.09,48.25
11719,2023/2/28 1:45,12.83,14.39,47.95
11720,2023/2/28 2:00,12.55,12.48,48.32
11721,2023/2/28 2:15,12.26,12.09,48.48
11722,2023/2/28 2:30,11.96,10.56,48.12
11723,2023/2/28 2:45,11.65,12.48,48.42
11724,2023/2/28 3:00,11.34,12.09,48.25
11725,2023/2/28 3:15,11.04,9.41,46.91
11726,2023/2/28 3:30,10.76,7.11,30.24
11727,2023/2/28 3:45,10.52,7.11,24.41
11728,2023/2/28 4:00,10.32,5.58,16.51
11729,2023/2/28 4:15,10.14,5.2,16.07
11730,2023/2/28 4:30,9.99,5.96,18.85
11731,2023/2/28 4:45,9.88,5.58,15.37
11732,2023/2/28 5:00,9.79,5.2,18.65
11733,2023/2/28 5:15,9.73,5.58,23.44
11734,2023/2/28 5:30,9.69,9.8,28.33
11735,2023/2/28 5:45,9.67,7.88,31.44
11736,2023/2/28 6:00,9.38,9.41,31.74
11737,2023/2/28 6:15,9.4,9.41,32.55
11738,2023/2/28 6:30,9.45,9.41,33.15
11739,2023/2/28 6:45,9.52,9.03,33.65
11740,2023/2/28 7:00,9.59,7.11,34.22
11741,2023/2/28 7:15,9.66,6.35,33.01
11742,2023/2/28 7:30,9.72,7.88,35.09
11743,2023/2/28 7:45,9.76,8.26,37.67
11744,2023/2/28 8:00,9.79,8.65,42.52
11745,2023/2/28 8:15,9.79,10.56,43.26
11746,2023/2/28 8:30,9.79,9.41,42.06
11747,2023/2/28 8:45,9.77,8.26,39.85
11748,2023/2/28 9:00,9.74,9.41,44.2
11749,2023/2/28 9:15,9.71,7.5,41.52
11750,2023/2/28 9:30,9.68,9.41,37.13
11751,2023/2/28 9:45,9.64,8.26,41.25
11752,2023/2/28 10:00,9.61,9.8,33.15
11753,2023/2/28 10:15,9.58,8.26,36.26
11754,2023/2/28 10:30,9.54,7.5,37.03
11755,2023/2/28 10:45,9.48,7.11,32.34
11756,2023/2/28 11:00,9.42,6.35,32.01
11757,2023/2/28 11:15,9.34,6.73,32.91
11758,2023/2/28 11:30,9.27,6.73,30.2
11759,2023/2/28 11:45,9.19,6.73,23.61
11760,2023/2/28 12:00,9.13,7.11,30.54
11761,2023/2/28 12:15,9.05,9.41,24.51
11762,2023/2/28 12:30,8.96,8.65,30.6
11763,2023/2/28 12:45,8.87,7.88,35.19
11764,2023/2/28 13:00,8.76,10.18,37.74
11765,2023/2/28 13:15,8.65,7.5,36.66
11766,2023/2/28 13:30,8.52,8.65,32.31
11767,2023/2/28 13:45,8.38,7.11,34.25
11768,2023/2/28 14:00,8.23,9.41,36.03
11769,2023/2/28 14:15,8.06,7.88,28.56
11770,2023/2/28 14:30,7.88,6.35,18.35
11771,2023/2/28 14:45,7.68,6.73,26.18
11772,2023/2/28 15:00,7.46,8.65,28.73
11773,2023/2/28 15:15,7.23,5.2,22.57
11774,2023/2/28 15:30,6.98,6.35,21.03
11775,2023/2/28 15:45,6.72,7.11,12.86
11776,2023/2/28 16:00,6.44,6.35,11.69
11777,2023/2/28 16:15,6.16,5.58,6.86
11778,2023/2/28 16:30,5.87,4.43,4.89
11779,2023/2/28 16:45,5.58,2.52,1.84
11780,2023/2/28 17:00,5.29,3.67,0.74
11781,2023/2/28 17:15,5.01,2.9,0
11782,2023/2/28 17:30,4.74,2.52,0.17
11783,2023/2/28 17:45,4.47,3.28,0.9
11784,2023/2/28 18:00,4.45,1.75,0.54
11785,2023/2/28 18:15,4.29,1.37,1.54
11786,2023/2/28 18:30,4.14,2.52,1.44
11787,2023/2/28 18:45,4.02,2.9,0
11788,2023/2/28 19:00,3.91,2.14,0
11789,2023/2/28 19:15,3.82,1.75,0
11790,2023/2/28 19:30,3.73,1.75,0
11791,2023/2/28 19:45,3.66,3.28,0
11792,2023/2/28 20:00,3.58,4.05,1.07
11793,2023/2/28 20:15,3.52,4.05,2.18
11794,2023/2/28 20:30,3.45,4.43,2.48
11795,2023/2/28 20:45,3.4,3.67,1.71
11796,2023/2/28 21:00,3.34,3.28,4.32
11797,2023/2/28 21:15,3.3,4.82,5.19
11798,2023/2/28 21:30,3.27,3.67,3.55
11799,2023/2/28 21:45,3.25,4.05,2.24
11800,2023/2/28 22:00,3.26,2.14,2.41
11801,2023/2/28 22:15,3.29,3.28,2.91
11802,2023/2/28 22:30,3.33,2.9,1.94
11803,2023/2/28 22:45,3.4,0.99,1.1
11804,2023/2/28 23:00,3.48,2.52,0.4
11805,2023/2/28 23:15,3.59,2.14,0
11806,2023/2/28 23:30,3.72,2.52,0
11807,2023/2/28 23:45,3.87,2.52,0
11808,2023/3/1 0:00,4.19,2.52,0.07
11809,2023/3/1 0:15,4.41,1.75,0
11810,2023/3/1 0:30,4.65,2.14,0
11811,2023/3/1 0:45,4.9,2.52,0
11812,2023/3/1 1:00,5.16,2.52,0
11813,2023/3/1 1:15,5.43,4.43,0.57
11814,2023/3/1 1:30,5.69,4.05,4.52
11815,2023/3/1 1:45,5.95,4.43,6.86
11816,2023/3/1 2:00,6.2,3.67,6.43
11817,2023/3/1 2:15,6.43,3.67,8.47
11818,2023/3/1 2:30,6.65,5.58,13.23
11819,2023/3/1 2:45,6.86,4.05,16.64
11820,2023/3/1 3:00,7.04,4.82,16.78
11821,2023/3/1 3:15,7.2,4.82,17.21
11822,2023/3/1 3:30,7.34,6.35,17.34
11823,2023/3/1 3:45,7.47,6.35,21.09
11824,2023/3/1 4:00,7.57,7.5,22.67
11825,2023/3/1 4:15,7.66,7.5,23
11826,2023/3/1 4:30,7.73,7.11,24.31
11827,2023/3/1 4:45,7.79,7.5,29.26
11828,2023/3/1 5:00,7.84,9.03,31.41
11829,2023/3/1 5:15,7.88,7.5,33.32
11830,2023/3/1 5:30,7.92,8.65,33.48
11831,2023/3/1 5:45,7.95,7.88,33.92
11832,2023/3/1 6:00,8.22,8.26,37.4
11833,2023/3/1 6:15,8.2,7.5,39.24
11834,2023/3/1 6:30,8.19,10.18,39.71
11835,2023/3/1 6:45,8.18,6.73,36.43
11836,2023/3/1 7:00,8.18,6.73,31.84
11837,2023/3/1 7:15,8.18,6.73,34.25
11838,2023/3/1 7:30,8.19,9.03,38.74
11839,2023/3/1 7:45,8.19,6.73,40.75
11840,2023/3/1 8:00,8.2,8.65,40.98
11841,2023/3/1 8:15,8.21,8.65,41.55
11842,2023/3/1 8:30,8.22,6.73,42.69
11843,2023/3/1 8:45,8.23,7.88,41.75
11844,2023/3/1 9:00,8.25,7.11,37.47
11845,2023/3/1 9:15,8.28,7.5,37.74
11846,2023/3/1 9:30,8.31,7.88,37.47
11847,2023/3/1 9:45,8.34,4.05,40.01
11848,2023/3/1 10:00,8.39,6.73,34.12
11849,2023/3/1 10:15,8.43,7.88,35.46
11850,2023/3/1 10:30,8.48,7.88,34.05
11851,2023/3/1 10:45,8.53,7.5,29.1
11852,2023/3/1 11:00,8.58,6.73,29.6
11853,2023/3/1 11:15,8.62,7.5,29.36
11854,2023/3/1 11:30,8.67,9.03,29.43
11855,2023/3/1 11:45,8.72,8.26,29.06
11856,2023/3/1 12:00,8.71,9.03,29.03
11857,2023/3/1 12:15,8.76,6.73,29.2
11858,2023/3/1 12:30,8.82,5.58,28.83
11859,2023/3/1 12:45,8.87,9.8,29.33
11860,2023/3/1 13:00,8.91,8.65,29.2
11861,2023/3/1 13:15,8.96,9.41,29.26
11862,2023/3/1 13:30,9,11.33,29.26
11863,2023/3/1 13:45,9.03,12.48,29.26
11864,2023/3/1 14:00,9.06,10.94,29.26
11865,2023/3/1 14:15,9.07,10.18,32.91
11866,2023/3/1 14:30,9.07,9.41,36.7
11867,2023/3/1 14:45,9.07,9.41,41.12
11868,2023/3/1 15:00,9.05,9.8,43.73
11869,2023/3/1 15:15,9.02,9.41,44.37
11870,2023/3/1 15:30,8.97,10.56,43.33
11871,2023/3/1 15:45,8.91,11.33,43.63
11872,2023/3/1 16:00,8.84,11.71,45.14
11873,2023/3/1 16:15,8.75,9.8,42.83
11874,2023/3/1 16:30,8.66,9.41,46.68
11875,2023/3/1 16:45,8.57,8.65,48.25
11876,2023/3/1 17:00,8.46,9.8,46.37
11877,2023/3/1 17:15,8.35,9.41,44.83
11878,2023/3/1 17:30,8.23,9.41,45.24
11879,2023/3/1 17:45,8.11,9.41,42.66
11880,2023/3/1 18:00,8.74,8.26,41.02
11881,2023/3/1 18:15,8.56,9.03,41.52
11882,2023/3/1 18:30,8.37,7.11,38.41
11883,2023/3/1 18:45,8.16,7.88,32.71
11884,2023/3/1 19:00,7.93,6.35,27.76
11885,2023/3/1 19:15,7.69,6.35,22.2
11886,2023/3/1 19:30,7.43,6.73,17.14
11887,2023/3/1 19:45,7.15,6.35,14.73
11888,2023/3/1 20:00,6.86,6.35,13.59
11889,2023/3/1 20:15,6.56,6.35,10.65
11890,2023/3/1 20:30,6.24,5.96,8.4
11891,2023/3/1 20:45,5.93,5.2,6.9
11892,2023/3/1 21:00,5.6,4.82,3.52
11893,2023/3/1 21:15,5.28,3.67,1.71
11894,2023/3/1 21:30,4.98,2.9,0.87
11895,2023/3/1 21:45,4.7,1.75,0
11896,2023/3/1 22:00,4.45,1.75,0
11897,2023/3/1 22:15,4.22,2.14,0
11898,2023/3/1 22:30,4.03,0,0
11899,2023/3/1 22:45,3.88,1.37,0
11900,2023/3/1 23:00,3.77,1.75,0
11901,2023/3/1 23:15,3.69,2.14,0
11902,2023/3/1 23:30,3.65,2.9,0
11903,2023/3/1 23:45,3.65,4.43,2.14
11904,2023/3/2 0:00,3.7,4.43,7
11905,2023/3/2 0:15,3.77,5.2,10.98
11906,2023/3/2 0:30,3.86,5.2,14.7
11907,2023/3/2 0:45,3.96,6.35,16.51
11908,2023/3/2 1:00,4.08,5.96,16.47
11909,2023/3/2 1:15,4.2,6.73,16.51
11910,2023/3/2 1:30,4.33,6.73,16.67
11911,2023/3/2 1:45,4.45,5.58,15.03
11912,2023/3/2 2:00,4.56,6.73,18.65
11913,2023/3/2 2:15,4.67,7.88,22.63
11914,2023/3/2 2:30,4.77,7.5,26.65
11915,2023/3/2 2:45,4.87,6.73,18.88
11916,2023/3/2 3:00,4.95,6.73,18.62
11917,2023/3/2 3:15,5.03,6.73,19.42
11918,2023/3/2 3:30,5.11,6.35,14.1
11919,2023/3/2 3:45,5.19,6.73,15.94
11920,2023/3/2 4:00,5.28,6.35,13.33
11921,2023/3/2 4:15,5.37,7.11,17.71
11922,2023/3/2 4:30,5.49,6.35,11.52
11923,2023/3/2 4:45,5.62,5.2,8.91
11924,2023/3/2 5:00,5.78,5.58,11.25
11925,2023/3/2 5:15,5.96,4.82,7.33
11926,2023/3/2 5:30,6.16,4.43,6.63
11927,2023/3/2 5:45,6.38,4.82,6.03
11928,2023/3/2 6:00,6.18,4.82,7.33
11929,2023/3/2 6:15,6.39,5.96,11.69
11930,2023/3/2 6:30,6.63,7.11,16.71
11931,2023/3/2 6:45,6.88,6.73,18.88
11932,2023/3/2 7:00,7.15,7.5,21.23
11933,2023/3/2 7:15,7.43,9.03,21.4
11934,2023/3/2 7:30,7.7,9.8,21.73
11935,2023/3/2 7:45,7.97,9.41,22.23
11936,2023/3/2 8:00,8.22,9.03,22.74
11937,2023/3/2 8:15,8.46,9.8,23.4
11938,2023/3/2 8:30,8.69,6.35,28.13
11939,2023/3/2 8:45,8.9,6.73,31.37
11940,2023/3/2 9:00,9.11,7.88,33.65
11941,2023/3/2 9:15,9.29,8.26,34.96
11942,2023/3/2 9:30,9.47,7.5,38.71
11943,2023/3/2 9:45,9.64,7.5,39.14
11944,2023/3/2 10:00,9.81,9.03,39.85
11945,2023/3/2 10:15,9.96,10.94,40.38
11946,2023/3/2 10:30,10.11,11.33,41.02
11947,2023/3/2 10:45,10.26,10.56,44.33
11948,2023/3/2 11:00,10.4,7.5,45.77
11949,2023/3/2 11:15,10.55,13.24,41.25
11950,2023/3/2 11:30,10.69,13.63,43.43
11951,2023/3/2 11:45,10.84,9.03,48.42
11952,2023/3/2 12:00,11.02,13.24,48.82
11953,2023/3/2 12:15,11.17,11.71,48.28
11954,2023/3/2 12:30,11.29,12.86,48.35
11955,2023/3/2 12:45,11.4,13.63,48.32
11956,2023/3/2 13:00,11.49,12.48,48.38
11957,2023/3/2 13:15,11.55,12.09,48.35
11958,2023/3/2 13:30,11.6,10.56,48.58
11959,2023/3/2 13:45,11.62,10.94,48.52
11960,2023/3/2 14:00,11.61,10.94,48.48
11961,2023/3/2 14:15,11.57,14.77,48.55
11962,2023/3/2 14:30,11.51,15.92,48.45
11963,2023/3/2 14:45,11.41,14.77,48.28
11964,2023/3/2 15:00,11.29,11.71,48.65
11965,2023/3/2 15:15,11.13,12.86,48.42
11966,2023/3/2 15:30,10.95,9.41,48.35
11967,2023/3/2 15:45,10.75,11.33,48.22
11968,2023/3/2 16:00,10.53,10.18,48.18
11969,2023/3/2 16:15,10.29,12.09,48.28
11970,2023/3/2 16:30,10.05,11.71,47.58
11971,2023/3/2 16:45,9.81,10.56,45.94
11972,2023/3/2 17:00,9.58,10.18,44.33
11973,2023/3/2 17:15,9.36,10.18,43.06
11974,2023/3/2 17:30,9.15,8.65,38.27
11975,2023/3/2 17:45,8.95,7.5,26.05
11976,2023/3/2 18:00,8.42,5.96,22.87
11977,2023/3/2 18:15,8.19,5.58,19.99
11978,2023/3/2 18:30,7.97,5.2,19.96
11979,2023/3/2 18:45,7.76,5.58,15.7
11980,2023/3/2 19:00,7.55,5.58,19.39
11981,2023/3/2 19:15,7.36,6.73,19.42
11982,2023/3/2 19:30,7.19,6.73,23.74
11983,2023/3/2 19:45,7.05,8.65,28.29
11984,2023/3/2 20:00,6.92,5.58,17.91
11985,2023/3/2 20:15,6.83,5.2,14.16
11986,2023/3/2 20:30,6.77,6.73,16.61
11987,2023/3/2 20:45,6.74,7.88,21.46
11988,2023/3/2 21:00,6.73,5.2,22.07
11989,2023/3/2 21:15,6.75,7.11,22.87
11990,2023/3/2 21:30,6.78,7.11,23.27
11991,2023/3/2 21:45,6.81,7.5,24.48
11992,2023/3/2 22:00,6.85,8.26,23.24
11993,2023/3/2 22:15,6.89,5.96,11.75
11994,2023/3/2 22:30,6.94,6.73,8.84
11995,2023/3/2 22:45,6.99,4.05,0.87
11996,2023/3/2 23:00,7.04,3.28,0.9
11997,2023/3/2 23:15,7.09,5.2,1.07
11998,2023/3/2 23:30,7.14,4.43,0.2
11999,2023/3/2 23:45,7.17,2.9,0
12000,2023/3/3 0:00,7.14,2.14,0
12001,2023/3/3 0:15,7.11,3.67,0
12002,2023/3/3 0:30,7.06,3.28,0
12003,2023/3/3 0:45,6.99,4.43,2.78
12004,2023/3/3 1:00,6.89,4.82,2.38
12005,2023/3/3 1:15,6.76,5.2,4.05
12006,2023/3/3 1:30,6.63,3.67,4.86
12007,2023/3/3 1:45,6.51,5.96,5.83
12008,2023/3/3 2:00,6.37,4.43,6.33
12009,2023/3/3 2:15,6.24,5.58,6.43
12010,2023/3/3 2:30,6.1,5.96,8.37
12011,2023/3/3 2:45,5.95,6.73,11.52
12012,2023/3/3 3:00,5.81,7.5,10.31
12013,2023/3/3 3:15,5.67,5.96,8.84
12014,2023/3/3 3:30,5.52,6.35,9.64
12015,2023/3/3 3:45,5.37,5.58,9.58
12016,2023/3/3 4:00,5.23,5.58,10.15
12017,2023/3/3 4:15,5.08,3.28,8.14
12018,2023/3/3 4:30,4.93,3.67,10.25
12019,2023/3/3 4:45,4.77,2.14,6.83
12020,2023/3/3 5:00,4.62,3.28,3.01
12021,2023/3/3 5:15,4.46,3.67,1.41
12022,2023/3/3 5:30,4.3,2.52,0
12023,2023/3/3 5:45,4.14,2.52,0
12024,2023/3/3 6:00,3.88,4.05,0
12025,2023/3/3 6:15,3.72,3.67,0.9
12026,2023/3/3 6:30,3.56,2.14,0.33
12027,2023/3/3 6:45,3.39,2.52,0
12028,2023/3/3 7:00,3.22,3.67,0.3
12029,2023/3/3 7:15,3.06,3.28,1.04
12030,2023/3/3 7:30,2.9,4.43,2.65
12031,2023/3/3 7:45,2.75,4.05,1.84
12032,2023/3/3 8:00,2.61,4.43,3.38
12033,2023/3/3 8:15,2.48,4.43,6.56
12034,2023/3/3 8:30,2.36,3.28,4.22
12035,2023/3/3 8:45,2.25,4.82,3.92
12036,2023/3/3 9:00,2.15,1.75,2.21
12037,2023/3/3 9:15,2.06,3.28,1.64
12038,2023/3/3 9:30,1.98,3.28,1.34
12039,2023/3/3 9:45,1.9,4.43,0.84
12040,2023/3/3 10:00,1.83,2.9,0.6
12041,2023/3/3 10:15,1.76,3.28,0.13
12042,2023/3/3 10:30,1.71,2.9,0.54
12043,2023/3/3 10:45,1.66,2.9,0
12044,2023/3/3 11:00,1.63,2.9,0
12045,2023/3/3 11:15,1.61,3.67,0
12046,2023/3/3 11:30,1.59,3.67,0
12047,2023/3/3 11:45,1.58,2.52,0
12048,2023/3/3 12:00,1.5,0,0
12049,2023/3/3 12:15,1.48,1.75,0
12050,2023/3/3 12:30,1.46,2.52,0
12051,2023/3/3 12:45,1.44,1.37,0
12052,2023/3/3 13:00,1.42,2.14,0
12053,2023/3/3 13:15,1.39,0.99,0
12054,2023/3/3 13:30,1.36,0.99,0
12055,2023/3/3 13:45,1.33,1.75,0
12056,2023/3/3 14:00,1.31,2.9,0
12057,2023/3/3 14:15,1.28,1.37,0
12058,2023/3/3 14:30,1.26,2.52,0
12059,2023/3/3 14:45,1.24,0.6,0
12060,2023/3/3 15:00,1.22,1.75,0
12061,2023/3/3 15:15,1.21,1.37,0
12062,2023/3/3 15:30,1.2,1.37,0
12063,2023/3/3 15:45,1.21,0,0
12064,2023/3/3 16:00,1.22,0,0
12065,2023/3/3 16:15,1.24,0,0
12066,2023/3/3 16:30,1.26,1.75,0
12067,2023/3/3 16:45,1.3,1.37,0
12068,2023/3/3 17:00,1.34,1.37,0
12069,2023/3/3 17:15,1.39,1.75,0
12070,2023/3/3 17:30,1.45,0.99,0
12071,2023/3/3 17:45,1.52,1.37,0
12072,2023/3/3 18:00,1.72,0,0
12073,2023/3/3 18:15,1.71,0.99,0
12074,2023/3/3 18:30,1.71,0.6,0
12075,2023/3/3 18:45,1.73,0,0
12076,2023/3/3 19:00,1.75,0,0
12077,2023/3/3 19:15,1.79,0.6,0
12078,2023/3/3 19:30,1.84,1.75,0
12079,2023/3/3 19:45,1.9,1.75,0
12080,2023/3/3 20:00,1.98,0,0
12081,2023/3/3 20:15,2.06,1.75,0
12082,2023/3/3 20:30,2.16,2.9,0
12083,2023/3/3 20:45,2.28,3.67,0.23
12084,2023/3/3 21:00,2.42,3.28,0.47
12085,2023/3/3 21:15,2.58,0.99,0.57
12086,2023/3/3 21:30,2.75,2.52,5.42
12087,2023/3/3 21:45,2.94,4.82,10.28
12088,2023/3/3 22:00,3.14,3.28,15.13
12089,2023/3/3 22:15,3.36,2.52,16.54
12090,2023/3/3 22:30,3.57,2.9,16.88
12091,2023/3/3 22:45,3.78,2.9,17.24
12092,2023/3/3 23:00,3.98,4.05,17.88
12093,2023/3/3 23:15,4.18,4.82,18.55
12094,2023/3/3 23:30,4.36,4.05,19.19
12095,2023/3/3 23:45,4.55,4.05,21.93
12096,2023/3/4 0:00,4.68,4.43,26.69
12097,2023/3/4 0:15,4.85,4.82,31.14
12098,2023/3/4 0:30,5.01,5.58,28.33
12099,2023/3/4 0:45,5.15,6.73,26.89
12100,2023/3/4 1:00,5.27,5.96,26.42
12101,2023/3/4 1:15,5.39,5.96,29.26
12102,2023/3/4 1:30,5.49,4.82,25.92
12103,2023/3/4 1:45,5.59,5.2,26.32
12104,2023/3/4 2:00,5.68,5.58,24.91
12105,2023/3/4 2:15,5.76,5.2,20.96
12106,2023/3/4 2:30,5.83,5.96,20.89
12107,2023/3/4 2:45,5.89,5.96,20.66
12108,2023/3/4 3:00,5.93,5.2,16.88
12109,2023/3/4 3:15,5.97,4.82,16.01
12110,2023/3/4 3:30,6,4.82,14.6
12111,2023/3/4 3:45,6.03,4.05,11.95
12112,2023/3/4 4:00,6.06,3.28,11.32
12113,2023/3/4 4:15,6.08,3.67,13.06
12114,2023/3/4 4:30,6.09,3.67,14.13
12115,2023/3/4 4:45,6.11,5.96,14.77
12116,2023/3/4 5:00,6.13,4.82,14.46
12117,2023/3/4 5:15,6.15,2.52,12.19
12118,2023/3/4 5:30,6.17,2.9,15.97
12119,2023/3/4 5:45,6.18,2.9,15
12120,2023/3/4 6:00,5.47,2.52,15.57
12121,2023/3/4 6:15,5.52,5.2,15.03
12122,2023/3/4 6:30,5.56,3.67,15.37
12123,2023/3/4 6:45,5.59,4.82,14.6
12124,2023/3/4 7:00,5.62,5.96,15.64
12125,2023/3/4 7:15,5.63,6.73,19.05
12126,2023/3/4 7:30,5.64,4.05,19.12
12127,2023/3/4 7:45,5.64,4.82,19.62
12128,2023/3/4 8:00,5.63,4.82,16.71
12129,2023/3/4 8:15,5.61,5.2,17.55
12130,2023/3/4 8:30,5.58,5.2,15.5
12131,2023/3/4 8:45,5.54,3.67,12.96
12132,2023/3/4 9:00,5.49,3.28,10.05
12133,2023/3/4 9:15,5.43,1.75,9.07
12134,2023/3/4 9:30,5.37,4.05,9.84
12135,2023/3/4 9:45,5.31,5.2,9.14
12136,2023/3/4 10:00,5.25,4.82,7.6
12137,2023/3/4 10:15,5.18,5.2,9.01
12138,2023/3/4 10:30,5.13,3.67,7.37
12139,2023/3/4 10:45,5.09,3.67,6.86
12140,2023/3/4 11:00,5.06,5.2,7.6
12141,2023/3/4 11:15,5.04,2.9,8.3
12142,2023/3/4 11:30,5.03,5.58,11.99
12143,2023/3/4 11:45,5.03,6.35,16.57
12144,2023/3/4 12:00,5.04,5.96,15.87
12145,2023/3/4 12:15,5.06,6.35,20.59
12146,2023/3/4 12:30,5.09,7.11,17.44
12147,2023/3/4 12:45,5.13,6.35,22.63
12148,2023/3/4 13:00,5.18,7.5,22.77
12149,2023/3/4 13:15,5.24,4.43,23.61
12150,2023/3/4 13:30,5.3,7.88,19.76
12151,2023/3/4 13:45,5.37,6.35,23.4
12152,2023/3/4 14:00,5.44,7.11,22
12153,2023/3/4 14:15,5.51,6.73,22.33
12154,2023/3/4 14:30,5.58,6.73,18.11
12155,2023/3/4 14:45,5.66,5.58,12.79
12156,2023/3/4 15:00,5.73,7.11,15.77
12157,2023/3/4 15:15,5.81,6.35,16.61
12158,2023/3/4 15:30,5.9,7.11,15.74
12159,2023/3/4 15:45,6,5.58,12.92
12160,2023/3/4 16:00,6.1,5.58,18.01
12161,2023/3/4 16:15,6.21,7.11,16.24
12162,2023/3/4 16:30,6.32,6.73,17.65
12163,2023/3/4 16:45,6.44,6.35,17.58
12164,2023/3/4 17:00,6.57,6.35,17.31
12165,2023/3/4 17:15,6.7,7.11,18.65
12166,2023/3/4 17:30,6.84,7.5,21.6
12167,2023/3/4 17:45,6.98,7.88,23.34
12168,2023/3/4 18:00,7.31,7.88,25.88
12169,2023/3/4 18:15,7.46,7.88,26.38
12170,2023/3/4 18:30,7.61,7.88,29.23
12171,2023/3/4 18:45,7.76,8.26,26.92
12172,2023/3/4 19:00,7.91,5.2,22.23
12173,2023/3/4 19:15,8.07,4.43,22.13
12174,2023/3/4 19:30,8.22,4.43,24.07
12175,2023/3/4 19:45,8.36,7.5,27.76
12176,2023/3/4 20:00,8.51,9.41,35.63
12177,2023/3/4 20:15,8.65,10.56,37.47
12178,2023/3/4 20:30,8.79,11.33,37.8
12179,2023/3/4 20:45,8.92,11.71,38.51
12180,2023/3/4 21:00,9.05,12.09,38.81
12181,2023/3/4 21:15,9.18,11.71,39.14
12182,2023/3/4 21:30,9.29,12.09,39.41
12183,2023/3/4 21:45,9.4,12.09,39.95
12184,2023/3/4 22:00,9.5,12.48,44.1
12185,2023/3/4 22:15,9.58,12.48,48.32
12186,2023/3/4 22:30,9.66,12.48,48.38
12187,2023/3/4 22:45,9.73,12.48,48.35
12188,2023/3/4 23:00,9.8,13.24,48.52
12189,2023/3/4 23:15,9.86,13.24,48.48
12190,2023/3/4 23:30,9.91,12.86,48.38
12191,2023/3/4 23:45,9.96,13.24,48.18
12192,2023/3/5 0:00,10.01,12.09,48.48
12193,2023/3/5 0:15,10.04,10.56,48.45
12194,2023/3/5 0:30,10.07,9.03,48.48
12195,2023/3/5 0:45,10.09,9.8,48.25
12196,2023/3/5 1:00,10.11,10.56,48.35
12197,2023/3/5 1:15,10.13,11.33,48.32
12198,2023/3/5 1:30,10.15,11.33,48.38
12199,2023/3/5 1:45,10.17,11.33,48.45
12200,2023/3/5 2:00,10.19,11.33,48.38
12201,2023/3/5 2:15,10.22,11.71,48.48
12202,2023/3/5 2:30,10.25,12.86,48.25
12203,2023/3/5 2:45,10.28,12.48,48.28
12204,2023/3/5 3:00,10.32,10.18,48.35
12205,2023/3/5 3:15,10.36,10.56,48.35
12206,2023/3/5 3:30,10.41,10.18,48.42
12207,2023/3/5 3:45,10.46,11.33,48.32
12208,2023/3/5 4:00,10.53,12.09,48.42
12209,2023/3/5 4:15,10.6,12.09,48.48
12210,2023/3/5 4:30,10.67,12.86,48.38
12211,2023/3/5 4:45,10.76,11.71,48.32
12212,2023/3/5 5:00,10.84,12.09,48.25
12213,2023/3/5 5:15,10.93,12.48,48.45
12214,2023/3/5 5:30,11.03,12.09,48.35
12215,2023/3/5 5:45,11.13,13.24,48.32
12216,2023/3/5 6:00,11.26,11.33,48.38
12217,2023/3/5 6:15,11.35,11.71,48.38
12218,2023/3/5 6:30,11.44,12.48,48.28
12219,2023/3/5 6:45,11.52,13.63,48.08
12220,2023/3/5 7:00,11.6,15.16,48.48
12221,2023/3/5 7:15,11.68,13.24,48.15
12222,2023/3/5 7:30,11.75,12.09,48.28
12223,2023/3/5 7:45,11.81,12.86,48.25
12224,2023/3/5 8:00,11.87,12.09,48.52
12225,2023/3/5 8:15,11.92,12.86,48.72
12226,2023/3/5 8:30,11.95,9.41,48.15
12227,2023/3/5 8:45,11.98,11.33,48.52
12228,2023/3/5 9:00,12,7.88,48.08
12229,2023/3/5 9:15,12.01,11.71,48.48
12230,2023/3/5 9:30,12.01,13.24,48.52
12231,2023/3/5 9:45,12.01,8.65,47.45
12232,2023/3/5 10:00,12,7.88,48.25
12233,2023/3/5 10:15,11.99,10.56,48.35
12234,2023/3/5 10:30,11.98,11.71,48.79
12235,2023/3/5 10:45,11.97,10.56,48.38
12236,2023/3/5 11:00,11.97,10.56,48.18
12237,2023/3/5 11:15,11.97,12.09,48.08
12238,2023/3/5 11:30,11.97,11.33,48.58
12239,2023/3/5 11:45,11.98,9.41,47.41
12240,2023/3/5 12:00,12.01,10.18,48.35
12241,2023/3/5 12:15,12.02,10.18,48.32
12242,2023/3/5 12:30,12.04,10.18,48.42
12243,2023/3/5 12:45,12.06,8.26,48.32
12244,2023/3/5 13:00,12.08,12.09,48.22
12245,2023/3/5 13:15,12.11,13.63,48.48
12246,2023/3/5 13:30,12.14,10.94,48.12
12247,2023/3/5 13:45,12.16,12.09,48.42
12248,2023/3/5 14:00,12.18,10.18,48.08
12249,2023/3/5 14:15,12.19,12.09,48.05
12250,2023/3/5 14:30,12.2,9.8,48.35
12251,2023/3/5 14:45,12.21,11.71,48.18
12252,2023/3/5 15:00,12.21,12.48,48.42
12253,2023/3/5 15:15,12.21,11.33,48.22
12254,2023/3/5 15:30,12.21,13.24,48.32
12255,2023/3/5 15:45,12.19,11.71,48.55
12256,2023/3/5 16:00,12.18,11.33,48.45
12257,2023/3/5 16:15,12.15,12.86,48.52
12258,2023/3/5 16:30,12.13,13.63,48.25
12259,2023/3/5 16:45,12.09,12.86,48.38
12260,2023/3/5 17:00,12.06,10.94,48.35
12261,2023/3/5 17:15,12.02,10.18,48.12
12262,2023/3/5 17:30,11.97,10.94,48.05
12263,2023/3/5 17:45,11.92,11.71,48.08
12264,2023/3/5 18:00,12.3,11.71,48.42
12265,2023/3/5 18:15,12.25,11.71,47.95
12266,2023/3/5 18:30,12.18,13.63,48.32
12267,2023/3/5 18:45,12.11,13.63,48.25
12268,2023/3/5 19:00,12.02,12.48,48.12
12269,2023/3/5 19:15,11.93,12.48,48.22
12270,2023/3/5 19:30,11.82,13.63,48.15
12271,2023/3/5 19:45,11.72,11.71,48.25
12272,2023/3/5 20:00,11.6,12.48,48.22
12273,2023/3/5 20:15,11.49,12.48,48.32
12274,2023/3/5 20:30,11.36,14.01,48.25
12275,2023/3/5 20:45,11.24,13.63,48.08
12276,2023/3/5 21:00,11.1,14.39,48.18
12277,2023/3/5 21:15,10.96,11.71,48.12
12278,2023/3/5 21:30,10.8,12.86,48.32
12279,2023/3/5 21:45,10.62,12.48,48.05
12280,2023/3/5 22:00,10.43,11.71,48.12
12281,2023/3/5 22:15,10.21,12.86,48.22
12282,2023/3/5 22:30,9.98,13.63,48.18
12283,2023/3/5 22:45,9.74,14.01,48.18
12284,2023/3/5 23:00,9.49,13.63,48.28
12285,2023/3/5 23:15,9.24,13.63,48.22
12286,2023/3/5 23:30,8.97,14.01,48.32
12287,2023/3/5 23:45,8.7,12.09,48.42
12288,2023/3/6 0:00,8.26,10.94,48.32
12289,2023/3/6 0:15,7.98,9.8,47.91
12290,2023/3/6 0:30,7.71,7.5,43.49
12291,2023/3/6 0:45,7.44,7.5,34.32
12292,2023/3/6 1:00,7.18,6.73,24.31
12293,2023/3/6 1:15,6.94,7.11,15.77
12294,2023/3/6 1:30,6.72,6.35,12.86
12295,2023/3/6 1:45,6.53,5.2,11.45
12296,2023/3/6 2:00,6.36,4.43,11.85
12297,2023/3/6 2:15,6.22,6.73,16.27
12298,2023/3/6 2:30,6.1,7.5,20.66
12299,2023/3/6 2:45,6,5.96,21.43
12300,2023/3/6 3:00,5.91,4.43,24.07
12301,2023/3/6 3:15,5.85,3.67,24.84
12302,2023/3/6 3:30,5.8,6.35,19.25
12303,2023/3/6 3:45,5.77,6.35,16.78
12304,2023/3/6 4:00,5.76,2.52,12.36
12305,2023/3/6 4:15,5.75,1.75,10.85
12306,2023/3/6 4:30,5.75,2.14,7.2
12307,2023/3/6 4:45,5.74,1.75,6.43
12308,2023/3/6 5:00,5.73,2.9,5.02
12309,2023/3/6 5:15,5.71,2.9,5.02
12310,2023/3/6 5:30,5.68,4.05,6.6
12311,2023/3/6 5:45,5.64,4.82,8.5
12312,2023/3/6 6:00,4.74,4.82,10.38
12313,2023/3/6 6:15,4.74,5.96,14.43
12314,2023/3/6 6:30,4.73,6.35,16.34
12315,2023/3/6 6:45,4.71,7.11,20.96
12316,2023/3/6 7:00,4.68,7.5,21.13
12317,2023/3/6 7:15,4.64,7.5,21.16
12318,2023/3/6 7:30,4.59,8.26,21.56
12319,2023/3/6 7:45,4.54,8.65,22.77
12320,2023/3/6 8:00,4.47,8.26,24.98
12321,2023/3/6 8:15,4.4,5.96,22.47
12322,2023/3/6 8:30,4.31,7.11,18.21
12323,2023/3/6 8:45,4.22,5.2,13.39
12324,2023/3/6 9:00,4.11,4.43,10.68
12325,2023/3/6 9:15,4,4.05,9.88
12326,2023/3/6 9:30,3.88,3.67,8.37
12327,2023/3/6 9:45,3.76,2.52,4.75
12328,2023/3/6 10:00,3.65,3.67,4.49
12329,2023/3/6 10:15,3.53,0,2.54
12330,2023/3/6 10:30,3.43,2.9,0
12331,2023/3/6 10:45,3.34,2.9,0
12332,2023/3/6 11:00,3.26,1.37,0
12333,2023/3/6 11:15,3.19,0,0
12334,2023/3/6 11:30,3.14,0,0
12335,2023/3/6 11:45,3.09,2.9,0
12336,2023/3/6 12:00,2.88,2.9,0
12337,2023/3/6 12:15,2.84,2.52,0
12338,2023/3/6 12:30,2.83,3.67,1.98
12339,2023/3/6 12:45,2.83,3.67,3.95
12340,2023/3/6 13:00,2.84,4.05,5.19
12341,2023/3/6 13:15,2.87,4.43,5.36
12342,2023/3/6 13:30,2.91,4.05,5.39
12343,2023/3/6 13:45,2.95,4.05,6.23
12344,2023/3/6 14:00,3,4.82,5.06
12345,2023/3/6 14:15,3.06,5.2,6.53
12346,2023/3/6 14:30,3.13,4.05,5.26
12347,2023/3/6 14:45,3.2,4.43,3.88
12348,2023/3/6 15:00,3.29,2.52,2.24
12349,2023/3/6 15:15,3.39,2.9,1.1
12350,2023/3/6 15:30,3.49,2.14,0.8
12351,2023/3/6 15:45,3.61,2.52,0
12352,2023/3/6 16:00,3.73,2.52,0
12353,2023/3/6 16:15,3.86,2.14,0
12354,2023/3/6 16:30,4,2.52,0
12355,2023/3/6 16:45,4.14,3.28,2.75
12356,2023/3/6 17:00,4.29,5.58,6.4
12357,2023/3/6 17:15,4.44,7.11,14.63
12358,2023/3/6 17:30,4.59,6.35,16.47
12359,2023/3/6 17:45,4.75,6.35,16.47
12360,2023/3/6 18:00,5.56,7.11,16.64
12361,2023/3/6 18:15,5.78,8.26,16.91
12362,2023/3/6 18:30,5.99,8.65,16.88
12363,2023/3/6 18:45,6.19,9.8,16.94
12364,2023/3/6 19:00,6.38,10.94,21.3
12365,2023/3/6 19:15,6.55,12.86,26.08
12366,2023/3/6 19:30,6.69,13.24,30.8
12367,2023/3/6 19:45,6.82,14.77,32.01
12368,2023/3/6 20:00,6.91,14.01,32.91
12369,2023/3/6 20:15,6.98,13.24,33.35
12370,2023/3/6 20:30,7.02,13.63,33.78
12371,2023/3/6 20:45,7.05,13.24,34.22
12372,2023/3/6 21:00,7.05,12.86,34.62
12373,2023/3/6 21:15,7.02,12.09,37.43
12374,2023/3/6 21:30,6.98,11.71,42.02
12375,2023/3/6 21:45,6.91,11.33,46.71
12376,2023/3/6 22:00,6.82,10.56,48.45
12377,2023/3/6 22:15,6.71,5.58,48.38
12378,2023/3/6 22:30,6.6,8.26,38.1
12379,2023/3/6 22:45,6.48,7.11,23.57
12380,2023/3/6 23:00,6.36,7.5,22
12381,2023/3/6 23:15,6.26,4.05,24.51
12382,2023/3/6 23:30,6.16,6.73,25.68
12383,2023/3/6 23:45,6.08,6.35,17.81
12384,2023/3/7 0:00,6.3,4.43,16.51
12385,2023/3/7 0:15,6.19,2.52,16.01
12386,2023/3/7 0:30,6.08,3.67,9.81
12387,2023/3/7 0:45,5.97,1.75,7.63
12388,2023/3/7 1:00,5.87,2.52,4.65
12389,2023/3/7 1:15,5.78,3.28,2.95
12390,2023/3/7 1:30,5.7,2.52,2.04
12391,2023/3/7 1:45,5.64,2.9,3.08
12392,2023/3/7 2:00,5.59,4.82,4.25
12393,2023/3/7 2:15,5.56,3.67,2.18
12394,2023/3/7 2:30,5.55,4.05,4.92
12395,2023/3/7 2:45,5.56,4.05,8.07
12396,2023/3/7 3:00,5.59,4.43,9.27
12397,2023/3/7 3:15,5.64,4.82,11.18
12398,2023/3/7 3:30,5.7,6.35,16.11
12399,2023/3/7 3:45,5.78,4.82,10.75
12400,2023/3/7 4:00,5.87,5.58,12.66
12401,2023/3/7 4:15,5.97,5.96,15.94
12402,2023/3/7 4:30,6.09,7.5,17.18
12403,2023/3/7 4:45,6.24,6.73,15.44
12404,2023/3/7 5:00,6.4,6.73,17.28
12405,2023/3/7 5:15,6.58,5.96,20.22
12406,2023/3/7 5:30,6.77,6.35,24.95
12407,2023/3/7 5:45,6.97,4.43,23.47
12408,2023/3/7 6:00,7.23,7.88,25.21
12409,2023/3/7 6:15,7.45,7.11,28.13
12410,2023/3/7 6:30,7.68,7.88,31.84
12411,2023/3/7 6:45,7.91,11.71,32.31
12412,2023/3/7 7:00,8.13,12.09,32.85
12413,2023/3/7 7:15,8.35,10.56,33.45
12414,2023/3/7 7:30,8.55,8.65,37.53
12415,2023/3/7 7:45,8.72,7.11,34.19
12416,2023/3/7 8:00,8.86,9.41,38.44
12417,2023/3/7 8:15,8.98,8.26,41.15
12418,2023/3/7 8:30,9.06,8.26,32.85
12419,2023/3/7 8:45,9.1,7.5,27.42
12420,2023/3/7 9:00,9.1,4.43,14.2
12421,2023/3/7 9:15,9.05,3.67,14.67
12422,2023/3/7 9:30,8.99,0.99,17.38
12423,2023/3/7 9:45,8.91,2.9,19.49
12424,2023/3/7 10:00,8.81,4.82,24.11
12425,2023/3/7 10:15,8.69,9.8,28.66
12426,2023/3/7 10:30,8.55,6.73,33.72
12427,2023/3/7 10:45,8.4,8.65,38.24
12428,2023/3/7 11:00,8.24,9.03,33.95
12429,2023/3/7 11:15,8.06,7.5,32.85
12430,2023/3/7 11:30,7.87,5.58,30.57
12431,2023/3/7 11:45,7.68,7.88,34.39
12432,2023/3/7 12:00,7.41,8.65,38.07
12433,2023/3/7 12:15,7.21,8.65,36.03
12434,2023/3/7 12:30,7.05,10.18,39.08
12435,2023/3/7 12:45,6.93,10.18,31.84
12436,2023/3/7 13:00,6.84,11.33,36.03
12437,2023/3/7 13:15,6.78,7.11,31.07
12438,2023/3/7 13:30,6.75,2.52,24.78
12439,2023/3/7 13:45,6.75,6.73,23.57
12440,2023/3/7 14:00,6.77,7.11,20.59
12441,2023/3/7 14:15,6.82,5.58,17.31
12442,2023/3/7 14:30,6.9,6.73,18.45
12443,2023/3/7 14:45,6.99,7.11,23.24
12444,2023/3/7 15:00,7.11,5.58,27.96
12445,2023/3/7 15:15,7.24,3.28,33.15
12446,2023/3/7 15:30,7.38,7.88,36.2
12447,2023/3/7 15:45,7.54,10.56,37.07
12448,2023/3/7 16:00,7.71,11.71,37.3
12449,2023/3/7 16:15,7.89,10.18,37.77
12450,2023/3/7 16:30,8.05,10.18,38.17
12451,2023/3/7 16:45,8.19,9.8,38.84
12452,2023/3/7 17:00,8.31,10.94,39.58
12453,2023/3/7 17:15,8.42,8.65,37.64
12454,2023/3/7 17:30,8.52,6.73,32.41
12455,2023/3/7 17:45,8.6,7.5,31.01
12456,2023/3/7 18:00,8.44,8.26,28.96
12457,2023/3/7 18:15,8.43,5.96,27.76
12458,2023/3/7 18:30,8.41,7.11,32.38
12459,2023/3/7 18:45,8.38,7.88,25.65
12460,2023/3/7 19:00,8.35,7.11,16.14
12461,2023/3/7 19:15,8.33,6.73,12.62
12462,2023/3/7 19:30,8.31,6.35,12.05
12463,2023/3/7 19:45,8.29,6.35,13.49
12464,2023/3/7 20:00,8.29,6.35,14.4
12465,2023/3/7 20:15,8.29,6.73,19.19
12466,2023/3/7 20:30,8.3,7.88,24.01
12467,2023/3/7 20:45,8.31,9.03,28.96
12468,2023/3/7 21:00,8.32,8.26,27.96
12469,2023/3/7 21:15,8.34,7.5,25.82
12470,2023/3/7 21:30,8.35,7.5,25.58
12471,2023/3/7 21:45,8.36,8.26,31.37
12472,2023/3/7 22:00,8.37,8.26,39.51
12473,2023/3/7 22:15,8.38,10.56,41.12
12474,2023/3/7 22:30,8.39,11.71,44.37
12475,2023/3/7 22:45,8.39,11.71,45.74
12476,2023/3/7 23:00,8.38,10.56,45.07
12477,2023/3/7 23:15,8.36,9.41,45.5
12478,2023/3/7 23:30,8.34,8.65,37.64
12479,2023/3/7 23:45,8.3,9.8,41.62
12480,2023/3/8 0:00,8.25,9.03,37.43
12481,2023/3/8 0:15,8.2,8.26,35.76
12482,2023/3/8 0:30,8.15,9.03,38.37
12483,2023/3/8 0:45,8.09,7.11,30.64
12484,2023/3/8 1:00,8.02,6.73,33.48
12485,2023/3/8 1:15,7.96,7.5,27.59
12486,2023/3/8 1:30,7.89,6.35,24.07
12487,2023/3/8 1:45,7.83,5.96,23.77
12488,2023/3/8 2:00,7.76,6.35,28.59
12489,2023/3/8 2:15,7.69,7.11,29.83
12490,2023/3/8 2:30,7.61,6.73,29.4
12491,2023/3/8 2:45,7.54,7.11,33.15
12492,2023/3/8 3:00,7.46,7.88,36.6
12493,2023/3/8 3:15,7.38,7.5,39.31
12494,2023/3/8 3:30,7.3,8.65,39.78
12495,2023/3/8 3:45,7.21,9.41,40.28
12496,2023/3/8 4:00,7.11,9.41,38.41
12497,2023/3/8 4:15,7.01,8.65,38.14
12498,2023/3/8 4:30,6.91,8.26,35.12
12499,2023/3/8 4:45,6.79,8.26,32.34
12500,2023/3/8 5:00,6.67,8.65,33.82
12501,2023/3/8 5:15,6.54,7.88,29.13
12502,2023/3/8 5:30,6.4,9.03,25.51
12503,2023/3/8 5:45,6.25,7.88,20.66
12504,2023/3/8 6:00,5.59,6.73,15.8
12505,2023/3/8 6:15,5.42,6.35,11.28
12506,2023/3/8 6:30,5.25,4.82,9.68
12507,2023/3/8 6:45,5.07,4.43,8.14
12508,2023/3/8 7:00,4.88,4.05,8.17
12509,2023/3/8 7:15,4.69,2.9,10.58
12510,2023/3/8 7:30,4.49,3.67,9.78
12511,2023/3/8 7:45,4.3,4.43,7
12512,2023/3/8 8:00,4.09,2.52,4.08
12513,2023/3/8 8:15,3.88,3.28,1.24
12514,2023/3/8 8:30,3.67,2.14,0
12515,2023/3/8 8:45,3.45,0.99,0
12516,2023/3/8 9:00,3.23,0,0
12517,2023/3/8 9:15,3,1.75,0
12518,2023/3/8 9:30,2.78,1.75,0
12519,2023/3/8 9:45,2.57,2.52,0
12520,2023/3/8 10:00,2.37,0,0
12521,2023/3/8 10:15,2.18,0.6,0
12522,2023/3/8 10:30,2,0,0
12523,2023/3/8 10:45,1.84,0.99,0
12524,2023/3/8 11:00,1.69,0,0
12525,2023/3/8 11:15,1.56,4.43,0
12526,2023/3/8 11:30,1.44,2.9,0
12527,2023/3/8 11:45,1.33,1.37,0
12528,2023/3/8 12:00,1.18,2.52,0
12529,2023/3/8 12:15,1.11,4.05,0
12530,2023/3/8 12:30,1.06,4.05,0.87
12531,2023/3/8 12:45,1.04,2.9,0.44
12532,2023/3/8 13:00,1.05,3.67,1.07
12533,2023/3/8 13:15,1.08,2.52,0
12534,2023/3/8 13:30,1.12,3.67,0
12535,2023/3/8 13:45,1.18,2.52,0
12536,2023/3/8 14:00,1.24,2.52,0
12537,2023/3/8 14:15,1.32,1.37,0
12538,2023/3/8 14:30,1.4,2.14,0
12539,2023/3/8 14:45,1.5,1.75,0
12540,2023/3/8 15:00,1.61,1.37,0
12541,2023/3/8 15:15,1.73,1.75,0
12542,2023/3/8 15:30,1.87,1.75,0
12543,2023/3/8 15:45,2.02,2.14,0
12544,2023/3/8 16:00,2.19,0,0
12545,2023/3/8 16:15,2.36,0,0
12546,2023/3/8 16:30,2.55,0,0
12547,2023/3/8 16:45,2.74,0,0
12548,2023/3/8 17:00,2.93,0,0
12549,2023/3/8 17:15,3.14,2.14,0
12550,2023/3/8 17:30,3.35,2.14,0
12551,2023/3/8 17:45,3.56,2.14,0
12552,2023/3/8 18:00,3.67,2.52,0
12553,2023/3/8 18:15,3.89,2.52,0
12554,2023/3/8 18:30,4.09,2.9,0
12555,2023/3/8 18:45,4.28,2.14,0.7
12556,2023/3/8 19:00,4.46,3.28,1.57
12557,2023/3/8 19:15,4.64,4.82,1.54
12558,2023/3/8 19:30,4.8,5.2,6.43
12559,2023/3/8 19:45,4.95,5.58,6.43
12560,2023/3/8 20:00,5.09,6.73,10.25
12561,2023/3/8 20:15,5.22,4.82,11.25
12562,2023/3/8 20:30,5.34,2.14,8.67
12563,2023/3/8 20:45,5.44,2.52,7.33
12564,2023/3/8 21:00,5.54,4.43,7.1
12565,2023/3/8 21:15,5.62,4.43,5.66
12566,2023/3/8 21:30,5.69,2.9,6.86
12567,2023/3/8 21:45,5.73,2.14,6.06
12568,2023/3/8 22:00,5.75,2.52,4.65
12569,2023/3/8 22:15,5.75,1.75,3.75
12570,2023/3/8 22:30,5.75,2.52,5.36
12571,2023/3/8 22:45,5.74,1.75,4.35
12572,2023/3/8 23:00,5.74,3.28,5.49
12573,2023/3/8 23:15,5.73,3.28,5.49
12574,2023/3/8 23:30,5.72,2.52,5.26
12575,2023/3/8 23:45,5.71,2.52,4.99
12576,2023/3/9 0:00,5.69,2.9,6.66
12577,2023/3/9 0:15,5.67,4.82,8.14
12578,2023/3/9 0:30,5.65,4.05,8.64
12579,2023/3/9 0:45,5.64,3.28,9.21
12580,2023/3/9 1:00,5.63,4.43,9.07
12581,2023/3/9 1:15,5.62,2.52,9.07
12582,2023/3/9 1:30,5.62,4.05,9.91
12583,2023/3/9 1:45,5.62,4.43,10.31
12584,2023/3/9 2:00,5.63,2.9,9.91
12585,2023/3/9 2:15,5.64,3.28,12.99
12586,2023/3/9 2:30,5.66,2.9,11.42
12587,2023/3/9 2:45,5.68,3.28,12.92
12588,2023/3/9 3:00,5.7,3.28,14.67
12589,2023/3/9 3:15,5.72,2.9,12.49
12590,2023/3/9 3:30,5.75,2.9,10.88
12591,2023/3/9 3:45,5.79,3.28,12.22
12592,2023/3/9 4:00,5.84,2.52,9.84
12593,2023/3/9 4:15,5.89,3.67,11.02
12594,2023/3/9 4:30,5.94,4.05,12.42
12595,2023/3/9 4:45,5.99,4.43,11.75
12596,2023/3/9 5:00,6.04,3.67,10.08
12597,2023/3/9 5:15,6.08,3.67,10.45
12598,2023/3/9 5:30,6.13,2.9,12.86
12599,2023/3/9 5:45,6.17,3.67,13.59
12600,2023/3/9 6:00,6.53,4.43,18.32
12601,2023/3/9 6:15,6.56,4.05,18.28
12602,2023/3/9 6:30,6.59,4.82,18.45
12603,2023/3/9 6:45,6.59,4.82,20.16
12604,2023/3/9 7:00,6.58,4.82,23.97
12605,2023/3/9 7:15,6.55,5.2,25.58
12606,2023/3/9 7:30,6.5,3.67,24.48
12607,2023/3/9 7:45,6.41,7.11,21.03
12608,2023/3/9 8:00,6.31,5.96,14.6
12609,2023/3/9 8:15,6.18,4.05,7.87
12610,2023/3/9 8:30,6.02,4.43,5.19
12611,2023/3/9 8:45,5.85,4.82,6.66
12612,2023/3/9 9:00,5.66,5.96,7.17
12613,2023/3/9 9:15,5.45,6.35,8.81
12614,2023/3/9 9:30,5.24,4.05,5.76
12615,2023/3/9 9:45,5.04,4.82,5.42
12616,2023/3/9 10:00,4.85,4.05,6.16
12617,2023/3/9 10:15,4.66,4.43,5.73
12618,2023/3/9 10:30,4.47,5.2,5.46
12619,2023/3/9 10:45,4.3,4.05,4.02
12620,2023/3/9 11:00,4.14,4.82,4.59
12621,2023/3/9 11:15,3.98,3.28,2.54
12622,2023/3/9 11:30,3.84,2.9,1.88
12623,2023/3/9 11:45,3.71,1.75,0.57
12624,2023/3/9 12:00,3.6,3.28,0
12625,2023/3/9 12:15,3.5,2.14,0
12626,2023/3/9 12:30,3.41,0.99,0
12627,2023/3/9 12:45,3.33,2.14,0
12628,2023/3/9 13:00,3.26,1.75,0
12629,2023/3/9 13:15,3.2,2.9,0
12630,2023/3/9 13:30,3.13,2.14,0
12631,2023/3/9 13:45,3.06,2.9,1.84
12632,2023/3/9 14:00,2.99,3.67,1.41
12633,2023/3/9 14:15,2.91,2.14,0
12634,2023/3/9 14:30,2.82,3.67,0.07
12635,2023/3/9 14:45,2.73,2.9,0
12636,2023/3/9 15:00,2.63,2.52,0
12637,2023/3/9 15:15,2.53,2.52,0
12638,2023/3/9 15:30,2.44,2.14,0
12639,2023/3/9 15:45,2.35,0.99,0
12640,2023/3/9 16:00,2.27,0.99,0
12641,2023/3/9 16:15,2.2,0,0
12642,2023/3/9 16:30,2.15,0.99,0
12643,2023/3/9 16:45,2.12,2.14,0
12644,2023/3/9 17:00,2.1,2.14,0
12645,2023/3/9 17:15,2.11,2.9,0.23
12646,2023/3/9 17:30,2.14,3.67,0
12647,2023/3/9 17:45,2.19,3.67,0.97
12648,2023/3/9 18:00,2.15,4.05,2.31
12649,2023/3/9 18:15,2.28,3.67,2.85
12650,2023/3/9 18:30,2.42,3.67,4.25
12651,2023/3/9 18:45,2.58,3.28,5.09
12652,2023/3/9 19:00,2.76,4.43,4.62
12653,2023/3/9 19:15,2.95,4.43,3.92
12654,2023/3/9 19:30,3.15,4.05,3.21
12655,2023/3/9 19:45,3.35,3.67,3.88
12656,2023/3/9 20:00,3.56,4.82,5.42
12657,2023/3/9 20:15,3.78,5.58,9.71
12658,2023/3/9 20:30,3.99,6.35,12.82
12659,2023/3/9 20:45,4.2,5.96,17.55
12660,2023/3/9 21:00,4.41,5.96,19.49
12661,2023/3/9 21:15,4.62,5.58,19.76
12662,2023/3/9 21:30,4.83,5.96,20.39
12663,2023/3/9 21:45,5.03,6.35,24.31
12664,2023/3/9 22:00,5.22,7.88,26.25
12665,2023/3/9 22:15,5.4,4.82,17.85
12666,2023/3/9 22:30,5.58,5.96,16.94
12667,2023/3/9 22:45,5.76,5.96,15.94
12668,2023/3/9 23:00,5.93,5.58,14.97
12669,2023/3/9 23:15,6.09,4.82,18.92
12670,2023/3/9 23:30,6.26,5.96,17.91
12671,2023/3/9 23:45,6.42,3.67,20.69
12672,2023/3/10 0:00,6.46,7.11,32.31
12673,2023/3/10 0:15,6.61,8.26,37.6
12674,2023/3/10 0:30,6.75,7.88,42.76
12675,2023/3/10 0:45,6.88,8.26,41.89
12676,2023/3/10 1:00,7.01,9.03,42.22
12677,2023/3/10 1:15,7.12,8.65,43.96
12678,2023/3/10 1:30,7.24,9.03,46.41
12679,2023/3/10 1:45,7.36,9.41,47.85
12680,2023/3/10 2:00,7.49,9.41,47.71
12681,2023/3/10 2:15,7.62,10.56,48.75
12682,2023/3/10 2:30,7.76,10.18,48.45
12683,2023/3/10 2:45,7.9,9.8,48.15
12684,2023/3/10 3:00,8.06,9.8,48.38
12685,2023/3/10 3:15,8.21,9.41,48.35
12686,2023/3/10 3:30,8.37,9.41,48.38
12687,2023/3/10 3:45,8.53,11.71,48.45
12688,2023/3/10 4:00,8.69,9.8,48.48
12689,2023/3/10 4:15,8.84,10.18,48.35
12690,2023/3/10 4:30,8.99,10.94,48.58
12691,2023/3/10 4:45,9.15,10.94,48.38
12692,2023/3/10 5:00,9.31,10.18,48.28
12693,2023/3/10 5:15,9.47,9.8,48.35
12694,2023/3/10 5:30,9.62,9.8,48.48
12695,2023/3/10 5:45,9.77,10.18,48.52
12696,2023/3/10 6:00,9.37,9.8,48.48
12697,2023/3/10 6:15,9.45,10.18,48.25
12698,2023/3/10 6:30,9.51,10.56,46.94
12699,2023/3/10 6:45,9.57,8.26,46.68
12700,2023/3/10 7:00,9.61,9.8,45.57
12701,2023/3/10 7:15,9.63,9.41,47.31
12702,2023/3/10 7:30,9.66,9.8,47.51
12703,2023/3/10 7:45,9.68,9.8,47.45
12704,2023/3/10 8:00,9.71,9.41,46.68
12705,2023/3/10 8:15,9.73,9.03,46.64
12706,2023/3/10 8:30,9.75,9.8,47.45
12707,2023/3/10 8:45,9.78,9.8,43.29
12708,2023/3/10 9:00,9.8,8.65,44.77
12709,2023/3/10 9:15,9.82,7.88,37.57
12710,2023/3/10 9:30,9.86,8.65,32.21
12711,2023/3/10 9:45,9.9,8.26,33.68
12712,2023/3/10 10:00,9.96,8.26,36.97
12713,2023/3/10 10:15,10.02,8.65,39.81
12714,2023/3/10 10:30,10.1,9.03,42.72
12715,2023/3/10 10:45,10.2,11.71,42.79
12716,2023/3/10 11:00,10.3,10.94,44.4
12717,2023/3/10 11:15,10.42,10.94,43.6
12718,2023/3/10 11:30,10.54,10.56,46.24
12719,2023/3/10 11:45,10.67,9.8,47.95
12720,2023/3/10 12:00,10.9,11.71,47.18
12721,2023/3/10 12:15,11.05,13.24,48.18
12722,2023/3/10 12:30,11.2,10.18,48.38
12723,2023/3/10 12:45,11.35,13.63,48.35
12724,2023/3/10 13:00,11.51,13.24,48.38
12725,2023/3/10 13:15,11.67,12.09,48.32
12726,2023/3/10 13:30,11.82,14.39,48.38
12727,2023/3/10 13:45,11.96,11.71,48.28
12728,2023/3/10 14:00,12.08,12.09,48.32
12729,2023/3/10 14:15,12.19,12.09,48.35
12730,2023/3/10 14:30,12.29,12.48,48.02
12731,2023/3/10 14:45,12.39,13.63,48.35
12732,2023/3/10 15:00,12.48,12.86,48.58
12733,2023/3/10 15:15,12.56,12.09,48.32
12734,2023/3/10 15:30,12.66,11.71,48.12
12735,2023/3/10 15:45,12.78,13.24,47.31
12736,2023/3/10 16:00,12.91,15.92,48.38
12737,2023/3/10 16:15,13.06,11.71,48.52
12738,2023/3/10 16:30,13.21,14.39,48.15
12739,2023/3/10 16:45,13.37,16.31,48.52
12740,2023/3/10 17:00,13.53,16.69,48.08
12741,2023/3/10 17:15,13.7,17.45,48.25
12742,2023/3/10 17:30,13.86,17.45,48.62
12743,2023/3/10 17:45,14.03,17.45,48.22
12744,2023/3/10 18:00,14.44,14.77,48.18
12745,2023/3/10 18:15,14.65,14.77,48.35
12746,2023/3/10 18:30,14.83,12.86,48.38
12747,2023/3/10 18:45,14.96,14.77,48.42
12748,2023/3/10 19:00,15.05,16.69,48.02
12749,2023/3/10 19:15,15.09,17.07,48.48
12750,2023/3/10 19:30,15.08,12.86,48.18
12751,2023/3/10 19:45,15.02,14.39,48.65
12752,2023/3/10 20:00,14.93,15.92,48.12
12753,2023/3/10 20:15,14.81,15.92,48.58
12754,2023/3/10 20:30,14.66,12.09,48.25
12755,2023/3/10 20:45,14.48,11.33,48.48
12756,2023/3/10 21:00,14.29,12.86,48.68
12757,2023/3/10 21:15,14.08,11.71,48.45
12758,2023/3/10 21:30,13.86,12.48,48.08
12759,2023/3/10 21:45,13.62,12.09,48.42
12760,2023/3/10 22:00,13.37,13.63,48.28
12761,2023/3/10 22:15,13.11,10.56,48.48
12762,2023/3/10 22:30,12.86,5.2,48.22
12763,2023/3/10 22:45,12.62,5.58,47.81
12764,2023/3/10 23:00,12.39,8.65,44.23
12765,2023/3/10 23:15,12.18,7.88,47.35
12766,2023/3/10 23:30,11.98,9.8,48.35
12767,2023/3/10 23:45,11.79,11.71,48.12
12768,2023/3/11 0:00,11.6,10.18,48.32
12769,2023/3/11 0:15,11.43,11.33,48.22
12770,2023/3/11 0:30,11.25,7.5,33.52
12771,2023/3/11 0:45,11.09,6.73,28.73
12772,2023/3/11 1:00,10.92,5.2,33.55
12773,2023/3/11 1:15,10.76,7.5,39.24
12774,2023/3/11 1:30,10.6,6.35,35.86
12775,2023/3/11 1:45,10.45,7.5,31.57
12776,2023/3/11 2:00,10.3,6.35,29.83
12777,2023/3/11 2:15,10.16,5.96,20.76
12778,2023/3/11 2:30,10.02,7.11,21.5
12779,2023/3/11 2:45,9.88,7.5,26.59
12780,2023/3/11 3:00,9.73,8.65,39.98
12781,2023/3/11 3:15,9.57,9.41,46.44
12782,2023/3/11 3:30,9.43,9.03,45.3
12783,2023/3/11 3:45,9.29,9.03,43.13
12784,2023/3/11 4:00,9.16,8.65,39.14
12785,2023/3/11 4:15,9.04,10.56,42.06
12786,2023/3/11 4:30,8.93,10.94,47.01
12787,2023/3/11 4:45,8.84,10.18,47.65
12788,2023/3/11 5:00,8.77,10.56,47.28
12789,2023/3/11 5:15,8.71,10.56,48.42
12790,2023/3/11 5:30,8.66,10.56,47.45
12791,2023/3/11 5:45,8.63,12.09,48.35
12792,2023/3/11 6:00,9.09,11.71,48.28
12793,2023/3/11 6:15,9.13,9.8,48.28
12794,2023/3/11 6:30,9.17,12.09,48.42
12795,2023/3/11 6:45,9.24,10.56,48.35
12796,2023/3/11 7:00,9.31,10.18,45.87
12797,2023/3/11 7:15,9.39,10.94,43.86
12798,2023/3/11 7:30,9.47,10.56,46.44
12799,2023/3/11 7:45,9.53,10.56,43.96
12800,2023/3/11 8:00,9.58,9.03,40.28
12801,2023/3/11 8:15,9.63,8.26,42.39
12802,2023/3/11 8:30,9.66,10.56,41.32
12803,2023/3/11 8:45,9.68,9.41,43.8
12804,2023/3/11 9:00,9.69,12.09,48.52
12805,2023/3/11 9:15,9.7,10.94,48.32
12806,2023/3/11 9:30,9.7,13.63,48.25
12807,2023/3/11 9:45,9.7,10.94,46.44
12808,2023/3/11 10:00,9.7,12.09,48.45
12809,2023/3/11 10:15,9.7,13.24,48.42
12810,2023/3/11 10:30,9.7,9.8,48.48
12811,2023/3/11 10:45,9.7,10.94,48.48
12812,2023/3/11 11:00,9.69,11.33,48.28
12813,2023/3/11 11:15,9.68,9.8,48.25
12814,2023/3/11 11:30,9.67,9.8,46.37
12815,2023/3/11 11:45,9.66,9.8,47.25
12816,2023/3/11 12:00,9.65,10.94,48.08
12817,2023/3/11 12:15,9.65,9.8,48.42
12818,2023/3/11 12:30,9.64,12.09,48.22
12819,2023/3/11 12:45,9.63,9.41,44.93
12820,2023/3/11 13:00,9.62,13.24,48.18
12821,2023/3/11 13:15,9.6,7.11,44.93
12822,2023/3/11 13:30,9.57,8.65,46.98
12823,2023/3/11 13:45,9.53,8.26,45
12824,2023/3/11 14:00,9.48,10.18,45.57
12825,2023/3/11 14:15,9.43,10.18,47.11
12826,2023/3/11 14:30,9.37,12.86,48.38
12827,2023/3/11 14:45,9.29,10.94,48.32
12828,2023/3/11 15:00,9.21,12.48,48.65
12829,2023/3/11 15:15,9.12,11.71,48.32
12830,2023/3/11 15:30,9.03,13.24,48.48
12831,2023/3/11 15:45,8.95,11.33,46.71
12832,2023/3/11 16:00,8.88,10.18,42.29
12833,2023/3/11 16:15,8.82,10.94,41.22
12834,2023/3/11 16:30,8.77,6.73,39.08
12835,2023/3/11 16:45,8.73,6.73,41.12
12836,2023/3/11 17:00,8.71,9.41,47.35
12837,2023/3/11 17:15,8.7,10.18,48.32
12838,2023/3/11 17:30,8.7,9.8,48.38
12839,2023/3/11 17:45,8.71,10.94,47.41
12840,2023/3/11 18:00,8.68,7.5,46.27
12841,2023/3/11 18:15,8.72,7.88,45.04
12842,2023/3/11 18:30,8.77,9.41,43.23
12843,2023/3/11 18:45,8.82,7.5,43.53
12844,2023/3/11 19:00,8.89,7.88,43.86
12845,2023/3/11 19:15,8.97,9.41,48.22
12846,2023/3/11 19:30,9.05,7.5,46.51
12847,2023/3/11 19:45,9.13,7.5,48.38
12848,2023/3/11 20:00,9.21,9.8,48.05
12849,2023/3/11 20:15,9.28,7.5,46.78
12850,2023/3/11 20:30,9.34,9.03,45.64
12851,2023/3/11 20:45,9.4,6.73,46.54
12852,2023/3/11 21:00,9.44,7.11,43.23
12853,2023/3/11 21:15,9.47,7.5,42.42
12854,2023/3/11 21:30,9.5,5.58,36.87
12855,2023/3/11 21:45,9.51,4.43,39.21
12856,2023/3/11 22:00,9.51,7.5,43.86
12857,2023/3/11 22:15,9.48,8.26,42.59
12858,2023/3/11 22:30,9.44,7.5,30.5
12859,2023/3/11 22:45,9.39,7.88,28.49
12860,2023/3/11 23:00,9.31,9.03,30.1
12861,2023/3/11 23:15,9.21,7.11,27.22
12862,2023/3/11 23:30,9.09,6.35,25.48
12863,2023/3/11 23:45,8.96,6.73,24.71
12864,2023/3/12 0:00,8.82,6.73,23.64
12865,2023/3/12 0:15,8.64,7.5,22.77
12866,2023/3/12 0:30,8.46,7.5,26.12
12867,2023/3/12 0:45,8.28,7.11,25.08
12868,2023/3/12 1:00,8.09,7.11,24.07
12869,2023/3/12 1:15,7.9,7.11,23.17
12870,2023/3/12 1:30,7.71,6.35,17.04
12871,2023/3/12 1:45,7.53,6.73,17.31
12872,2023/3/12 2:00,7.34,6.73,17.21
12873,2023/3/12 2:15,7.17,6.35,16.84
12874,2023/3/12 2:30,7,6.35,15.34
12875,2023/3/12 2:45,6.85,4.05,10.88
12876,2023/3/12 3:00,6.72,3.28,12.29
12877,2023/3/12 3:15,6.6,5.2,13.73
12878,2023/3/12 3:30,6.5,5.96,16.54
12879,2023/3/12 3:45,6.42,4.82,18.15
12880,2023/3/12 4:00,6.35,4.05,13.29
12881,2023/3/12 4:15,6.3,5.2,17.61
12882,2023/3/12 4:30,6.25,6.73,18.62
12883,2023/3/12 4:45,6.21,5.96,12.32
12884,2023/3/12 5:00,6.17,2.9,8.84
12885,2023/3/12 5:15,6.13,5.58,11.45
12886,2023/3/12 5:30,6.1,3.67,9.44
12887,2023/3/12 5:45,6.07,5.58,12.05
12888,2023/3/12 6:00,6.17,4.82,11.52
12889,2023/3/12 6:15,6.16,4.43,6.63
12890,2023/3/12 6:30,6.16,3.28,6.86
12891,2023/3/12 6:45,6.16,2.14,8
12892,2023/3/12 7:00,6.15,5.58,9.14
12893,2023/3/12 7:15,6.14,3.28,7.9
12894,2023/3/12 7:30,6.13,3.67,12.02
12895,2023/3/12 7:45,6.13,3.67,16.47
12896,2023/3/12 8:00,6.12,6.35,17.34
12897,2023/3/12 8:15,6.12,4.05,19.55
12898,2023/3/12 8:30,6.12,4.43,21.43
12899,2023/3/12 8:45,6.13,5.58,19.45
12900,2023/3/12 9:00,6.14,4.82,17.55
12901,2023/3/12 9:15,6.16,5.96,20.39
12902,2023/3/12 9:30,6.18,5.2,16.31
12903,2023/3/12 9:45,6.2,6.73,14.8
12904,2023/3/12 10:00,6.22,4.82,17.81
12905,2023/3/12 10:15,6.24,3.67,20.32
12906,2023/3/12 10:30,6.27,6.73,25.38
12907,2023/3/12 10:45,6.29,7.5,25.28
12908,2023/3/12 11:00,6.32,7.88,28.06
12909,2023/3/12 11:15,6.35,8.26,31.31
12910,2023/3/12 11:30,6.38,6.35,25.72
12911,2023/3/12 11:45,6.4,8.26,22.7
12912,2023/3/12 12:00,6.39,8.26,25.88
12913,2023/3/12 12:15,6.42,9.8,28.09
12914,2023/3/12 12:30,6.44,7.5,28.76
12915,2023/3/12 12:45,6.45,7.88,27.22
12916,2023/3/12 13:00,6.45,7.5,30.1
12917,2023/3/12 13:15,6.45,5.2,33.72
12918,2023/3/12 13:30,6.44,10.56,29.5
12919,2023/3/12 13:45,6.43,8.65,22.5
12920,2023/3/12 14:00,6.41,6.35,26.99
12921,2023/3/12 14:15,6.38,7.5,31.27
12922,2023/3/12 14:30,6.35,8.26,27.96
12923,2023/3/12 14:45,6.3,6.73,26.95
12924,2023/3/12 15:00,6.25,5.2,21.5
12925,2023/3/12 15:15,6.18,5.2,21.06
12926,2023/3/12 15:30,6.1,5.58,21.93
12927,2023/3/12 15:45,6.01,5.58,14.67
12928,2023/3/12 16:00,5.89,4.43,11.05
12929,2023/3/12 16:15,5.76,4.82,9.38
12930,2023/3/12 16:30,5.63,5.96,9.11
12931,2023/3/12 16:45,5.48,4.82,6.76
12932,2023/3/12 17:00,5.32,4.82,5.86
12933,2023/3/12 17:15,5.15,3.67,5.69
12934,2023/3/12 17:30,4.97,4.43,4.25
12935,2023/3/12 17:45,4.79,3.67,2.04
12936,2023/3/12 18:00,4.16,3.67,0.74
12937,2023/3/12 18:15,3.95,2.9,0
12938,2023/3/12 18:30,3.74,2.14,0
12939,2023/3/12 18:45,3.55,1.75,0
12940,2023/3/12 19:00,3.37,1.75,0
12941,2023/3/12 19:15,3.2,1.37,0
12942,2023/3/12 19:30,3.06,0,0
12943,2023/3/12 19:45,2.94,0,0
12944,2023/3/12 20:00,2.84,0,0
12945,2023/3/12 20:15,2.76,0,0
12946,2023/3/12 20:30,2.71,0,0
12947,2023/3/12 20:45,2.69,1.37,0
12948,2023/3/12 21:00,2.7,1.75,0
12949,2023/3/12 21:15,2.73,2.52,0
12950,2023/3/12 21:30,2.78,2.52,0
12951,2023/3/12 21:45,2.85,2.52,0
12952,2023/3/12 22:00,2.94,2.9,0
12953,2023/3/12 22:15,3.04,2.52,0
12954,2023/3/12 22:30,3.15,3.28,0.23
12955,2023/3/12 22:45,3.26,2.14,2.14
12956,2023/3/12 23:00,3.37,2.14,3.28
12957,2023/3/12 23:15,3.48,1.75,4.92
12958,2023/3/12 23:30,3.58,3.28,5.69
12959,2023/3/12 23:45,3.69,4.05,7.3
12960,2023/3/13 0:00,4,3.67,6.7
12961,2023/3/13 0:15,4.1,5.2,8.5
12962,2023/3/13 0:30,4.18,6.35,9.98
12963,2023/3/13 0:45,4.25,5.96,9.11
12964,2023/3/13 1:00,4.31,5.2,6.56
12965,2023/3/13 1:15,4.36,5.58,6.9
12966,2023/3/13 1:30,4.4,5.2,6.53
12967,2023/3/13 1:45,4.43,5.2,7.3
12968,2023/3/13 2:00,4.47,5.58,9.58
12969,2023/3/13 2:15,4.5,6.73,13.56
12970,2023/3/13 2:30,4.54,5.96,8.97
12971,2023/3/13 2:45,4.57,5.96,8.91
12972,2023/3/13 3:00,4.6,5.96,11.72
12973,2023/3/13 3:15,4.64,5.58,10.31
12974,2023/3/13 3:30,4.66,4.82,6.86
12975,2023/3/13 3:45,4.68,4.05,7.1
12976,2023/3/13 4:00,4.69,4.43,4.55
12977,2023/3/13 4:15,4.68,3.67,4.32
12978,2023/3/13 4:30,4.67,3.67,2.81
12979,2023/3/13 4:45,4.65,1.37,1.37
12980,2023/3/13 5:00,4.62,1.75,0
12981,2023/3/13 5:15,4.59,1.37,0
12982,2023/3/13 5:30,4.55,1.37,0
12983,2023/3/13 5:45,4.49,0.99,0
12984,2023/3/13 6:00,4.22,1.75,0
12985,2023/3/13 6:15,4.18,1.75,0
12986,2023/3/13 6:30,4.14,0,0
12987,2023/3/13 6:45,4.09,1.75,0
12988,2023/3/13 7:00,4.05,1.37,0
12989,2023/3/13 7:15,3.99,1.75,0
12990,2023/3/13 7:30,3.94,1.37,0
12991,2023/3/13 7:45,3.87,1.37,0
12992,2023/3/13 8:00,3.8,1.37,0
12993,2023/3/13 8:15,3.72,2.14,0
12994,2023/3/13 8:30,3.63,1.37,0
12995,2023/3/13 8:45,3.54,1.75,0
12996,2023/3/13 9:00,3.44,1.37,0
12997,2023/3/13 9:15,3.33,0.99,0
12998,2023/3/13 9:30,3.23,0,0
12999,2023/3/13 9:45,3.14,2.9,0
13000,2023/3/13 10:00,3.05,2.52,0
13001,2023/3/13 10:15,2.98,2.14,0
13002,2023/3/13 10:30,2.91,1.37,0
13003,2023/3/13 10:45,2.84,3.28,0
13004,2023/3/13 11:00,2.79,1.75,0
13005,2023/3/13 11:15,2.73,2.9,0
13006,2023/3/13 11:30,2.68,2.9,0
13007,2023/3/13 11:45,2.63,4.05,0
13008,2023/3/13 12:00,2.57,2.14,0
13009,2023/3/13 12:15,2.53,2.9,0
13010,2023/3/13 12:30,2.5,4.43,0
13011,2023/3/13 12:45,2.46,1.75,0
13012,2023/3/13 13:00,2.42,2.52,0
13013,2023/3/13 13:15,2.39,2.9,0
13014,2023/3/13 13:30,2.35,4.05,0.1
13015,2023/3/13 13:45,2.3,2.52,0
13016,2023/3/13 14:00,2.25,2.9,0
13017,2023/3/13 14:15,2.19,4.43,0
13018,2023/3/13 14:30,2.13,3.28,0
13019,2023/3/13 14:45,2.07,1.75,0
13020,2023/3/13 15:00,2.01,2.52,0
13021,2023/3/13 15:15,1.96,2.14,0
13022,2023/3/13 15:30,1.91,0,0
13023,2023/3/13 15:45,1.87,0.6,0
13024,2023/3/13 16:00,1.83,0,0
13025,2023/3/13 16:15,1.8,1.75,0
13026,2023/3/13 16:30,1.78,1.37,0
13027,2023/3/13 16:45,1.77,2.14,0
13028,2023/3/13 17:00,1.76,2.52,0
13029,2023/3/13 17:15,1.76,2.14,0
13030,2023/3/13 17:30,1.77,1.75,0
13031,2023/3/13 17:45,1.78,1.75,0
13032,2023/3/13 18:00,1.88,1.37,0
13033,2023/3/13 18:15,1.92,2.14,0
13034,2023/3/13 18:30,1.96,2.14,0
13035,2023/3/13 18:45,2.01,1.75,0
13036,2023/3/13 19:00,2.07,1.75,0
13037,2023/3/13 19:15,2.13,1.75,0
13038,2023/3/13 19:30,2.2,2.14,0
13039,2023/3/13 19:45,2.27,3.67,0
13040,2023/3/13 20:00,2.35,3.67,4.19
13041,2023/3/13 20:15,2.44,4.05,4.86
13042,2023/3/13 20:30,2.53,4.43,6.8
13043,2023/3/13 20:45,2.64,4.82,7.3
13044,2023/3/13 21:00,2.75,5.58,7.23
13045,2023/3/13 21:15,2.88,5.96,8.64
13046,2023/3/13 21:30,3.01,5.58,8.27
13047,2023/3/13 21:45,3.15,5.2,7.87
13048,2023/3/13 22:00,3.29,5.2,7.33
13049,2023/3/13 22:15,3.44,5.58,11.15
13050,2023/3/13 22:30,3.59,5.58,10.88
13051,2023/3/13 22:45,3.74,6.35,14.73
13052,2023/3/13 23:00,3.9,6.35,15.74
13053,2023/3/13 23:15,4.05,5.96,11.89
13054,2023/3/13 23:30,4.2,5.96,14.53
13055,2023/3/13 23:45,4.34,6.35,10.88
13056,2023/3/14 0:00,4.43,6.35,11.95
13057,2023/3/14 0:15,4.57,7.11,13.29
13058,2023/3/14 0:30,4.69,6.35,13.16
13059,2023/3/14 0:45,4.81,6.73,17.08
13060,2023/3/14 1:00,4.92,7.11,17.78
13061,2023/3/14 1:15,5.03,7.5,20.12
13062,2023/3/14 1:30,5.13,7.5,18.05
13063,2023/3/14 1:45,5.23,7.11,18.95
13064,2023/3/14 2:00,5.34,5.58,19.82
13065,2023/3/14 2:15,5.45,7.11,23.84
13066,2023/3/14 2:30,5.55,6.73,21.66
13067,2023/3/14 2:45,5.65,6.73,18.85
13068,2023/3/14 3:00,5.75,6.35,18.95
13069,2023/3/14 3:15,5.84,6.73,21.46
13070,2023/3/14 3:30,5.93,7.5,24.48
13071,2023/3/14 3:45,6.01,6.73,27.82
13072,2023/3/14 4:00,6.09,8.26,29.53
13073,2023/3/14 4:15,6.16,8.26,30.74
13074,2023/3/14 4:30,6.23,8.26,27.05
13075,2023/3/14 4:45,6.29,8.65,27.02
13076,2023/3/14 5:00,6.35,9.03,29.7
13077,2023/3/14 5:15,6.39,7.88,32.81
13078,2023/3/14 5:30,6.42,7.88,30.84
13079,2023/3/14 5:45,6.45,6.73,24.61
13080,2023/3/14 6:00,6.92,7.11,22.7
13081,2023/3/14 6:15,6.86,6.73,19.19
13082,2023/3/14 6:30,6.8,7.11,20.26
13083,2023/3/14 6:45,6.73,7.88,23.77
13084,2023/3/14 7:00,6.65,7.5,21.66
13085,2023/3/14 7:15,6.56,7.11,19.59
13086,2023/3/14 7:30,6.48,5.58,17.65
13087,2023/3/14 7:45,6.41,6.35,14.93
13088,2023/3/14 8:00,6.34,7.5,12.42
13089,2023/3/14 8:15,6.28,5.2,8.87
13090,2023/3/14 8:30,6.23,5.2,9.44
13091,2023/3/14 8:45,6.19,5.2,8.97
13092,2023/3/14 9:00,6.15,5.58,12.25
13093,2023/3/14 9:15,6.12,7.11,12.36
13094,2023/3/14 9:30,6.1,4.82,10.15
13095,2023/3/14 9:45,6.09,4.82,11.28
13096,2023/3/14 10:00,6.09,5.2,11.92
13097,2023/3/14 10:15,6.1,4.05,10.25
13098,2023/3/14 10:30,6.11,5.58,11.92
13099,2023/3/14 10:45,6.12,5.58,11.82
13100,2023/3/14 11:00,6.13,5.58,10.78
13101,2023/3/14 11:15,6.14,4.43,10.21
13102,2023/3/14 11:30,6.15,5.2,12.69
13103,2023/3/14 11:45,6.15,5.2,11.55
13104,2023/3/14 12:00,6.15,6.35,12.36
13105,2023/3/14 12:15,6.15,4.43,12.89
13106,2023/3/14 12:30,6.16,6.73,13.76
13107,2023/3/14 12:45,6.16,5.2,16.21
13108,2023/3/14 13:00,6.17,5.2,15.67
13109,2023/3/14 13:15,6.18,5.58,17.44
13110,2023/3/14 13:30,6.18,6.35,16.91
13111,2023/3/14 13:45,6.18,6.73,20.89
13112,2023/3/14 14:00,6.17,7.88,28.19
13113,2023/3/14 14:15,6.16,5.58,30.5
13114,2023/3/14 14:30,6.15,5.58,25.95
13115,2023/3/14 14:45,6.14,7.88,24.74
13116,2023/3/14 15:00,6.12,7.5,24.91
13117,2023/3/14 15:15,6.11,6.35,31.21
13118,2023/3/14 15:30,6.08,6.73,35.63
13119,2023/3/14 15:45,6.03,8.26,32.24
13120,2023/3/14 16:00,5.97,7.5,29.93
13121,2023/3/14 16:15,5.89,8.65,32.45
13122,2023/3/14 16:30,5.79,7.11,22.84
13123,2023/3/14 16:45,5.68,6.35,11.62
13124,2023/3/14 17:00,5.55,6.35,8.1
13125,2023/3/14 17:15,5.41,4.05,4.12
13126,2023/3/14 17:30,5.27,4.05,6.43
13127,2023/3/14 17:45,5.12,5.2,4.02
13128,2023/3/14 18:00,4.69,4.05,1.57
13129,2023/3/14 18:15,4.49,2.9,1.21
13130,2023/3/14 18:30,4.3,3.28,0.87
13131,2023/3/14 18:45,4.14,3.28,0.74
13132,2023/3/14 19:00,4,1.37,0
13133,2023/3/14 19:15,3.88,2.9,0
13134,2023/3/14 19:30,3.8,0,0
13135,2023/3/14 19:45,3.76,0,0
13136,2023/3/14 20:00,3.75,0,0
13137,2023/3/14 20:15,3.78,0,0
13138,2023/3/14 20:30,3.84,1.37,0
13139,2023/3/14 20:45,3.93,0.99,0
13140,2023/3/14 21:00,4.06,2.14,0
13141,2023/3/14 21:15,4.22,1.75,0
13142,2023/3/14 21:30,4.39,1.37,0
13143,2023/3/14 21:45,4.56,1.37,0
13144,2023/3/14 22:00,4.75,1.75,0
13145,2023/3/14 22:15,4.93,1.37,0
13146,2023/3/14 22:30,5.11,1.75,0
13147,2023/3/14 22:45,5.27,1.37,0
13148,2023/3/14 23:00,5.42,1.37,0
13149,2023/3/14 23:15,5.55,0.99,0
13150,2023/3/14 23:30,5.68,3.28,0
13151,2023/3/14 23:45,5.8,4.43,0.17
13152,2023/3/15 0:00,6.36,6.73,17.68
13153,2023/3/15 0:15,6.43,8.26,31.51
13154,2023/3/15 0:30,6.49,8.26,41.85
13155,2023/3/15 0:45,6.53,9.8,43.19
13156,2023/3/15 1:00,6.55,10.18,48.28
13157,2023/3/15 1:15,6.57,9.41,48.42
13158,2023/3/15 1:30,6.59,11.71,48.38
13159,2023/3/15 1:45,6.63,11.33,42.52
13160,2023/3/15 2:00,6.68,11.71,37.4
13161,2023/3/15 2:15,6.74,9.8,36.87
13162,2023/3/15 2:30,6.81,8.65,35.69
13163,2023/3/15 2:45,6.88,9.03,36.97
13164,2023/3/15 3:00,6.96,8.26,35.16
13165,2023/3/15 3:15,7.04,9.41,40.48
13166,2023/3/15 3:30,7.12,10.94,45.97
13167,2023/3/15 3:45,7.18,10.18,44.9
13168,2023/3/15 4:00,7.23,10.18,45.57
13169,2023/3/15 4:15,7.28,10.94,47.45
13170,2023/3/15 4:30,7.3,6.35,34.69
13171,2023/3/15 4:45,7.31,9.8,41.12
13172,2023/3/15 5:00,7.3,10.18,46.04
13173,2023/3/15 5:15,7.26,11.71,48.45
13174,2023/3/15 5:30,7.21,10.56,41.79
13175,2023/3/15 5:45,7.13,9.41,30.3
13176,2023/3/15 6:00,7.72,8.65,29.1
13177,2023/3/15 6:15,7.69,9.03,37.4
13178,2023/3/15 6:30,7.67,7.88,40.68
13179,2023/3/15 6:45,7.66,8.65,41.12
13180,2023/3/15 7:00,7.66,9.8,47.91
13181,2023/3/15 7:15,7.66,10.56,47.41
13182,2023/3/15 7:30,7.66,9.03,46.71
13183,2023/3/15 7:45,7.68,9.41,43.83
13184,2023/3/15 8:00,7.71,10.18,39.74
13185,2023/3/15 8:15,7.75,9.41,38.37
13186,2023/3/15 8:30,7.79,7.5,39.04
13187,2023/3/15 8:45,7.84,8.65,44.93
13188,2023/3/15 9:00,7.9,10.18,42.02
13189,2023/3/15 9:15,7.97,9.03,39.21
13190,2023/3/15 9:30,8.03,7.5,34.15
13191,2023/3/15 9:45,8.1,8.65,33.12
13192,2023/3/15 10:00,8.17,9.03,0
13193,2023/3/15 10:15,8.24,8.26,0
13194,2023/3/15 10:30,8.31,7.88,0
13195,2023/3/15 10:45,8.37,7.88,0
13196,2023/3/15 11:00,8.43,6.73,0
13197,2023/3/15 11:15,8.49,6.73,0
13198,2023/3/15 11:30,8.53,9.8,0
13199,2023/3/15 11:45,8.57,9.8,0
13200,2023/3/15 12:00,8.67,7.5,0
13201,2023/3/15 12:15,8.69,9.8,0
13202,2023/3/15 12:30,8.69,7.11,15
13203,2023/3/15 12:45,8.67,6.35,29.87
13204,2023/3/15 13:00,8.64,6.73,24.04
13205,2023/3/15 13:15,8.59,7.88,35.76
13206,2023/3/15 13:30,8.52,4.82,19.65
13207,2023/3/15 13:45,8.45,7.5,30.37
13208,2023/3/15 14:00,8.36,6.73,19.42
13209,2023/3/15 14:15,8.25,6.35,26.42
13210,2023/3/15 14:30,8.14,5.58,25.31
13211,2023/3/15 14:45,8.01,5.58,25.85
13212,2023/3/15 15:00,7.87,5.58,31.14
13213,2023/3/15 15:15,7.72,6.73,20.89
13214,2023/3/15 15:30,7.56,5.58,33.28
13215,2023/3/15 15:45,7.4,7.5,37.53
13216,2023/3/15 16:00,7.23,5.96,36.76
13217,2023/3/15 16:15,7.05,6.35,24.98
13218,2023/3/15 16:30,6.88,6.35,21.3
13219,2023/3/15 16:45,6.72,5.96,16.11
13220,2023/3/15 17:00,6.56,4.43,15.3
13221,2023/3/15 17:15,6.41,5.2,11.79
13222,2023/3/15 17:30,6.26,4.43,8.94
13223,2023/3/15 17:45,6.12,7.5,18.15
13224,2023/3/15 18:00,5.77,7.11,14.97
13225,2023/3/15 18:15,5.6,5.58,11.99
13226,2023/3/15 18:30,5.46,5.58,11.89
13227,2023/3/15 18:45,5.35,4.82,8.34
13228,2023/3/15 19:00,5.26,4.82,6.43
13229,2023/3/15 19:15,5.19,4.43,5.26
13230,2023/3/15 19:30,5.15,4.43,7.1
13231,2023/3/15 19:45,5.12,5.2,8.1
13232,2023/3/15 20:00,5.11,5.2,9.94
13233,2023/3/15 20:15,5.12,5.58,11.12
13234,2023/3/15 20:30,5.14,6.35,13.59
13235,2023/3/15 20:45,5.17,6.35,12.59
13236,2023/3/15 21:00,5.21,5.96,12.32
13237,2023/3/15 21:15,5.26,5.96,11.48
13238,2023/3/15 21:30,5.34,6.35,11.52
13239,2023/3/15 21:45,5.43,5.96,10.01
13240,2023/3/15 22:00,5.55,5.58,9.61
13241,2023/3/15 22:15,5.7,5.2,10.71
13242,2023/3/15 22:30,5.85,5.2,8.2
13243,2023/3/15 22:45,6,5.96,9.27
13244,2023/3/15 23:00,6.15,7.5,17.04
13245,2023/3/15 23:15,6.31,5.96,11.48
13246,2023/3/15 23:30,6.48,6.35,17.58
13247,2023/3/15 23:45,6.65,8.26,28.46
13248,2023/3/16 0:00,7.04,9.03,32.31
13249,2023/3/16 0:15,7.22,8.65,33.42
13250,2023/3/16 0:30,7.41,7.11,29.83
13251,2023/3/16 0:45,7.6,6.73,30
13252,2023/3/16 1:00,7.8,7.5,32.51
13253,2023/3/16 1:15,8,7.11,34.02
13254,2023/3/16 1:30,8.19,9.03,37.67
13255,2023/3/16 1:45,8.36,9.8,43.66
13256,2023/3/16 2:00,8.51,9.41,44.57
13257,2023/3/16 2:15,8.64,7.11,38.94
13258,2023/3/16 2:30,8.75,7.88,39.78
13259,2023/3/16 2:45,8.85,7.88,42.06
13260,2023/3/16 3:00,8.92,9.41,46.74
13261,2023/3/16 3:15,8.98,6.35,48.58
13262,2023/3/16 3:30,9.01,8.26,47.98
13263,2023/3/16 3:45,9.03,5.58,47.21
13264,2023/3/16 4:00,9.03,6.73,47.58
13265,2023/3/16 4:15,9.02,9.03,48.48
13266,2023/3/16 4:30,8.99,9.8,48.35
13267,2023/3/16 4:45,8.95,11.33,48.28
13268,2023/3/16 5:00,8.89,9.03,47.91
13269,2023/3/16 5:15,8.83,7.11,46.51
13270,2023/3/16 5:30,8.76,7.88,46.54
13271,2023/3/16 5:45,8.68,9.41,45.54
13272,2023/3/16 6:00,8.36,8.65,44.53
13273,2023/3/16 6:15,8.29,9.41,46.17
13274,2023/3/16 6:30,8.22,10.94,48.18
13275,2023/3/16 6:45,8.16,11.33,44.9
13276,2023/3/16 7:00,8.11,10.56,45.1
13277,2023/3/16 7:15,8.06,10.18,42.22
13278,2023/3/16 7:30,8.02,10.94,41.39
13279,2023/3/16 7:45,7.99,9.8,40.72
13280,2023/3/16 8:00,7.96,9.41,39.98
13281,2023/3/16 8:15,7.95,6.35,37.47
13282,2023/3/16 8:30,7.94,7.88,32.04
13283,2023/3/16 8:45,7.95,7.11,29.73
13284,2023/3/16 9:00,7.96,6.73,29.57
13285,2023/3/16 9:15,7.99,6.35,25.55
13286,2023/3/16 9:30,8.03,5.96,25.68
13287,2023/3/16 9:45,8.08,6.73,24.48
13288,2023/3/16 10:00,8.14,7.5,25.95
13289,2023/3/16 10:15,8.21,7.5,25.45
13290,2023/3/16 10:30,8.29,7.5,27.05
13291,2023/3/16 10:45,8.36,7.5,33.55
13292,2023/3/16 11:00,8.44,9.41,39.41
13293,2023/3/16 11:15,8.51,8.65,34.82
13294,2023/3/16 11:30,8.59,7.11,36.16
13295,2023/3/16 11:45,8.66,7.5,39.18
13296,2023/3/16 12:00,8.73,9.8,39.91
13297,2023/3/16 12:15,8.8,8.65,39.78
13298,2023/3/16 12:30,8.85,9.03,42.76
13299,2023/3/16 12:45,8.89,10.18,44.1
13300,2023/3/16 13:00,8.92,10.18,47.45
13301,2023/3/16 13:15,8.93,10.94,47.08
13302,2023/3/16 13:30,8.92,10.56,46.34
13303,2023/3/16 13:45,8.9,9.8,45.24
13304,2023/3/16 14:00,8.86,5.96,39.95
13305,2023/3/16 14:15,8.81,7.11,35.19
13306,2023/3/16 14:30,8.74,5.96,30.17
13307,2023/3/16 14:45,8.66,6.35,27.86
13308,2023/3/16 15:00,8.55,5.58,21.66
13309,2023/3/16 15:15,8.43,4.82,14.6
13310,2023/3/16 15:30,8.31,4.43,10.68
13311,2023/3/16 15:45,8.18,4.43,9.21
13312,2023/3/16 16:00,8.05,5.96,10.01
13313,2023/3/16 16:15,7.92,4.05,17.08
13314,2023/3/16 16:30,7.8,5.2,23.97
13315,2023/3/16 16:45,7.7,6.73,31.61
13316,2023/3/16 17:00,7.61,7.11,29.63
13317,2023/3/16 17:15,7.55,7.11,22.53
13318,2023/3/16 17:30,7.52,7.11,16.51
13319,2023/3/16 17:45,7.51,6.73,13.36
13320,2023/3/16 18:00,8.12,5.58,8.91
13321,2023/3/16 18:15,8.2,5.58,10.95
13322,2023/3/16 18:30,8.31,6.35,21.86
13323,2023/3/16 18:45,8.44,8.26,35.32
13324,2023/3/16 19:00,8.6,9.03,41.39
13325,2023/3/16 19:15,8.78,9.8,45.47
13326,2023/3/16 19:30,8.97,12.09,48.32
13327,2023/3/16 19:45,9.15,10.94,48.42
13328,2023/3/16 20:00,9.34,13.24,48.45
13329,2023/3/16 20:15,9.51,12.86,48.48
13330,2023/3/16 20:30,9.68,11.33,48.32
13331,2023/3/16 20:45,9.84,12.48,48.45
13332,2023/3/16 21:00,9.99,12.48,48.45
13333,2023/3/16 21:15,10.12,14.39,48.32
13334,2023/3/16 21:30,10.22,14.77,0
13335,2023/3/16 21:45,10.31,12.86,0
13336,2023/3/16 22:00,10.36,11.71,0
13337,2023/3/16 22:15,10.4,13.24,0
13338,2023/3/16 22:30,10.41,12.09,15.1
13339,2023/3/16 22:45,10.41,13.24,33.35
13340,2023/3/16 23:00,10.38,12.09,48.38
13341,2023/3/16 23:15,10.35,12.09,48.52
13342,2023/3/16 23:30,10.29,12.86,48.35
13343,2023/3/16 23:45,10.23,12.09,48.45
13344,2023/3/17 0:00,10.2,11.33,48.42
13345,2023/3/17 0:15,10.11,12.09,48.35
13346,2023/3/17 0:30,10.03,12.48,48.28
13347,2023/3/17 0:45,9.94,11.71,48.35
13348,2023/3/17 1:00,9.84,12.86,48.35
13349,2023/3/17 1:15,9.74,12.48,48.38
13350,2023/3/17 1:30,9.65,11.71,48.28
13351,2023/3/17 1:45,9.55,10.56,48.42
13352,2023/3/17 2:00,9.46,9.8,48.18
13353,2023/3/17 2:15,9.38,11.33,47.28
13354,2023/3/17 2:30,9.3,12.09,47.31
13355,2023/3/17 2:45,9.23,10.18,47.95
13356,2023/3/17 3:00,9.16,9.41,46.31
13357,2023/3/17 3:15,9.09,10.18,45.47
13358,2023/3/17 3:30,9.03,8.65,45.07
13359,2023/3/17 3:45,8.97,9.8,46.64
13360,2023/3/17 4:00,8.91,8.65,44.57
13361,2023/3/17 4:15,8.85,8.26,45.67
13362,2023/3/17 4:30,8.79,7.11,41.89
13363,2023/3/17 4:45,8.72,7.88,42.66
13364,2023/3/17 5:00,8.65,8.26,41.85
13365,2023/3/17 5:15,8.58,7.88,40.28
13366,2023/3/17 5:30,8.5,8.26,40.85
13367,2023/3/17 5:45,8.42,7.5,37.94
13368,2023/3/17 6:00,8.12,7.5,39.21
13369,2023/3/17 6:15,8.02,7.88,38.81
13370,2023/3/17 6:30,7.92,8.26,42.49
13371,2023/3/17 6:45,7.83,9.03,46.07
13372,2023/3/17 7:00,7.74,9.03,41.65
13373,2023/3/17 7:15,7.66,7.5,35.19
13374,2023/3/17 7:30,7.59,8.26,36.73
13375,2023/3/17 7:45,7.53,8.65,31.81
13376,2023/3/17 8:00,7.48,7.11,29.5
13377,2023/3/17 8:15,7.43,6.35,30.37
13378,2023/3/17 8:30,7.4,8.26,29.77
13379,2023/3/17 8:45,7.36,7.88,27.39
13380,2023/3/17 9:00,7.34,8.26,28.66
13381,2023/3/17 9:15,7.32,7.5,30.14
13382,2023/3/17 9:30,7.31,7.5,26.42
13383,2023/3/17 9:45,7.32,6.35,22.13
13384,2023/3/17 10:00,7.33,7.11,23.24
13385,2023/3/17 10:15,7.37,7.11,20.19
13386,2023/3/17 10:30,7.4,6.35,18.01
13387,2023/3/17 10:45,7.44,7.11,14.67
13388,2023/3/17 11:00,7.48,7.5,17.58
13389,2023/3/17 11:15,7.53,7.11,23.14
13390,2023/3/17 11:30,7.58,6.35,24.54
13391,2023/3/17 11:45,7.63,5.96,30.94
13392,2023/3/17 12:00,7.67,7.88,34.69
13393,2023/3/17 12:15,7.73,8.65,37.4
13394,2023/3/17 12:30,7.78,9.41,41.15
13395,2023/3/17 12:45,7.84,10.56,40.05
13396,2023/3/17 13:00,7.89,8.65,41.32
13397,2023/3/17 13:15,7.95,7.88,38.87
13398,2023/3/17 13:30,8,10.56,42.72
13399,2023/3/17 13:45,8.05,9.03,39.78
13400,2023/3/17 14:00,8.08,10.56,41.95
13401,2023/3/17 14:15,8.1,7.88,33.22
13402,2023/3/17 14:30,8.11,9.03,43.63
13403,2023/3/17 14:45,8.11,9.03,35.69
13404,2023/3/17 15:00,8.09,7.11,31.78
13405,2023/3/17 15:15,8.06,7.5,28.9
13406,2023/3/17 15:30,8.02,6.35,35.12
13407,2023/3/17 15:45,7.99,6.35,32.14
13408,2023/3/17 16:00,7.97,7.5,24.11
13409,2023/3/17 16:15,7.94,7.5,23.77
13410,2023/3/17 16:30,7.92,6.35,11.32
13411,2023/3/17 16:45,7.91,5.96,11.15
13412,2023/3/17 17:00,7.91,6.35,17.14
13413,2023/3/17 17:15,7.92,6.73,16.41
13414,2023/3/17 17:30,7.93,6.73,17.08
13415,2023/3/17 17:45,7.96,5.96,13.63
13416,2023/3/17 18:00,7.45,6.35,18.99
13417,2023/3/17 18:15,7.47,8.26,32.38
13418,2023/3/17 18:30,7.5,8.26,36.66
13419,2023/3/17 18:45,7.55,8.65,34.09
13420,2023/3/17 19:00,7.6,9.8,29.9
13421,2023/3/17 19:15,7.67,7.5,27.49
13422,2023/3/17 19:30,7.74,6.35,20.36
13423,2023/3/17 19:45,7.8,5.96,13.93
13424,2023/3/17 20:00,7.86,4.43,9.98
13425,2023/3/17 20:15,7.91,3.67,9.51
13426,2023/3/17 20:30,7.96,5.2,10.78
13427,2023/3/17 20:45,8,5.58,13.59
13428,2023/3/17 21:00,8.04,5.2,16.24
13429,2023/3/17 21:15,8.07,5.96,16.21
13430,2023/3/17 21:30,8.08,7.5,23.2
13431,2023/3/17 21:45,8.09,7.5,25.82
13432,2023/3/17 22:00,8.07,7.11,26.38
13433,2023/3/17 22:15,8.05,7.5,28.93
13434,2023/3/17 22:30,8.01,8.26,27.62
13435,2023/3/17 22:45,7.97,7.88,26.12
13436,2023/3/17 23:00,7.93,8.65,30.14
13437,2023/3/17 23:15,7.88,7.5,27.29
13438,2023/3/17 23:30,7.82,8.65,32.38
13439,2023/3/17 23:45,7.76,8.26,33.42
13440,2023/3/18 0:00,7.69,8.26,35.43
13441,2023/3/18 0:15,7.63,8.65,36.6
13442,2023/3/18 0:30,7.57,8.26,41.45
13443,2023/3/18 0:45,7.5,9.8,47.04
13444,2023/3/18 1:00,7.42,10.18,47.14
13445,2023/3/18 1:15,7.34,10.18,48.32
13446,2023/3/18 1:30,7.26,10.56,48.42
13447,2023/3/18 1:45,7.18,10.18,48.25
13448,2023/3/18 2:00,7.1,7.88,46.37
13449,2023/3/18 2:15,7.02,9.41,44.7
13450,2023/3/18 2:30,6.94,8.26,44.33
13451,2023/3/18 2:45,6.86,8.26,42.66
13452,2023/3/18 3:00,6.77,7.88,38.67
13453,2023/3/18 3:15,6.69,7.5,33.89
13454,2023/3/18 3:30,6.6,8.65,41.08
13455,2023/3/18 3:45,6.51,9.41,33.45
13456,2023/3/18 4:00,6.41,9.41,32.28
13457,2023/3/18 4:15,6.3,8.26,31.44
13458,2023/3/18 4:30,6.19,8.65,30.7
13459,2023/3/18 4:45,6.09,8.65,27.29
13460,2023/3/18 5:00,5.98,8.26,31.34
13461,2023/3/18 5:15,5.87,7.5,29.2
13462,2023/3/18 5:30,5.77,7.5,21.9
13463,2023/3/18 5:45,5.67,4.05,16.11
13464,2023/3/18 6:00,5.58,6.35,14.9
13465,2023/3/18 6:15,5.5,4.82,12.52
13466,2023/3/18 6:30,5.42,3.28,12.25
13467,2023/3/18 6:45,5.34,4.05,12.36
13468,2023/3/18 7:00,5.27,5.58,11.25
13469,2023/3/18 7:15,5.2,4.43,14.7
13470,2023/3/18 7:30,5.14,4.05,10.38
13471,2023/3/18 7:45,5.09,4.43,9.64
13472,2023/3/18 8:00,5.04,4.82,9.41
13473,2023/3/18 8:15,5.01,3.28,6.66
13474,2023/3/18 8:30,4.99,3.28,7.33
13475,2023/3/18 8:45,4.98,4.05,7.7
13476,2023/3/18 9:00,4.98,3.67,4.86
13477,2023/3/18 9:15,4.99,3.28,5.93
13478,2023/3/18 9:30,5,4.43,6.36
13479,2023/3/18 9:45,5.02,4.43,7.3
13480,2023/3/18 10:00,5.04,4.43,7.43
13481,2023/3/18 10:15,5.06,4.43,6.9
13482,2023/3/18 10:30,5.08,4.82,7.33
13483,2023/3/18 10:45,5.11,5.58,9.14
13484,2023/3/18 11:00,5.14,5.96,10.51
13485,2023/3/18 11:15,5.17,4.82,9.91
13486,2023/3/18 11:30,5.21,4.82,11.28
13487,2023/3/18 11:45,5.25,4.05,12.82
13488,2023/3/18 12:00,5.28,4.05,12.15
13489,2023/3/18 12:15,5.32,4.82,12.29
13490,2023/3/18 12:30,5.36,4.05,11.02
13491,2023/3/18 12:45,5.4,5.2,12.52
13492,2023/3/18 13:00,5.44,5.2,12.76
13493,2023/3/18 13:15,5.47,5.96,8.74
13494,2023/3/18 13:30,5.5,5.2,11.28
13495,2023/3/18 13:45,5.53,3.28,12.36
13496,2023/3/18 14:00,5.56,4.82,12.15
13497,2023/3/18 14:15,5.59,4.05,10.21
13498,2023/3/18 14:30,5.62,4.82,8.94
13499,2023/3/18 14:45,5.64,4.05,8.14
13500,2023/3/18 15:00,5.66,3.67,6.66
13501,2023/3/18 15:15,5.68,4.43,4.19
13502,2023/3/18 15:30,5.71,3.28,3.15
13503,2023/3/18 15:45,5.74,3.67,2.78
13504,2023/3/18 16:00,5.79,1.75,1.47
13505,2023/3/18 16:15,5.84,2.9,0.9
13506,2023/3/18 16:30,5.91,2.52,0
13507,2023/3/18 16:45,5.98,2.9,0
13508,2023/3/18 17:00,6.06,2.52,0
13509,2023/3/18 17:15,6.15,3.28,0
13510,2023/3/18 17:30,6.24,3.28,0.03
13511,2023/3/18 17:45,6.33,4.05,4.52
13512,2023/3/18 18:00,6.14,5.96,14.83
13513,2023/3/18 18:15,6.23,6.73,16.47
13514,2023/3/18 18:30,6.34,7.11,21.5
13515,2023/3/18 18:45,6.45,7.11,23.2
13516,2023/3/18 19:00,6.58,7.88,29.57
13517,2023/3/18 19:15,6.73,7.11,25.41
13518,2023/3/18 19:30,6.87,7.5,26.75
13519,2023/3/18 19:45,7,8.26,32.48
13520,2023/3/18 20:00,7.13,8.65,37.87
13521,2023/3/18 20:15,7.26,9.03,41.12
13522,2023/3/18 20:30,7.38,12.09,48.48
13523,2023/3/18 20:45,7.5,11.33,48.35
13524,2023/3/18 21:00,7.61,11.33,48.38
13525,2023/3/18 21:15,7.71,11.33,48.38
13526,2023/3/18 21:30,7.82,12.09,48.42
13527,2023/3/18 21:45,7.94,12.09,48.48
13528,2023/3/18 22:00,8.06,12.86,48.45
13529,2023/3/18 22:15,8.18,12.09,48.32
13530,2023/3/18 22:30,8.3,13.24,48.38
13531,2023/3/18 22:45,8.42,13.63,48.42
13532,2023/3/18 23:00,8.52,14.01,48.32
13533,2023/3/18 23:15,8.6,12.48,48.38
13534,2023/3/18 23:30,8.66,12.86,48.38
13535,2023/3/18 23:45,8.7,12.09,48.35
13536,2023/3/19 0:00,8.79,12.48,48.45
13537,2023/3/19 0:15,8.76,11.71,48.35
13538,2023/3/19 0:30,8.71,11.33,48.28
13539,2023/3/19 0:45,8.65,10.94,48.45
13540,2023/3/19 1:00,8.58,11.33,48.45
13541,2023/3/19 1:15,8.49,11.33,48.25
13542,2023/3/19 1:30,8.39,10.94,47.71
13543,2023/3/19 1:45,8.27,9.8,45.54
13544,2023/3/19 2:00,8.14,10.56,43.16
13545,2023/3/19 2:15,8,10.18,43.06
13546,2023/3/19 2:30,7.85,9.8,38.67
13547,2023/3/19 2:45,7.69,9.41,34.45
13548,2023/3/19 3:00,7.53,9.41,37.53
13549,2023/3/19 3:15,7.38,8.65,32.95
13550,2023/3/19 3:30,7.24,8.26,29.73
13551,2023/3/19 3:45,7.11,7.88,29.2
13552,2023/3/19 4:00,7.01,8.26,26.08
13553,2023/3/19 4:15,6.94,7.88,25.31
13554,2023/3/19 4:30,6.87,7.5,27.09
13555,2023/3/19 4:45,6.82,7.5,26.05
13556,2023/3/19 5:00,6.78,7.11,22.77
13557,2023/3/19 5:15,6.76,7.11,19.29
13558,2023/3/19 5:30,6.74,6.73,17.85
13559,2023/3/19 5:45,6.72,6.73,16.91
13560,2023/3/19 6:00,6.54,6.35,18.85
13561,2023/3/19 6:15,6.54,6.73,19.79
13562,2023/3/19 6:30,6.56,6.73,17.88
13563,2023/3/19 6:45,6.58,6.73,17.11
13564,2023/3/19 7:00,6.61,6.35,12.86
13565,2023/3/19 7:15,6.65,5.96,10.78
13566,2023/3/19 7:30,6.68,5.2,9.94
13567,2023/3/19 7:45,6.72,4.43,6.56
13568,2023/3/19 8:00,6.75,4.43,5.56
13569,2023/3/19 8:15,6.78,4.82,3.78
13570,2023/3/19 8:30,6.81,3.28,4.65
13571,2023/3/19 8:45,6.85,4.43,4.29
13572,2023/3/19 9:00,6.88,4.43,5.26
13573,2023/3/19 9:15,6.91,5.2,9.51
13574,2023/3/19 9:30,6.95,5.96,10.18
13575,2023/3/19 9:45,7.01,5.2,14.5
13576,2023/3/19 10:00,7.07,5.58,16.21
13577,2023/3/19 10:15,7.14,6.35,21.03
13578,2023/3/19 10:30,7.23,5.96,23.2
13579,2023/3/19 10:45,7.32,6.73,29.23
13580,2023/3/19 11:00,7.41,7.5,33.32
13581,2023/3/19 11:15,7.51,7.11,35.96
13582,2023/3/19 11:30,7.62,9.8,44.43
13583,2023/3/19 11:45,7.73,9.8,42.09
13584,2023/3/19 12:00,7.87,9.03,41.45
13585,2023/3/19 12:15,7.99,10.18,41.32
13586,2023/3/19 12:30,8.1,10.18,42.42
13587,2023/3/19 12:45,8.22,9.41,41.05
13588,2023/3/19 13:00,8.33,9.41,33.95
13589,2023/3/19 13:15,8.44,7.5,33.92
13590,2023/3/19 13:30,8.54,9.8,29.83
13591,2023/3/19 13:45,8.63,8.26,39.08
13592,2023/3/19 14:00,8.71,9.8,44.67
13593,2023/3/19 14:15,8.77,9.41,41.92
13594,2023/3/19 14:30,8.83,9.03,44.9
13595,2023/3/19 14:45,8.87,11.33,41.32
13596,2023/3/19 15:00,8.9,9.41,40.01
13597,2023/3/19 15:15,8.93,10.56,43.73
13598,2023/3/19 15:30,8.95,10.94,45.57
13599,2023/3/19 15:45,8.97,13.24,44.57
13600,2023/3/19 16:00,8.99,10.94,42.02
13601,2023/3/19 16:15,9.01,11.71,47.58
13602,2023/3/19 16:30,9.02,10.18,43.56
13603,2023/3/19 16:45,9.04,9.8,46.84
13604,2023/3/19 17:00,9.06,9.03,46.88
13605,2023/3/19 17:15,9.08,10.94,46.37
13606,2023/3/19 17:30,9.1,10.94,48.45
13607,2023/3/19 17:45,9.13,11.33,48.45
13608,2023/3/19 18:00,9.27,11.33,48.42
13609,2023/3/19 18:15,9.33,12.09,48.35
13610,2023/3/19 18:30,9.38,11.71,47.25
13611,2023/3/19 18:45,9.44,11.33,48.38
13612,2023/3/19 19:00,9.51,12.09,48.25
13613,2023/3/19 19:15,9.57,12.48,48.32
13614,2023/3/19 19:30,9.64,11.71,48.32
13615,2023/3/19 19:45,9.7,12.48,48.25
13616,2023/3/19 20:00,9.76,12.86,48.45
13617,2023/3/19 20:15,9.83,12.86,48.32
13618,2023/3/19 20:30,9.89,12.48,48.42
13619,2023/3/19 20:45,9.95,12.09,48.38
13620,2023/3/19 21:00,10.01,12.09,48.35
13621,2023/3/19 21:15,10.07,13.24,48.28
13622,2023/3/19 21:30,10.12,15.16,48.32
13623,2023/3/19 21:45,10.17,15.92,48.15
13624,2023/3/19 22:00,10.21,14.39,48.42
13625,2023/3/19 22:15,10.25,15.54,48.42
13626,2023/3/19 22:30,10.28,13.63,48.38
13627,2023/3/19 22:45,10.32,13.63,48.32
13628,2023/3/19 23:00,10.36,12.48,48.52
13629,2023/3/19 23:15,10.39,12.86,48.28
13630,2023/3/19 23:30,10.42,12.48,48.42
13631,2023/3/19 23:45,10.45,12.48,48.25
13632,2023/3/20 0:00,10.48,14.39,48.55
13633,2023/3/20 0:15,10.5,13.63,48.38
13634,2023/3/20 0:30,10.52,12.86,48.28
13635,2023/3/20 0:45,10.54,12.86,48.32
13636,2023/3/20 1:00,10.56,14.39,48.42
13637,2023/3/20 1:15,10.57,14.01,48.35
13638,2023/3/20 1:30,10.59,12.86,48.18
13639,2023/3/20 1:45,10.61,14.39,48.35
13640,2023/3/20 2:00,10.62,12.48,48.38
13641,2023/3/20 2:15,10.64,12.09,48.55
13642,2023/3/20 2:30,10.65,10.56,48.45
13643,2023/3/20 2:45,10.67,11.33,48.45
13644,2023/3/20 3:00,10.68,12.09,48.28
13645,2023/3/20 3:15,10.7,11.33,48.38
13646,2023/3/20 3:30,10.71,13.24,48.28
13647,2023/3/20 3:45,10.72,10.18,48.48
13648,2023/3/20 4:00,10.73,11.33,48.35
13649,2023/3/20 4:15,10.74,12.09,48.38
13650,2023/3/20 4:30,10.73,11.71,48.45
13651,2023/3/20 4:45,10.73,12.09,48.35
13652,2023/3/20 5:00,10.72,10.94,48.52
13653,2023/3/20 5:15,10.7,11.33,48.25
13654,2023/3/20 5:30,10.69,12.48,48.52
13655,2023/3/20 5:45,10.67,12.09,48.42
13656,2023/3/20 6:00,10.72,13.63,48.42
13657,2023/3/20 6:15,10.71,10.56,47.58
13658,2023/3/20 6:30,10.7,10.94,46.27
13659,2023/3/20 6:45,10.69,9.41,46.44
13660,2023/3/20 7:00,10.67,9.41,44.13
13661,2023/3/20 7:15,10.66,9.8,39.01
13662,2023/3/20 7:30,10.64,8.65,37.5
13663,2023/3/20 7:45,10.62,7.88,30.91
13664,2023/3/20 8:00,10.59,7.88,31.98
13665,2023/3/20 8:15,10.56,7.11,35.02
13666,2023/3/20 8:30,10.53,6.35,34.86
13667,2023/3/20 8:45,10.48,8.65,36.83
13668,2023/3/20 9:00,10.43,8.26,40.55
13669,2023/3/20 9:15,10.38,8.65,44.43
13670,2023/3/20 9:30,10.32,10.94,44.57
13671,2023/3/20 9:45,10.27,8.65,41.49
13672,2023/3/20 10:00,10.22,5.96,43.19
13673,2023/3/20 10:15,10.17,9.03,44.3
13674,2023/3/20 10:30,10.12,8.26,39.98
13675,2023/3/20 10:45,10.07,8.26,42.39
13676,2023/3/20 11:00,10.02,9.8,45.67
13677,2023/3/20 11:15,9.98,9.8,45.91
13678,2023/3/20 11:30,9.95,9.03,45.07
13679,2023/3/20 11:45,9.92,9.03,44.2
13680,2023/3/20 12:00,9.86,10.56,45.5
13681,2023/3/20 12:15,9.85,6.73,44.16
13682,2023/3/20 12:30,9.85,10.56,48.32
13683,2023/3/20 12:45,9.86,9.41,45.27
13684,2023/3/20 13:00,9.88,12.09,44.93
13685,2023/3/20 13:15,9.9,8.65,46.94
13686,2023/3/20 13:30,9.92,12.09,48.48
13687,2023/3/20 13:45,9.94,8.26,48.12
13688,2023/3/20 14:00,9.95,10.56,48.05
13689,2023/3/20 14:15,9.95,10.94,48.22
13690,2023/3/20 14:30,9.95,10.94,46.58
13691,2023/3/20 14:45,9.94,12.86,47.48
13692,2023/3/20 15:00,9.93,8.65,45.1
13693,2023/3/20 15:15,9.91,7.11,42.69
13694,2023/3/20 15:30,9.9,8.26,44.47
13695,2023/3/20 15:45,9.9,10.56,46.84
13696,2023/3/20 16:00,9.9,11.33,47.68
13697,2023/3/20 16:15,9.9,11.33,47.78
13698,2023/3/20 16:30,9.92,10.56,48.35
13699,2023/3/20 16:45,9.94,11.71,48.15
13700,2023/3/20 17:00,9.97,11.71,48.15
13701,2023/3/20 17:15,10,9.41,44.73
13702,2023/3/20 17:30,10.05,9.41,39.61
13703,2023/3/20 17:45,10.11,10.94,45.97
13704,2023/3/20 18:00,10.08,10.94,47.04
13705,2023/3/20 18:15,10.16,11.33,47.81
13706,2023/3/20 18:30,10.27,10.56,48.28
13707,2023/3/20 18:45,10.39,12.09,48.28
13708,2023/3/20 19:00,10.52,11.33,47.35
13709,2023/3/20 19:15,10.68,10.94,48.28
13710,2023/3/20 19:30,10.84,10.56,45.37
13711,2023/3/20 19:45,11,12.48,46.64
13712,2023/3/20 20:00,11.16,12.48,46.54
13713,2023/3/20 20:15,11.33,13.63,46.64
13714,2023/3/20 20:30,11.48,12.86,46.47
13715,2023/3/20 20:45,11.64,14.01,46.51
13716,2023/3/20 21:00,11.79,12.09,46.51
13717,2023/3/20 21:15,11.94,14.39,46.64
13718,2023/3/20 21:30,12.09,13.63,46.68
13719,2023/3/20 21:45,12.23,15.54,46.64
13720,2023/3/20 22:00,12.37,13.63,46.84
13721,2023/3/20 22:15,12.5,14.39,46.68
13722,2023/3/20 22:30,12.61,15.92,46.64
13723,2023/3/20 22:45,12.7,14.01,46.61
13724,2023/3/20 23:00,12.77,12.48,46.61
13725,2023/3/20 23:15,12.82,13.24,46.64
13726,2023/3/20 23:30,12.86,14.01,46.78
13727,2023/3/20 23:45,12.88,12.09,46.58
13728,2023/3/21 0:00,12.83,12.86,46.64
13729,2023/3/21 0:15,12.82,12.48,46.68
13730,2023/3/21 0:30,12.81,11.33,46.58
13731,2023/3/21 0:45,12.8,12.09,46.64
13732,2023/3/21 1:00,12.78,12.48,46.34
13733,2023/3/21 1:15,12.76,12.48,46.74
13734,2023/3/21 1:30,12.73,10.18,46.81
13735,2023/3/21 1:45,12.7,10.18,46.58
13736,2023/3/21 2:00,12.67,13.24,46.74
13737,2023/3/21 2:15,12.64,12.86,46.74
13738,2023/3/21 2:30,12.6,14.01,46.61
13739,2023/3/21 2:45,12.56,14.39,46.68
13740,2023/3/21 3:00,12.52,14.01,46.78
13741,2023/3/21 3:15,12.47,11.33,46.68
13742,2023/3/21 3:30,12.43,12.09,46.68
13743,2023/3/21 3:45,12.38,13.63,46.64
13744,2023/3/21 4:00,12.32,13.24,46.68
13745,2023/3/21 4:15,12.26,12.48,46.71
13746,2023/3/21 4:30,12.19,11.71,46.51
13747,2023/3/21 4:45,12.12,12.09,46.24
13748,2023/3/21 5:00,12.04,11.71,45.27
13749,2023/3/21 5:15,11.95,10.56,45.5
13750,2023/3/21 5:30,11.85,12.48,46.64
13751,2023/3/21 5:45,11.75,14.01,46.78
13752,2023/3/21 6:00,12.24,12.48,46.64
13753,2023/3/21 6:15,12.07,12.86,46.64
13754,2023/3/21 6:30,11.89,11.71,46.64
13755,2023/3/21 6:45,11.71,11.33,46.44
13756,2023/3/21 7:00,11.52,12.09,46.54
13757,2023/3/21 7:15,11.33,10.94,44.5
13758,2023/3/21 7:30,11.14,10.18,43.9
13759,2023/3/21 7:45,10.94,10.56,46.04
13760,2023/3/21 8:00,10.75,12.09,45.81
13761,2023/3/21 8:15,10.54,10.94,43.39
13762,2023/3/21 8:30,10.33,10.56,40.95
13763,2023/3/21 8:45,10.11,9.41,41.08
13764,2023/3/21 9:00,9.88,8.65,31.07
13765,2023/3/21 9:15,9.64,7.88,29.93
13766,2023/3/21 9:30,9.41,8.26,37.74
13767,2023/3/21 9:45,9.19,9.41,36.33
13768,2023/3/21 10:00,8.99,6.35,15.3
13769,2023/3/21 10:15,8.8,7.11,19.89
13770,2023/3/21 10:30,8.62,7.88,34.72
13771,2023/3/21 10:45,8.46,7.88,33.62
13772,2023/3/21 11:00,8.31,9.41,36.46
13773,2023/3/21 11:15,8.17,7.88,35.29
13774,2023/3/21 11:30,8.04,6.73,24.11
13775,2023/3/21 11:45,7.93,6.73,16.74
13776,2023/3/21 12:00,7.84,7.88,24.14
13777,2023/3/21 12:15,7.76,7.5,30.44
13778,2023/3/21 12:30,7.72,5.96,27.19
13779,2023/3/21 12:45,7.7,6.35,20.19
13780,2023/3/21 13:00,7.72,7.11,22.97
13781,2023/3/21 13:15,7.78,6.35,24.14
13782,2023/3/21 13:30,7.84,8.65,25.41
13783,2023/3/21 13:45,7.92,6.73,19.32
13784,2023/3/21 14:00,8,8.26,28.26
13785,2023/3/21 14:15,8.1,5.96,25.11
13786,2023/3/21 14:30,8.2,4.82,12.15
13787,2023/3/21 14:45,8.31,4.05,20.26
13788,2023/3/21 15:00,8.42,2.9,11.55
13789,2023/3/21 15:15,8.54,3.28,18.32
13790,2023/3/21 15:30,8.66,7.88,30.74
13791,2023/3/21 15:45,8.79,9.03,35.46
13792,2023/3/21 16:00,8.93,5.2,36.97
13793,2023/3/21 16:15,9.08,7.88,43.9
13794,2023/3/21 16:30,9.23,9.8,41.65
13795,2023/3/21 16:45,9.38,6.35,38.1
13796,2023/3/21 17:00,9.53,9.41,35.19
13797,2023/3/21 17:15,9.69,5.96,24.41
13798,2023/3/21 17:30,9.85,5.96,23.14
13799,2023/3/21 17:45,10.02,3.67,29.67
13800,2023/3/21 18:00,10.09,7.88,28.76
13801,2023/3/21 18:15,10.32,3.67,31.24
13802,2023/3/21 18:30,10.55,9.03,41.18
13803,2023/3/21 18:45,10.77,9.03,45.74
13804,2023/3/21 19:00,10.98,7.88,47.28
13805,2023/3/21 19:15,11.18,10.94,48.15
13806,2023/3/21 19:30,11.38,10.18,48.45
13807,2023/3/21 19:45,11.57,12.09,48.25
13808,2023/3/21 20:00,11.76,11.71,48.55
13809,2023/3/21 20:15,11.95,11.33,48.32
13810,2023/3/21 20:30,12.12,11.71,48.22
13811,2023/3/21 20:45,12.29,11.33,48.45
13812,2023/3/21 21:00,12.44,11.71,48.58
13813,2023/3/21 21:15,12.59,14.77,48.38
13814,2023/3/21 21:30,12.73,12.48,48.28
13815,2023/3/21 21:45,12.86,13.24,48.45
13816,2023/3/21 22:00,13,10.18,48.45
13817,2023/3/21 22:15,13.13,11.33,48.45
13818,2023/3/21 22:30,13.27,12.86,48.32
13819,2023/3/21 22:45,13.42,13.24,48.52
13820,2023/3/21 23:00,13.56,12.86,48.22
13821,2023/3/21 23:15,13.7,12.09,48.45
13822,2023/3/21 23:30,13.85,15.92,48.32
13823,2023/3/21 23:45,13.99,10.18,48.28
13824,2023/3/22 0:00,14.07,11.33,48.15
13825,2023/3/22 0:15,14.22,12.09,48.22
13826,2023/3/22 0:30,14.36,12.86,48.32
13827,2023/3/22 0:45,14.48,13.63,48.32
13828,2023/3/22 1:00,14.6,10.56,48.22
13829,2023/3/22 1:15,14.7,10.18,48.38
13830,2023/3/22 1:30,14.79,15.16,48.42
13831,2023/3/22 1:45,14.87,12.48,48.48
13832,2023/3/22 2:00,14.93,14.01,48.32
13833,2023/3/22 2:15,14.98,15.16,48.42
13834,2023/3/22 2:30,15.02,15.54,48.08
13835,2023/3/22 2:45,15.04,13.63,48.02
13836,2023/3/22 3:00,15.06,14.39,48.32
13837,2023/3/22 3:15,15.06,16.31,48.32
13838,2023/3/22 3:30,15.05,16.31,48.12
13839,2023/3/22 3:45,15.03,12.86,48.35
13840,2023/3/22 4:00,15,12.86,48.25
13841,2023/3/22 4:15,14.95,12.86,47.98
13842,2023/3/22 4:30,14.91,10.94,48.42
13843,2023/3/22 4:45,14.85,13.24,48.18
13844,2023/3/22 5:00,14.79,14.77,48.12
13845,2023/3/22 5:15,14.72,15.16,48.22
13846,2023/3/22 5:30,14.64,14.77,48.42
13847,2023/3/22 5:45,14.56,12.09,48.25
13848,2023/3/22 6:00,14.4,12.09,48.48
13849,2023/3/22 6:15,14.37,12.48,48.25
13850,2023/3/22 6:30,14.37,12.09,48.25
13851,2023/3/22 6:45,14.37,9.41,48.15
13852,2023/3/22 7:00,14.39,12.48,48.18
13853,2023/3/22 7:15,14.42,12.09,47.58
13854,2023/3/22 7:30,14.46,12.86,48.38
13855,2023/3/22 7:45,14.5,15.92,48.22
13856,2023/3/22 8:00,14.54,15.16,48.58
13857,2023/3/22 8:15,14.58,14.77,48.52
13858,2023/3/22 8:30,14.62,14.77,48.25
13859,2023/3/22 8:45,14.65,11.71,48.45
13860,2023/3/22 9:00,14.69,12.48,48.38
13861,2023/3/22 9:15,14.74,15.92,48.12
13862,2023/3/22 9:30,14.78,15.92,48.55
13863,2023/3/22 9:45,14.83,16.69,48.45
13864,2023/3/22 10:00,14.88,15.92,48.42
13865,2023/3/22 10:15,14.92,15.16,48.48
13866,2023/3/22 10:30,14.96,15.16,48.35
13867,2023/3/22 10:45,14.99,14.01,48.55
13868,2023/3/22 11:00,15.01,13.63,48.28
13869,2023/3/22 11:15,15.02,13.63,48.38
13870,2023/3/22 11:30,15.04,16.31,48.22
13871,2023/3/22 11:45,15.05,16.69,48.52
13872,2023/3/22 12:00,15.21,15.92,48.48
13873,2023/3/22 12:15,15.23,10.94,48.42
13874,2023/3/22 12:30,15.25,14.01,48.65
13875,2023/3/22 12:45,15.25,14.01,48.25
13876,2023/3/22 13:00,15.25,20.14,48.58
13877,2023/3/22 13:15,15.25,17.45,48.22
13878,2023/3/22 13:30,15.23,14.01,48.35
13879,2023/3/22 13:45,15.2,14.77,48.35
13880,2023/3/22 14:00,15.16,17.07,48.42
13881,2023/3/22 14:15,15.1,14.01,48.95
13882,2023/3/22 14:30,15.04,15.92,48.32
13883,2023/3/22 14:45,14.96,12.86,48.28
13884,2023/3/22 15:00,14.88,15.16,48.28
13885,2023/3/22 15:15,14.79,14.77,47.78
13886,2023/3/22 15:30,14.71,17.07,48.05
13887,2023/3/22 15:45,14.63,13.24,48.32
13888,2023/3/22 16:00,14.55,14.39,48.58
13889,2023/3/22 16:15,14.47,14.01,47.98
13890,2023/3/22 16:30,14.4,13.63,48.22
13891,2023/3/22 16:45,14.34,10.94,47.98
13892,2023/3/22 17:00,14.29,10.94,48.35
13893,2023/3/22 17:15,14.25,12.48,48.28
13894,2023/3/22 17:30,14.23,11.71,48.35
13895,2023/3/22 17:45,14.21,12.86,46.58
13896,2023/3/22 18:00,13,9.8,42.36
13897,2023/3/22 18:15,12.91,11.33,46.24
13898,2023/3/22 18:30,12.83,10.18,45.77
13899,2023/3/22 18:45,12.74,8.65,42.06
13900,2023/3/22 19:00,12.67,8.65,40.95
13901,2023/3/22 19:15,12.6,8.65,37.53
13902,2023/3/22 19:30,12.54,9.41,37.23
13903,2023/3/22 19:45,12.49,9.41,39.71
13904,2023/3/22 20:00,12.45,10.18,42.46
13905,2023/3/22 20:15,12.42,11.71,39.98
13906,2023/3/22 20:30,12.39,10.18,42.16
13907,2023/3/22 20:45,12.38,11.33,48.28
13908,2023/3/22 21:00,12.37,10.56,47.71
13909,2023/3/22 21:15,12.37,10.94,47.78
13910,2023/3/22 21:30,12.39,10.56,48.32
13911,2023/3/22 21:45,12.42,12.09,48.42
13912,2023/3/22 22:00,12.47,13.24,48.18
13913,2023/3/22 22:15,12.53,12.09,48.52
13914,2023/3/22 22:30,12.6,11.33,48.35
13915,2023/3/22 22:45,12.67,12.09,48.32
13916,2023/3/22 23:00,12.75,12.09,48.38
13917,2023/3/22 23:15,12.83,12.48,48.45
13918,2023/3/22 23:30,12.92,13.24,48.18
13919,2023/3/22 23:45,13,12.48,48.48
13920,2023/3/23 0:00,12.95,11.71,48.35
13921,2023/3/23 0:15,13.04,11.33,48.45
13922,2023/3/23 0:30,13.13,11.33,48.48
13923,2023/3/23 0:45,13.22,12.09,48.45
13924,2023/3/23 1:00,13.3,14.01,48.22
13925,2023/3/23 1:15,13.38,11.33,48.32
13926,2023/3/23 1:30,13.44,15.16,48.58
13927,2023/3/23 1:45,13.5,14.01,48.35
13928,2023/3/23 2:00,13.54,15.92,48.48
13929,2023/3/23 2:15,13.57,13.24,48.35
13930,2023/3/23 2:30,13.59,14.77,48.52
13931,2023/3/23 2:45,13.6,15.54,48.42
13932,2023/3/23 3:00,13.6,13.63,48.35
13933,2023/3/23 3:15,13.58,14.77,48.48
13934,2023/3/23 3:30,13.55,15.54,48.12
13935,2023/3/23 3:45,13.52,13.24,48.75
13936,2023/3/23 4:00,13.47,15.16,48.12
13937,2023/3/23 4:15,13.41,18.6,48.72
13938,2023/3/23 4:30,13.35,14.77,48.42
13939,2023/3/23 4:45,13.27,12.86,48.55
13940,2023/3/23 5:00,13.2,14.01,48.45
13941,2023/3/23 5:15,13.12,14.39,48.65
13942,2023/3/23 5:30,13.04,14.39,48.25
13943,2023/3/23 5:45,12.97,14.01,47.95
13944,2023/3/23 6:00,13.28,11.33,48.48
13945,2023/3/23 6:15,13.25,15.92,48.25
13946,2023/3/23 6:30,13.2,13.24,48.42
13947,2023/3/23 6:45,13.16,16.31,48.32
13948,2023/3/23 7:00,13.1,15.92,48.38
13949,2023/3/23 7:15,13.05,15.54,48.62
13950,2023/3/23 7:30,12.97,15.92,47.88
13951,2023/3/23 7:45,12.87,14.39,48.58
13952,2023/3/23 8:00,12.75,15.54,48.25
13953,2023/3/23 8:15,12.61,16.69,48.92
13954,2023/3/23 8:30,12.47,14.39,48.15
13955,2023/3/23 8:45,12.31,12.86,48.42
13956,2023/3/23 9:00,12.15,14.39,48.05
13957,2023/3/23 9:15,11.98,15.54,48.92
13958,2023/3/23 9:30,11.8,12.09,48.42
13959,2023/3/23 9:45,11.63,14.77,48.12
13960,2023/3/23 10:00,11.45,14.01,48.45
13961,2023/3/23 10:15,11.26,10.18,48.18
13962,2023/3/23 10:30,11.08,9.41,48.28
13963,2023/3/23 10:45,10.91,12.48,48.62
13964,2023/3/23 11:00,10.74,11.33,48.48
13965,2023/3/23 11:15,10.58,12.48,48.55
13966,2023/3/23 11:30,10.43,13.63,48.65
13967,2023/3/23 11:45,10.28,11.33,48.79
13968,2023/3/23 12:00,10.14,11.71,48.48
13969,2023/3/23 12:15,10.01,10.56,46.61
13970,2023/3/23 12:30,9.88,10.18,45.7
13971,2023/3/23 12:45,9.74,11.33,45.24
13972,2023/3/23 13:00,9.61,10.94,44.2
13973,2023/3/23 13:15,9.48,9.8,45.54
13974,2023/3/23 13:30,9.35,9.41,48.62
13975,2023/3/23 13:45,9.22,9.03,45.14
13976,2023/3/23 14:00,9.08,9.8,48.02
13977,2023/3/23 14:15,8.95,10.18,43.8
13978,2023/3/23 14:30,8.81,9.8,46.21
13979,2023/3/23 14:45,8.68,6.73,44.06
13980,2023/3/23 15:00,8.54,11.33,46.61
13981,2023/3/23 15:15,8.41,10.18,44.06
13982,2023/3/23 15:30,8.28,10.56,41.92
13983,2023/3/23 15:45,8.16,9.03,37.1
13984,2023/3/23 16:00,8.04,6.73,32.98
13985,2023/3/23 16:15,7.92,6.35,31.14
13986,2023/3/23 16:30,7.82,8.26,30.64
13987,2023/3/23 16:45,7.73,5.58,25.65
13988,2023/3/23 17:00,7.64,7.88,23.94
13989,2023/3/23 17:15,7.56,5.58,20.29
13990,2023/3/23 17:30,7.48,6.35,18.52
13991,2023/3/23 17:45,7.41,6.73,21.19
13992,2023/3/23 18:00,7.49,7.88,26.32
13993,2023/3/23 18:15,7.38,8.65,28.76
13994,2023/3/23 18:30,7.28,7.88,31.51
13995,2023/3/23 18:45,7.19,9.03,37
13996,2023/3/23 19:00,7.11,8.26,39.78
13997,2023/3/23 19:15,7.05,9.03,42.93
13998,2023/3/23 19:30,6.99,7.88,42.26
13999,2023/3/23 19:45,6.93,3.28,32.98
14000,2023/3/23 20:00,6.88,4.05,26.89
14001,2023/3/23 20:15,6.84,4.43,19.69
14002,2023/3/23 20:30,6.8,4.82,15.13
14003,2023/3/23 20:45,6.76,4.43,15.67
14004,2023/3/23 21:00,6.73,4.05,15.3
14005,2023/3/23 21:15,6.7,6.73,16.04
14006,2023/3/23 21:30,6.68,6.35,18.75
14007,2023/3/23 21:45,6.65,5.58,18.21
14008,2023/3/23 22:00,6.63,5.2,10.71
14009,2023/3/23 22:15,6.62,3.67,7.33
14010,2023/3/23 22:30,6.61,2.9,7.63
14011,2023/3/23 22:45,6.6,4.82,9.34
14012,2023/3/23 23:00,6.6,4.82,9.51
14013,2023/3/23 23:15,6.6,5.96,9.17
14014,2023/3/23 23:30,6.6,5.58,8.24
14015,2023/3/23 23:45,6.6,5.2,6.83
14016,2023/3/24 0:00,6.49,4.43,6.46
14017,2023/3/24 0:15,6.51,4.82,6.66
14018,2023/3/24 0:30,6.52,4.05,8.5
14019,2023/3/24 0:45,6.53,4.82,7.43
14020,2023/3/24 1:00,6.53,4.05,6.43
14021,2023/3/24 1:15,6.52,3.28,5.79
14022,2023/3/24 1:30,6.51,4.05,5.19
14023,2023/3/24 1:45,6.5,3.67,5.49
14024,2023/3/24 2:00,6.49,3.67,4.45
14025,2023/3/24 2:15,6.47,2.9,4.05
14026,2023/3/24 2:30,6.46,3.28,3.45
14027,2023/3/24 2:45,6.45,4.05,2.91
14028,2023/3/24 3:00,6.43,3.28,2.18
14029,2023/3/24 3:15,6.41,4.05,3.88
14030,2023/3/24 3:30,6.37,3.67,5.19
14031,2023/3/24 3:45,6.33,3.28,3.65
14032,2023/3/24 4:00,6.27,4.43,4.12
14033,2023/3/24 4:15,6.2,2.52,5.26
14034,2023/3/24 4:30,6.12,3.67,7.2
14035,2023/3/24 4:45,6.03,2.52,6.76
14036,2023/3/24 5:00,5.94,2.9,4.72
14037,2023/3/24 5:15,5.83,3.67,6.86
14038,2023/3/24 5:30,5.72,4.05,8.61
14039,2023/3/24 5:45,5.6,4.82,11.02
14040,2023/3/24 6:00,5.42,5.58,8
14041,2023/3/24 6:15,5.28,2.52,6.83
14042,2023/3/24 6:30,5.14,4.82,6.66
14043,2023/3/24 6:45,5,4.05,5.63
14044,2023/3/24 7:00,4.86,4.43,4.45
14045,2023/3/24 7:15,4.72,2.52,4.42
14046,2023/3/24 7:30,4.59,4.05,5.16
14047,2023/3/24 7:45,4.47,3.67,2.11
14048,2023/3/24 8:00,4.35,3.67,1.84
14049,2023/3/24 8:15,4.23,3.67,0
14050,2023/3/24 8:30,4.13,2.52,0.03
14051,2023/3/24 8:45,4.02,2.14,0
14052,2023/3/24 9:00,3.93,2.9,0
14053,2023/3/24 9:15,3.84,4.05,0.27
14054,2023/3/24 9:30,3.75,3.67,0.7
14055,2023/3/24 9:45,3.67,4.43,1.64
14056,2023/3/24 10:00,3.58,3.28,2.71
14057,2023/3/24 10:15,3.49,3.67,0.13
14058,2023/3/24 10:30,3.41,3.28,0
14059,2023/3/24 10:45,3.33,1.75,0
14060,2023/3/24 11:00,3.25,4.05,0
14061,2023/3/24 11:15,3.18,2.9,0
14062,2023/3/24 11:30,3.11,1.75,0
14063,2023/3/24 11:45,3.05,2.52,0
14064,2023/3/24 12:00,2.98,4.05,0
14065,2023/3/24 12:15,2.92,1.75,0
14066,2023/3/24 12:30,2.87,2.52,0
14067,2023/3/24 12:45,2.83,4.82,0
14068,2023/3/24 13:00,2.79,4.05,2.48
14069,2023/3/24 13:15,2.76,4.43,7.33
14070,2023/3/24 13:30,2.73,4.82,8.5
14071,2023/3/24 13:45,2.71,4.82,6.66
14072,2023/3/24 14:00,2.7,5.2,8.1
14073,2023/3/24 14:15,2.7,4.05,7.13
14074,2023/3/24 14:30,2.7,4.05,4.82
14075,2023/3/24 14:45,2.7,3.67,3.52
14076,2023/3/24 15:00,2.71,4.05,2.98
14077,2023/3/24 15:15,2.72,3.28,2.34
14078,2023/3/24 15:30,2.74,2.52,0.94
14079,2023/3/24 15:45,2.77,2.9,0.64
14080,2023/3/24 16:00,2.81,2.52,0.47
14081,2023/3/24 16:15,2.86,2.14,0.27
14082,2023/3/24 16:30,2.91,2.9,0
14083,2023/3/24 16:45,2.96,2.14,0
14084,2023/3/24 17:00,3.02,2.52,0
14085,2023/3/24 17:15,3.08,1.75,0
14086,2023/3/24 17:30,3.14,1.75,0
14087,2023/3/24 17:45,3.2,2.14,0
14088,2023/3/24 18:00,2.32,1.75,0
14089,2023/3/24 18:15,2.32,1.75,0
14090,2023/3/24 18:30,2.31,2.14,0
14091,2023/3/24 18:45,2.3,3.28,0
14092,2023/3/24 19:00,2.28,2.9,0
14093,2023/3/24 19:15,2.26,2.9,0
14094,2023/3/24 19:30,2.24,2.52,0
14095,2023/3/24 19:45,2.22,2.14,0
14096,2023/3/24 20:00,2.21,2.52,0
14097,2023/3/24 20:15,2.2,2.9,0
14098,2023/3/24 20:30,2.19,2.52,0
14099,2023/3/24 20:45,2.19,3.67,0.13
14100,2023/3/24 21:00,2.19,3.28,0.13
14101,2023/3/24 21:15,2.19,3.28,0
14102,2023/3/24 21:30,2.19,2.9,0
14103,2023/3/24 21:45,2.19,2.9,0
14104,2023/3/24 22:00,2.19,3.28,0
14105,2023/3/24 22:15,2.18,3.67,0
14106,2023/3/24 22:30,2.19,3.28,0.13
14107,2023/3/24 22:45,2.21,3.67,3.45
14108,2023/3/24 23:00,2.24,3.67,2.14
14109,2023/3/24 23:15,2.28,2.14,0.9
14110,2023/3/24 23:30,2.33,3.67,2.98
14111,2023/3/24 23:45,2.4,4.43,7.2
14112,2023/3/25 0:00,2.64,5.58,8.04
14113,2023/3/25 0:15,2.74,5.2,6.33
14114,2023/3/25 0:30,2.84,5.2,8.17
14115,2023/3/25 0:45,2.94,4.05,6.4
14116,2023/3/25 1:00,3.05,5.58,5.63
14117,2023/3/25 1:15,3.17,4.43,4.99
14118,2023/3/25 1:30,3.29,4.43,6.06
14119,2023/3/25 1:45,3.41,4.43,6.19
14120,2023/3/25 2:00,3.54,5.58,7.63
14121,2023/3/25 2:15,3.67,2.9,6.56
14122,2023/3/25 2:30,3.8,3.28,8.81
14123,2023/3/25 2:45,3.93,7.11,26.92
14124,2023/3/25 3:00,4.06,7.5,29.9
14125,2023/3/25 3:15,4.19,8.26,26.69
14126,2023/3/25 3:30,4.31,7.11,24.71
14127,2023/3/25 3:45,4.4,7.11,23.3
14128,2023/3/25 4:00,4.48,7.11,33.01
14129,2023/3/25 4:15,4.54,8.26,34.79
14130,2023/3/25 4:30,4.59,7.88,34.22
14131,2023/3/25 4:45,4.63,7.88,29.6
14132,2023/3/25 5:00,4.65,6.73,23.94
14133,2023/3/25 5:15,4.66,7.5,23.4
14134,2023/3/25 5:30,4.65,6.73,22.53
14135,2023/3/25 5:45,4.63,6.73,22.17
14136,2023/3/25 6:00,4.75,6.73,20.32
14137,2023/3/25 6:15,4.72,7.11,25.45
14138,2023/3/25 6:30,4.68,7.5,22.67
14139,2023/3/25 6:45,4.64,7.11,18.01
14140,2023/3/25 7:00,4.58,6.35,14.7
14141,2023/3/25 7:15,4.52,5.2,10.55
14142,2023/3/25 7:30,4.46,4.82,7.77
14143,2023/3/25 7:45,4.41,3.67,5.49
14144,2023/3/25 8:00,4.37,4.05,4.55
14145,2023/3/25 8:15,4.33,3.28,4.19
14146,2023/3/25 8:30,4.31,3.67,3.85
14147,2023/3/25 8:45,4.29,3.67,4.02
14148,2023/3/25 9:00,4.28,4.43,5.79
14149,2023/3/25 9:15,4.28,4.82,5.32
14150,2023/3/25 9:30,4.29,5.2,5.59
14151,2023/3/25 9:45,4.31,4.43,5.02
14152,2023/3/25 10:00,4.33,4.05,5.79
14153,2023/3/25 10:15,4.35,5.2,6.13
14154,2023/3/25 10:30,4.38,1.75,5.56
14155,2023/3/25 10:45,4.41,3.67,6.86
14156,2023/3/25 11:00,4.43,2.9,5.56
14157,2023/3/25 11:15,4.46,3.28,5.52
14158,2023/3/25 11:30,4.48,4.43,6.46
14159,2023/3/25 11:45,4.5,4.43,6.4
14160,2023/3/25 12:00,4.53,4.82,7.9
14161,2023/3/25 12:15,4.54,4.05,6.46
14162,2023/3/25 12:30,4.55,4.82,6.29
14163,2023/3/25 12:45,4.56,5.2,7.77
14164,2023/3/25 13:00,4.56,4.43,5.63
14165,2023/3/25 13:15,4.56,4.82,5.63
14166,2023/3/25 13:30,4.55,2.9,5.59
14167,2023/3/25 13:45,4.54,3.67,3.28
14168,2023/3/25 14:00,4.52,0.6,2.48
14169,2023/3/25 14:15,4.5,3.67,4.15
14170,2023/3/25 14:30,4.48,2.14,4.25
14171,2023/3/25 14:45,4.45,3.28,4.45
14172,2023/3/25 15:00,4.41,3.67,3.85
14173,2023/3/25 15:15,4.38,2.9,4.65
14174,2023/3/25 15:30,4.33,4.82,5.02
14175,2023/3/25 15:45,4.28,2.52,4.15
14176,2023/3/25 16:00,4.22,4.82,4.52
14177,2023/3/25 16:15,4.17,2.14,3.18
14178,2023/3/25 16:30,4.11,4.05,3.15
14179,2023/3/25 16:45,4.05,3.67,3.42
14180,2023/3/25 17:00,4,4.05,3.98
14181,2023/3/25 17:15,3.96,4.05,4.12
14182,2023/3/25 17:30,3.92,4.82,5.32
14183,2023/3/25 17:45,3.89,4.43,5.29
14184,2023/3/25 18:00,3.77,4.43,5.63
14185,2023/3/25 18:15,3.76,4.05,4.59
14186,2023/3/25 18:30,3.75,6.35,8.67
14187,2023/3/25 18:45,3.74,6.73,12.05
14188,2023/3/25 19:00,3.72,7.5,13.19
14189,2023/3/25 19:15,3.7,7.11,15.3
14190,2023/3/25 19:30,3.67,6.73,13.93
14191,2023/3/25 19:45,3.65,7.11,12.39
14192,2023/3/25 20:00,3.62,3.28,10.75
14193,2023/3/25 20:15,3.59,3.28,7.84
14194,2023/3/25 20:30,3.55,2.14,5.86
14195,2023/3/25 20:45,3.51,2.52,3.38
14196,2023/3/25 21:00,3.46,2.14,1.98
14197,2023/3/25 21:15,3.4,3.67,1.07
14198,2023/3/25 21:30,3.33,3.28,0.3
14199,2023/3/25 21:45,3.26,2.9,0
14200,2023/3/25 22:00,3.17,2.9,0
14201,2023/3/25 22:15,3.08,2.14,0
14202,2023/3/25 22:30,3,1.75,0
14203,2023/3/25 22:45,2.92,2.14,0
14204,2023/3/25 23:00,2.84,3.28,0
14205,2023/3/25 23:15,2.77,2.9,0.5
14206,2023/3/25 23:30,2.7,4.05,1.14
14207,2023/3/25 23:45,2.64,3.28,0.74
14208,2023/3/26 0:00,2.49,3.28,0.03
14209,2023/3/26 0:15,2.45,2.52,0
14210,2023/3/26 0:30,2.41,1.75,0
14211,2023/3/26 0:45,2.39,1.75,0
14212,2023/3/26 1:00,2.37,2.14,0
14213,2023/3/26 1:15,2.36,1.37,0
14214,2023/3/26 1:30,2.35,1.75,0
14215,2023/3/26 1:45,2.36,1.75,0
14216,2023/3/26 2:00,2.38,0.6,0
14217,2023/3/26 2:15,2.41,3.28,0
14218,2023/3/26 2:30,2.45,2.9,0
14219,2023/3/26 2:45,2.49,2.52,0
14220,2023/3/26 3:00,2.54,2.14,0
14221,2023/3/26 3:15,2.6,0.99,0
14222,2023/3/26 3:30,2.66,1.75,0
14223,2023/3/26 3:45,2.71,2.52,0
14224,2023/3/26 4:00,2.76,2.52,0
14225,2023/3/26 4:15,2.81,2.14,0
14226,2023/3/26 4:30,2.87,2.14,0
14227,2023/3/26 4:45,2.92,2.14,0
14228,2023/3/26 5:00,2.98,2.9,0
14229,2023/3/26 5:15,3.04,4.05,0
14230,2023/3/26 5:30,3.1,3.67,1.47
14231,2023/3/26 5:45,3.15,3.28,2.14
14232,2023/3/26 6:00,4.03,3.28,2.54
14233,2023/3/26 6:15,4.01,3.67,3.85
14234,2023/3/26 6:30,3.98,4.82,4.69
14235,2023/3/26 6:45,3.95,4.43,3.38
14236,2023/3/26 7:00,3.92,4.05,3.78
14237,2023/3/26 7:15,3.88,4.82,4.05
14238,2023/3/26 7:30,3.85,4.43,2.24
14239,2023/3/26 7:45,3.83,3.28,1.51
14240,2023/3/26 8:00,3.82,2.9,1.44
14241,2023/3/26 8:15,3.82,3.67,2.38
14242,2023/3/26 8:30,3.83,3.28,1.98
14243,2023/3/26 8:45,3.85,2.9,1.88
14244,2023/3/26 9:00,3.88,4.05,4.08
14245,2023/3/26 9:15,3.92,4.43,3.82
14246,2023/3/26 9:30,3.96,3.67,3.85
14247,2023/3/26 9:45,4.01,3.28,4.42
14248,2023/3/26 10:00,4.06,5.2,5.39
14249,2023/3/26 10:15,4.12,2.9,6.9
14250,2023/3/26 10:30,4.17,4.05,6.66
14251,2023/3/26 10:45,4.23,4.05,9.17
14252,2023/3/26 11:00,4.28,4.82,9.44
14253,2023/3/26 11:15,4.34,3.67,7.67
14254,2023/3/26 11:30,4.38,3.67,8.27
14255,2023/3/26 11:45,4.43,4.43,8.27
14256,2023/3/26 12:00,4.47,3.67,8.4
14257,2023/3/26 12:15,4.51,5.2,8.87
14258,2023/3/26 12:30,4.54,4.82,9.74
14259,2023/3/26 12:45,4.56,4.82,9.01
14260,2023/3/26 13:00,4.58,5.58,14.03
14261,2023/3/26 13:15,4.59,5.2,10.35
14262,2023/3/26 13:30,4.6,6.35,15.1
14263,2023/3/26 13:45,4.61,5.96,16.17
14264,2023/3/26 14:00,4.63,6.73,14
14265,2023/3/26 14:15,4.64,5.58,10.11
14266,2023/3/26 14:30,4.65,3.67,7.23
14267,2023/3/26 14:45,4.66,3.67,8.4
14268,2023/3/26 15:00,4.67,3.67,7.2
14269,2023/3/26 15:15,4.68,3.67,4.92
14270,2023/3/26 15:30,4.7,3.67,5.02
14271,2023/3/26 15:45,4.73,4.05,3.25
14272,2023/3/26 16:00,4.76,4.43,3.31
14273,2023/3/26 16:15,4.8,3.67,2.78
14274,2023/3/26 16:30,4.85,3.28,2.28
14275,2023/3/26 16:45,4.92,2.9,2.34
14276,2023/3/26 17:00,5.01,4.05,2.65
14277,2023/3/26 17:15,5.11,4.43,3.88
14278,2023/3/26 17:30,5.22,4.82,5.49
14279,2023/3/26 17:45,5.35,4.82,6.26
14280,2023/3/26 18:00,5.24,4.82,6.4
14281,2023/3/26 18:15,5.38,5.2,7.06
14282,2023/3/26 18:30,5.54,5.2,7.3
14283,2023/3/26 18:45,5.7,4.82,6.8
14284,2023/3/26 19:00,5.87,4.82,8.64
14285,2023/3/26 19:15,6.05,4.43,12.76
14286,2023/3/26 19:30,6.22,6.35,15.8
14287,2023/3/26 19:45,6.4,6.73,20.29
14288,2023/3/26 20:00,6.57,8.26,27.96
14289,2023/3/26 20:15,6.74,8.65,35.79
14290,2023/3/26 20:30,6.91,9.03,40.01
14291,2023/3/26 20:45,7.08,10.18,44.43
14292,2023/3/26 21:00,7.24,10.56,46.44
14293,2023/3/26 21:15,7.39,10.56,47.68
14294,2023/3/26 21:30,7.54,10.56,46.11
14295,2023/3/26 21:45,7.67,10.18,45.2
14296,2023/3/26 22:00,7.79,10.18,45.04
14297,2023/3/26 22:15,7.9,10.56,45.67
14298,2023/3/26 22:30,7.99,11.33,45.91
14299,2023/3/26 22:45,8.08,10.94,47.71
14300,2023/3/26 23:00,8.16,11.33,48.35
14301,2023/3/26 23:15,8.24,12.09,48.48
14302,2023/3/26 23:30,8.3,11.33,48.48
14303,2023/3/26 23:45,8.36,12.48,48.55
14304,2023/3/27 0:00,8.5,10.56,48.32
14305,2023/3/27 0:15,8.55,11.33,48.68
14306,2023/3/27 0:30,8.58,10.56,48.08
14307,2023/3/27 0:45,8.61,8.65,48.52
14308,2023/3/27 1:00,8.64,9.8,47.48
14309,2023/3/27 1:15,8.66,9.41,47.28
14310,2023/3/27 1:30,8.67,9.8,47.71
14311,2023/3/27 1:45,8.68,10.56,46.81
14312,2023/3/27 2:00,8.68,10.94,47.98
14313,2023/3/27 2:15,8.67,11.71,48.48
14314,2023/3/27 2:30,8.66,10.18,47.48
14315,2023/3/27 2:45,8.64,10.94,48.52
14316,2023/3/27 3:00,8.62,11.33,48.42
14317,2023/3/27 3:15,8.59,10.56,48.45
14318,2023/3/27 3:30,8.54,10.56,48.45
14319,2023/3/27 3:45,8.48,10.18,48.08
14320,2023/3/27 4:00,8.4,9.8,46.07
14321,2023/3/27 4:15,8.31,9.8,45.4
14322,2023/3/27 4:30,8.2,9.41,44.53
14323,2023/3/27 4:45,8.08,10.18,46.27
14324,2023/3/27 5:00,7.94,10.56,45.84
14325,2023/3/27 5:15,7.78,8.65,43.39
14326,2023/3/27 5:30,7.61,8.65,45.37
14327,2023/3/27 5:45,7.42,9.8,46.17
14328,2023/3/27 6:00,7.47,10.56,47.38
14329,2023/3/27 6:15,7.26,9.03,45.67
14330,2023/3/27 6:30,7.04,9.8,43.49
14331,2023/3/27 6:45,6.83,9.8,42.83
14332,2023/3/27 7:00,6.62,10.18,40.72
14333,2023/3/27 7:15,6.41,7.5,24.28
14334,2023/3/27 7:30,6.21,3.67,14.8
14335,2023/3/27 7:45,6.03,3.28,8.47
14336,2023/3/27 8:00,5.85,2.9,7.13
14337,2023/3/27 8:15,5.69,2.14,6.19
14338,2023/3/27 8:30,5.54,3.28,6.83
14339,2023/3/27 8:45,5.4,1.37,5.46
14340,2023/3/27 9:00,5.28,4.05,5.32
14341,2023/3/27 9:15,5.17,4.82,7.6
14342,2023/3/27 9:30,5.07,4.43,9.91
14343,2023/3/27 9:45,4.99,4.43,9.61
14344,2023/3/27 10:00,4.93,5.58,10.18
14345,2023/3/27 10:15,4.88,5.58,9.41
14346,2023/3/27 10:30,4.83,5.96,9.91
14347,2023/3/27 10:45,4.78,5.2,9.24
14348,2023/3/27 11:00,4.72,6.35,9.44
14349,2023/3/27 11:15,4.67,4.82,10.51
14350,2023/3/27 11:30,4.61,5.58,15.3
14351,2023/3/27 11:45,4.56,4.43,10.05
14352,2023/3/27 12:00,4.56,4.43,9.94
14353,2023/3/27 12:15,4.5,4.43,9.88
14354,2023/3/27 12:30,4.44,4.43,8.4
14355,2023/3/27 12:45,4.38,5.96,10.31
14356,2023/3/27 13:00,4.32,4.43,8.47
14357,2023/3/27 13:15,4.27,4.43,10.88
14358,2023/3/27 13:30,4.22,5.2,18.42
14359,2023/3/27 13:45,4.17,3.28,15.07
14360,2023/3/27 14:00,4.11,5.2,13.69
14361,2023/3/27 14:15,4.06,6.73,15.3
14362,2023/3/27 14:30,4.01,4.43,12.82
14363,2023/3/27 14:45,3.96,7.11,26.62
14364,2023/3/27 15:00,3.9,6.73,33.99
14365,2023/3/27 15:15,3.85,5.96,25.82
14366,2023/3/27 15:30,3.79,7.5,26.69
14367,2023/3/27 15:45,3.73,7.11,33.12
14368,2023/3/27 16:00,3.67,8.26,37.87
14369,2023/3/27 16:15,3.6,5.96,39.01
14370,2023/3/27 16:30,3.54,4.43,37.47
14371,2023/3/27 16:45,3.47,9.8,37.17
14372,2023/3/27 17:00,3.41,5.96,25.75
14373,2023/3/27 17:15,3.35,6.73,18.62
14374,2023/3/27 17:30,3.29,7.5,16.64
14375,2023/3/27 17:45,3.24,6.35,14.03
14376,2023/3/27 18:00,3.76,5.58,9.17
14377,2023/3/27 18:15,3.73,4.82,6.93
14378,2023/3/27 18:30,3.7,4.05,3.65
14379,2023/3/27 18:45,3.67,3.67,2.04
14380,2023/3/27 19:00,3.64,3.28,0.4
14381,2023/3/27 19:15,3.61,2.52,0
14382,2023/3/27 19:30,3.59,1.75,0
14383,2023/3/27 19:45,3.57,1.75,0
14384,2023/3/27 20:00,3.56,2.14,0
14385,2023/3/27 20:15,3.55,2.52,0
14386,2023/3/27 20:30,3.55,2.14,0
14387,2023/3/27 20:45,3.55,1.75,0
14388,2023/3/27 21:00,3.57,2.14,0
14389,2023/3/27 21:15,3.6,1.75,0
14390,2023/3/27 21:30,3.63,2.52,0
14391,2023/3/27 21:45,3.66,3.67,0.6
14392,2023/3/27 22:00,3.69,4.43,4.96
14393,2023/3/27 22:15,3.73,5.2,7.63
14394,2023/3/27 22:30,3.77,5.2,9.11
14395,2023/3/27 22:45,3.8,5.96,12.42
14396,2023/3/27 23:00,3.83,5.96,14
14397,2023/3/27 23:15,3.87,5.96,15.37
14398,2023/3/27 23:30,3.9,5.96,12.89
14399,2023/3/27 23:45,3.94,6.35,14.5
14400,2023/3/28 0:00,3.96,7.11,14.73
14401,2023/3/28 0:15,3.99,6.73,13.69
14402,2023/3/28 0:30,4.02,6.73,11.65
14403,2023/3/28 0:45,4.04,6.35,10.75
14404,2023/3/28 1:00,4.04,5.96,7.97
14405,2023/3/28 1:15,4.03,5.2,7.94
14406,2023/3/28 1:30,4.02,6.35,7.5
14407,2023/3/28 1:45,4.01,4.05,6.43
14408,2023/3/28 2:00,4.01,5.2,10.41
14409,2023/3/28 2:15,4,5.2,12.42
14410,2023/3/28 2:30,4,5.2,18.82
14411,2023/3/28 2:45,4,7.11,20.16
14412,2023/3/28 3:00,4,6.73,17.71
14413,2023/3/28 3:15,4,6.35,17.81
14414,2023/3/28 3:30,4,7.5,16.94
14415,2023/3/28 3:45,4,7.11,15
14416,2023/3/28 4:00,3.99,7.11,14.83
14417,2023/3/28 4:15,3.97,5.96,13.76
14418,2023/3/28 4:30,3.97,6.35,12.36
14419,2023/3/28 4:45,3.97,5.96,9.41
14420,2023/3/28 5:00,3.98,4.82,8.17
14421,2023/3/28 5:15,3.99,3.28,6.16
14422,2023/3/28 5:30,4.02,3.67,4.12
14423,2023/3/28 5:45,4.04,2.9,1.07
14424,2023/3/28 6:00,4.17,1.37,0.17
14425,2023/3/28 6:15,4.19,2.14,0
14426,2023/3/28 6:30,4.22,0,0
14427,2023/3/28 6:45,4.25,1.37,0
14428,2023/3/28 7:00,4.28,0,0
14429,2023/3/28 7:15,4.3,1.37,0
14430,2023/3/28 7:30,4.33,1.37,0
14431,2023/3/28 7:45,4.34,1.75,0
14432,2023/3/28 8:00,4.35,2.52,0
14433,2023/3/28 8:15,4.36,2.9,0
14434,2023/3/28 8:30,4.36,3.28,0
14435,2023/3/28 8:45,4.36,2.14,0.03
14436,2023/3/28 9:00,4.35,2.14,0.13
14437,2023/3/28 9:15,4.33,2.9,0.3
14438,2023/3/28 9:30,4.32,4.05,0.9
14439,2023/3/28 9:45,4.32,2.52,2.01
14440,2023/3/28 10:00,4.31,4.43,4.02
14441,2023/3/28 10:15,4.32,4.82,4.52
14442,2023/3/28 10:30,4.32,3.28,4.39
14443,2023/3/28 10:45,4.34,4.43,4.25
14444,2023/3/28 11:00,4.37,4.05,3.48
14445,2023/3/28 11:15,4.4,3.28,3.75
14446,2023/3/28 11:30,4.45,3.28,5.06
14447,2023/3/28 11:45,4.5,4.05,4.45
14448,2023/3/28 12:00,4.54,4.05,4.69
14449,2023/3/28 12:15,4.61,3.67,5.99
14450,2023/3/28 12:30,4.68,2.9,4.89
14451,2023/3/28 12:45,4.74,4.05,5.26
14452,2023/3/28 13:00,4.8,4.05,8.4
14453,2023/3/28 13:15,4.85,5.2,8.61
14454,2023/3/28 13:30,4.91,4.05,10.88
14455,2023/3/28 13:45,4.95,5.96,10.75
14456,2023/3/28 14:00,4.99,3.67,6.29
14457,2023/3/28 14:15,5.03,4.05,7.03
14458,2023/3/28 14:30,5.06,5.96,6.9
14459,2023/3/28 14:45,5.08,3.28,5.32
14460,2023/3/28 15:00,5.1,5.2,4.12
14461,2023/3/28 15:15,5.12,3.28,3.35
14462,2023/3/28 15:30,5.13,1.37,1.51
14463,2023/3/28 15:45,5.16,3.28,0.4
14464,2023/3/28 16:00,5.19,2.14,0
14465,2023/3/28 16:15,5.23,2.9,0
14466,2023/3/28 16:30,5.3,2.9,0
14467,2023/3/28 16:45,5.39,2.52,0.17
14468,2023/3/28 17:00,5.51,0,1.47
14469,2023/3/28 17:15,5.66,3.67,2.31
14470,2023/3/28 17:30,5.83,4.82,4.15
14471,2023/3/28 17:45,6.04,5.58,7.33
14472,2023/3/28 18:00,6.05,4.82,6.83
14473,2023/3/28 18:15,6.28,5.2,7.1
14474,2023/3/28 18:30,6.51,5.96,9.88
14475,2023/3/28 18:45,6.76,4.43,18.95
14476,2023/3/28 19:00,7.02,8.65,31.88
14477,2023/3/28 19:15,7.28,9.03,37.27
14478,2023/3/28 19:30,7.54,9.8,38.71
14479,2023/3/28 19:45,7.8,8.65,39.98
14480,2023/3/28 20:00,8.05,10.18,47.78
14481,2023/3/28 20:15,8.29,11.33,48.42
14482,2023/3/28 20:30,8.51,12.09,48.35
14483,2023/3/28 20:45,8.72,12.09,48.42
14484,2023/3/28 21:00,8.92,13.63,48.52
14485,2023/3/28 21:15,9.1,13.63,48.25
14486,2023/3/28 21:30,9.27,11.33,48.32
14487,2023/3/28 21:45,9.41,13.24,48.35
14488,2023/3/28 22:00,9.54,12.86,48.45
14489,2023/3/28 22:15,9.64,12.86,48.48
14490,2023/3/28 22:30,9.73,12.86,48.22
14491,2023/3/28 22:45,9.82,12.48,48.45
14492,2023/3/28 23:00,9.9,13.24,48.55
14493,2023/3/28 23:15,9.98,12.48,48.25
14494,2023/3/28 23:30,10.05,12.86,48.38
14495,2023/3/28 23:45,10.13,13.63,48.38
14496,2023/3/29 0:00,10.15,14.01,48.22
14497,2023/3/29 0:15,10.23,13.63,48.45
14498,2023/3/29 0:30,10.29,13.24,48.32
14499,2023/3/29 0:45,10.35,12.86,48.45
14500,2023/3/29 1:00,10.4,12.86,48.25
14501,2023/3/29 1:15,10.44,13.24,48.48
14502,2023/3/29 1:30,10.48,12.86,48.48
14503,2023/3/29 1:45,10.52,12.09,48.55
14504,2023/3/29 2:00,10.55,11.71,48.48
14505,2023/3/29 2:15,10.59,10.94,48.42
14506,2023/3/29 2:30,10.63,11.71,48.48
14507,2023/3/29 2:45,10.67,12.09,48.48
14508,2023/3/29 3:00,10.71,14.01,48.48
14509,2023/3/29 3:15,10.74,12.86,48.45
14510,2023/3/29 3:30,10.77,12.86,48.55
14511,2023/3/29 3:45,10.79,12.48,48.58
14512,2023/3/29 4:00,10.8,12.09,48.25
14513,2023/3/29 4:15,10.79,12.09,48.32
14514,2023/3/29 4:30,10.79,13.24,48.38
14515,2023/3/29 4:45,10.77,13.24,48.35
14516,2023/3/29 5:00,10.75,13.63,48.55
14517,2023/3/29 5:15,10.71,14.01,48.38
14518,2023/3/29 5:30,10.67,14.01,48.22
14519,2023/3/29 5:45,10.62,14.01,48.55
14520,2023/3/29 6:00,10.04,14.01,48.45
14521,2023/3/29 6:15,9.96,13.24,48.28
14522,2023/3/29 6:30,9.88,13.24,48.38
14523,2023/3/29 6:45,9.79,12.86,48.32
14524,2023/3/29 7:00,9.71,12.09,48.42
14525,2023/3/29 7:15,9.62,10.56,48.25
14526,2023/3/29 7:30,9.54,11.71,47.78
14527,2023/3/29 7:45,9.46,10.18,44.47
14528,2023/3/29 8:00,9.37,10.56,46.41
14529,2023/3/29 8:15,9.29,8.65,45.67
14530,2023/3/29 8:30,9.21,7.88,44
14531,2023/3/29 8:45,9.14,9.03,42.56
14532,2023/3/29 9:00,9.07,9.8,41.65
14533,2023/3/29 9:15,9,7.88,37.84
14534,2023/3/29 9:30,8.95,9.03,39.04
14535,2023/3/29 9:45,8.9,7.88,37.6
14536,2023/3/29 10:00,8.85,8.65,35.46
14537,2023/3/29 10:15,8.82,7.11,30.64
14538,2023/3/29 10:30,8.79,9.8,29.43
14539,2023/3/29 10:45,8.76,8.26,29.36
14540,2023/3/29 11:00,8.74,8.26,36.4
14541,2023/3/29 11:15,8.71,9.03,39.44
14542,2023/3/29 11:30,8.68,8.26,35.36
14543,2023/3/29 11:45,8.66,7.88,40.95
14544,2023/3/29 12:00,8.63,9.41,40.25
14545,2023/3/29 12:15,8.61,6.73,35.36
14546,2023/3/29 12:30,8.59,8.26,42.22
14547,2023/3/29 12:45,8.59,8.65,40.41
14548,2023/3/29 13:00,8.59,7.5,41.85
14549,2023/3/29 13:15,8.59,8.26,43.8
14550,2023/3/29 13:30,8.6,10.18,40.31
14551,2023/3/29 13:45,8.62,8.26,41.02
14552,2023/3/29 14:00,8.64,9.8,45.3
14553,2023/3/29 14:15,8.68,9.41,41.18
14554,2023/3/29 14:30,8.71,10.18,39.28
14555,2023/3/29 14:45,8.74,9.8,42.22
14556,2023/3/29 15:00,8.78,9.8,41.45
14557,2023/3/29 15:15,8.82,9.8,38.74
14558,2023/3/29 15:30,8.87,7.5,40.08
14559,2023/3/29 15:45,8.91,8.26,41.15
14560,2023/3/29 16:00,8.96,10.56,42.32
14561,2023/3/29 16:15,9.01,9.8,43.9
14562,2023/3/29 16:30,9.06,10.56,46.98
14563,2023/3/29 16:45,9.1,10.56,48.45
14564,2023/3/29 17:00,9.13,11.33,48.22
14565,2023/3/29 17:15,9.16,11.71,48.42
14566,2023/3/29 17:30,9.19,10.18,46.21
14567,2023/3/29 17:45,9.21,10.56,42.79
14568,2023/3/29 18:00,9.45,10.18,42.76
14569,2023/3/29 18:15,9.4,8.65,43.06
14570,2023/3/29 18:30,9.34,12.86,42.06
14571,2023/3/29 18:45,9.26,12.09,48.15
14572,2023/3/29 19:00,9.16,14.01,48.42
14573,2023/3/29 19:15,9.05,12.86,48.42
14574,2023/3/29 19:30,8.93,10.56,48.28
14575,2023/3/29 19:45,8.8,12.09,48.45
14576,2023/3/29 20:00,8.66,10.18,48.25
14577,2023/3/29 20:15,8.53,9.8,48.45
14578,2023/3/29 20:30,8.4,11.71,48.48
14579,2023/3/29 20:45,8.27,11.71,48.45
14580,2023/3/29 21:00,8.14,12.09,48.32
14581,2023/3/29 21:15,8.02,12.48,48.38
14582,2023/3/29 21:30,7.88,11.71,48.02
14583,2023/3/29 21:45,7.74,10.56,40.58
14584,2023/3/29 22:00,7.58,10.56,40.15
14585,2023/3/29 22:15,7.41,8.26,35.96
14586,2023/3/29 22:30,7.25,6.35,20.83
14587,2023/3/29 22:45,7.09,6.73,14.26
14588,2023/3/29 23:00,6.93,5.2,8.37
14589,2023/3/29 23:15,6.77,6.73,9.51
14590,2023/3/29 23:30,6.62,5.96,9.34
14591,2023/3/29 23:45,6.46,4.82,9.54
14592,2023/3/30 0:00,6.2,6.73,14.97
14593,2023/3/30 0:15,5.99,8.65,28.26
14594,2023/3/30 0:30,5.79,4.05,30.27
14595,2023/3/30 0:45,5.58,7.88,27.56
14596,2023/3/30 1:00,5.38,8.26,21.6
14597,2023/3/30 1:15,5.19,4.82,17.88
14598,2023/3/30 1:30,5.01,4.82,14.53
14599,2023/3/30 1:45,4.87,2.9,11.15
14600,2023/3/30 2:00,4.75,3.67,5.32
14601,2023/3/30 2:15,4.66,2.14,2.54
14602,2023/3/30 2:30,4.59,2.14,2.34
14603,2023/3/30 2:45,4.55,2.14,1.64
14604,2023/3/30 3:00,4.53,3.28,1.07
14605,2023/3/30 3:15,4.53,1.75,0.2
14606,2023/3/30 3:30,4.53,2.52,0
14607,2023/3/30 3:45,4.53,2.14,0
14608,2023/3/30 4:00,4.53,3.28,0
14609,2023/3/30 4:15,4.54,3.67,0
14610,2023/3/30 4:30,4.55,4.43,3.15
14611,2023/3/30 4:45,4.55,3.67,3.95
14612,2023/3/30 5:00,4.55,3.67,4.15
14613,2023/3/30 5:15,4.54,4.05,2.51
14614,2023/3/30 5:30,4.52,3.28,1.57
14615,2023/3/30 5:45,4.49,3.67,2.61
14616,2023/3/30 6:00,3.28,2.9,1.07
14617,2023/3/30 6:15,3.15,2.52,0.1
14618,2023/3/30 6:30,3.02,2.9,0.44
14619,2023/3/30 6:45,2.91,2.9,0
14620,2023/3/30 7:00,2.8,2.14,0
14621,2023/3/30 7:15,2.7,1.75,0
14622,2023/3/30 7:30,2.62,1.37,0
14623,2023/3/30 7:45,2.56,2.52,0
14624,2023/3/30 8:00,2.51,2.52,0
14625,2023/3/30 8:15,2.49,3.28,0
14626,2023/3/30 8:30,2.48,3.28,0
14627,2023/3/30 8:45,2.49,2.9,0
14628,2023/3/30 9:00,2.51,3.28,0
14629,2023/3/30 9:15,2.55,4.05,0
14630,2023/3/30 9:30,2.61,3.67,0.44
14631,2023/3/30 9:45,2.69,2.9,0.47
14632,2023/3/30 10:00,2.79,4.05,2.58
14633,2023/3/30 10:15,2.91,3.28,4.32
14634,2023/3/30 10:30,3.02,4.05,6.03
14635,2023/3/30 10:45,3.12,4.05,5.99
14636,2023/3/30 11:00,3.22,2.9,5.29
14637,2023/3/30 11:15,3.32,1.75,2.91
14638,2023/3/30 11:30,3.4,3.67,1.31
14639,2023/3/30 11:45,3.49,4.82,0.7
14640,2023/3/30 12:00,3.59,3.67,6.6
14641,2023/3/30 12:15,3.66,4.82,7.7
14642,2023/3/30 12:30,3.73,4.43,6.9
14643,2023/3/30 12:45,3.79,4.82,7.87
14644,2023/3/30 13:00,3.84,5.2,10.11
14645,2023/3/30 13:15,3.89,3.67,10.71
14646,2023/3/30 13:30,3.93,5.96,8.07
14647,2023/3/30 13:45,3.96,3.28,7.23
14648,2023/3/30 14:00,3.99,2.52,4.65
14649,2023/3/30 14:15,4,3.28,5.09
14650,2023/3/30 14:30,4.02,3.67,4.12
14651,2023/3/30 14:45,4.02,3.67,3.68
14652,2023/3/30 15:00,4.02,2.14,2.24
14653,2023/3/30 15:15,4.02,3.67,2.11
14654,2023/3/30 15:30,3.99,2.9,0.6
14655,2023/3/30 15:45,3.93,1.75,0.23
14656,2023/3/30 16:00,3.85,2.52,0
14657,2023/3/30 16:15,3.74,2.9,0
14658,2023/3/30 16:30,3.62,1.75,0
14659,2023/3/30 16:45,3.49,2.14,0
14660,2023/3/30 17:00,3.37,2.52,0
14661,2023/3/30 17:15,3.24,2.52,0
14662,2023/3/30 17:30,3.13,2.14,0
14663,2023/3/30 17:45,3.04,2.14,0
14664,2023/3/30 18:00,5.08,2.14,0
14665,2023/3/30 18:15,5.12,2.52,0
14666,2023/3/30 18:30,5.16,1.75,0
14667,2023/3/30 18:45,5.19,0.6,0
14668,2023/3/30 19:00,5.22,0.6,0
14669,2023/3/30 19:15,5.25,0,0
14670,2023/3/30 19:30,5.27,0,0
14671,2023/3/30 19:45,5.3,0,0
14672,2023/3/30 20:00,5.32,0,0
14673,2023/3/30 20:15,5.34,0,0
14674,2023/3/30 20:30,5.36,0.99,0
14675,2023/3/30 20:45,5.37,1.75,0
14676,2023/3/30 21:00,5.38,2.52,0
14677,2023/3/30 21:15,5.4,2.14,0.03
14678,2023/3/30 21:30,5.41,3.67,1.47
14679,2023/3/30 21:45,5.43,0,2.98
14680,2023/3/30 22:00,5.45,5.58,5.32
14681,2023/3/30 22:15,5.47,4.82,4.42
14682,2023/3/30 22:30,5.5,5.2,5.49
14683,2023/3/30 22:45,5.54,5.96,9.17
14684,2023/3/30 23:00,5.59,5.96,12.19
14685,2023/3/30 23:15,5.65,5.96,14.23
14686,2023/3/30 23:30,5.72,7.5,19.49
14687,2023/3/30 23:45,5.8,8.26,23.64
14688,2023/3/31 0:00,6.16,9.8,32.65
14689,2023/3/31 0:15,6.26,10.18,40.65
14690,2023/3/31 0:30,6.36,10.56,43.33
14691,2023/3/31 0:45,6.46,10.94,47.81
14692,2023/3/31 1:00,6.56,10.56,47.04
14693,2023/3/31 1:15,6.66,9.8,45.84
14694,2023/3/31 1:30,6.76,10.56,47.78
14695,2023/3/31 1:45,6.84,10.56,45.74
14696,2023/3/31 2:00,6.93,10.18,44.13
14697,2023/3/31 2:15,7,10.18,40.25
14698,2023/3/31 2:30,7.07,9.03,38.51
14699,2023/3/31 2:45,7.13,8.65,37.03
14700,2023/3/31 3:00,7.19,7.5,32.71
14701,2023/3/31 3:15,7.23,7.88,26.49
14702,2023/3/31 3:30,7.27,7.88,24.21
14703,2023/3/31 3:45,7.3,7.11,21.9
14704,2023/3/31 4:00,7.31,8.26,22.47
14705,2023/3/31 4:15,7.31,7.88,21.9
14706,2023/3/31 4:30,7.31,7.88,20.76
14707,2023/3/31 4:45,7.3,6.73,18.78
14708,2023/3/31 5:00,7.28,7.11,20.59
14709,2023/3/31 5:15,7.26,7.5,24.84
14710,2023/3/31 5:30,7.23,9.03,28.43
14711,2023/3/31 5:45,7.19,9.03,30.47
14712,2023/3/31 6:00,6.72,9.03,35.93
14713,2023/3/31 6:15,6.66,9.41,40.25
14714,2023/3/31 6:30,6.61,9.8,37.47
14715,2023/3/31 6:45,6.56,9.41,29.77
14716,2023/3/31 7:00,6.51,8.65,25.55
14717,2023/3/31 7:15,6.46,7.11,21.13
14718,2023/3/31 7:30,6.41,5.96,16.07
14719,2023/3/31 7:45,6.37,5.96,10.78
14720,2023/3/31 8:00,6.33,5.58,11.22
14721,2023/3/31 8:15,6.3,6.35,11.72
14722,2023/3/31 8:30,6.26,5.96,16.51
14723,2023/3/31 8:45,6.23,5.58,13.69
14724,2023/3/31 9:00,6.2,4.82,9.94
14725,2023/3/31 9:15,6.17,4.82,8.1
14726,2023/3/31 9:30,6.15,4.82,7.03
14727,2023/3/31 9:45,6.15,4.43,7.77
14728,2023/3/31 10:00,6.17,4.43,7.7
14729,2023/3/31 10:15,6.19,4.43,8.61
14730,2023/3/31 10:30,6.23,5.96,9.54
14731,2023/3/31 10:45,6.27,5.58,9.44
14732,2023/3/31 11:00,6.32,6.73,14.7
14733,2023/3/31 11:15,6.38,5.96,10.68
14734,2023/3/31 11:30,6.44,5.2,14.26
14735,2023/3/31 11:45,6.51,5.58,14.63
14736,2023/3/31 12:00,6.58,7.88,15.87
14737,2023/3/31 12:15,6.66,4.82,21.09
14738,2023/3/31 12:30,6.75,9.03,23.4
14739,2023/3/31 12:45,6.85,7.11,25.68
14740,2023/3/31 13:00,6.96,6.35,25.05
14741,2023/3/31 13:15,7.08,7.88,27.36
14742,2023/3/31 13:30,7.2,7.11,29.7
14743,2023/3/31 13:45,7.31,6.35,32.98
14744,2023/3/31 14:00,7.42,7.5,28.03
14745,2023/3/31 14:15,7.53,5.2,31.78
14746,2023/3/31 14:30,7.64,7.11,32.48
14747,2023/3/31 14:45,7.73,7.5,32.85
14748,2023/3/31 15:00,7.83,7.88,35.43
14749,2023/3/31 15:15,7.91,8.65,33.35
14750,2023/3/31 15:30,8,9.41,31.41
14751,2023/3/31 15:45,8.09,6.73,33.25
14752,2023/3/31 16:00,8.19,9.41,34.45
14753,2023/3/31 16:15,8.29,10.18,40.48
14754,2023/3/31 16:30,8.39,9.41,41.25
14755,2023/3/31 16:45,8.49,10.18,44.8
14756,2023/3/31 17:00,8.59,7.5,39.28
14757,2023/3/31 17:15,8.7,8.26,35.86
14758,2023/3/31 17:30,8.8,8.65,40.35
14759,2023/3/31 17:45,8.9,8.26,37.94
14760,2023/3/31 18:00,9.01,9.8,36.56
14761,2023/3/31 18:15,9.11,6.73,39.11
14762,2023/3/31 18:30,9.22,9.03,40.51
14763,2023/3/31 18:45,9.33,10.18,46.74
14764,2023/3/31 19:00,9.45,10.18,44.03
14765,2023/3/31 19:15,9.58,9.41,44.03
14766,2023/3/31 19:30,9.7,11.33,46.31
14767,2023/3/31 19:45,9.82,12.48,48.28
14768,2023/3/31 20:00,9.92,12.48,48.35
14769,2023/3/31 20:15,10.03,12.86,48.38
14770,2023/3/31 20:30,10.13,11.71,48.35
14771,2023/3/31 20:45,10.22,12.86,48.45
14772,2023/3/31 21:00,10.31,11.71,48.42
14773,2023/3/31 21:15,10.39,12.48,48.48
14774,2023/3/31 21:30,10.47,11.71,48.32
14775,2023/3/31 21:45,10.54,13.24,48.48
14776,2023/3/31 22:00,10.61,12.48,48.38
14777,2023/3/31 22:15,10.67,12.09,48.32
14778,2023/3/31 22:30,10.72,13.24,48.45
14779,2023/3/31 22:45,10.77,12.86,48.38
14780,2023/3/31 23:00,10.81,12.09,48.45
14781,2023/3/31 23:15,10.84,12.09,48.45
14782,2023/3/31 23:30,10.86,10.18,46.94
14783,2023/3/31 23:45,10.88,10.94,48.55
14784,2023/4/1 0:00,10.89,12.09,47.38
14785,2023/4/1 0:15,10.91,12.09,48.38
14786,2023/4/1 0:30,10.92,12.09,48.05
14787,2023/4/1 0:45,10.93,10.94,48.12
14788,2023/4/1 1:00,10.93,12.48,48.42
14789,2023/4/1 1:15,10.94,10.56,48.38
14790,2023/4/1 1:30,10.94,10.56,48.35
14791,2023/4/1 1:45,10.95,10.56,48.42
14792,2023/4/1 2:00,10.95,11.71,48.45
14793,2023/4/1 2:15,10.96,12.48,48.55
14794,2023/4/1 2:30,10.97,12.48,48.45
14795,2023/4/1 2:45,10.99,11.71,48.38
14796,2023/4/1 3:00,11,12.09,48.28
14797,2023/4/1 3:15,11.01,12.09,48.32
14798,2023/4/1 3:30,11.04,10.18,48.58
14799,2023/4/1 3:45,11.06,12.86,48.45
14800,2023/4/1 4:00,11.09,12.48,48.35
14801,2023/4/1 4:15,11.13,11.71,48.45
14802,2023/4/1 4:30,11.16,9.8,48.52
14803,2023/4/1 4:45,11.2,13.63,48.45
14804,2023/4/1 5:00,11.25,12.09,48.38
14805,2023/4/1 5:15,11.29,12.09,48.42
14806,2023/4/1 5:30,11.33,12.09,48.45
14807,2023/4/1 5:45,11.38,11.33,48.35
14808,2023/4/1 6:00,11.14,12.48,48.38
14809,2023/4/1 6:15,11.18,15.16,48.45
14810,2023/4/1 6:30,11.21,12.09,48.55
14811,2023/4/1 6:45,11.24,12.48,48.42
14812,2023/4/1 7:00,11.27,11.71,48.52
14813,2023/4/1 7:15,11.3,10.94,48.32
14814,2023/4/1 7:30,11.31,12.09,48.42
14815,2023/4/1 7:45,11.32,12.48,48.32
14816,2023/4/1 8:00,11.32,10.94,48.38
14817,2023/4/1 8:15,11.31,13.63,48.35
14818,2023/4/1 8:30,11.29,8.26,46.91
14819,2023/4/1 8:45,11.27,10.94,47.65
14820,2023/4/1 9:00,11.24,12.09,48.25
14821,2023/4/1 9:15,11.21,11.71,45.57
14822,2023/4/1 9:30,11.18,9.03,46.71
14823,2023/4/1 9:45,11.16,11.33,46.64
14824,2023/4/1 10:00,11.15,10.94,45.27
14825,2023/4/1 10:15,11.16,9.8,45.27
14826,2023/4/1 10:30,11.17,10.94,48.35
14827,2023/4/1 10:45,11.19,9.03,48.12
14828,2023/4/1 11:00,11.22,10.94,48.32
14829,2023/4/1 11:15,11.26,11.33,48.35
14830,2023/4/1 11:30,11.32,12.48,48.32
14831,2023/4/1 11:45,11.38,10.94,48.32
14832,2023/4/1 12:00,11.43,17.45,48.38
14833,2023/4/1 12:15,11.52,14.01,48.68
14834,2023/4/1 12:30,11.61,12.09,48.15
14835,2023/4/1 12:45,11.71,14.01,48.22
14836,2023/4/1 13:00,11.81,12.48,48.28
14837,2023/4/1 13:15,11.92,14.77,48.15
14838,2023/4/1 13:30,12.01,12.86,48.25
14839,2023/4/1 13:45,12.08,13.24,48.25
14840,2023/4/1 14:00,12.13,13.63,48.32
14841,2023/4/1 14:15,12.16,12.09,48.08
14842,2023/4/1 14:30,12.18,12.86,48.25
14843,2023/4/1 14:45,12.19,13.63,48.15
14844,2023/4/1 15:00,12.19,14.01,48.48
14845,2023/4/1 15:15,12.16,10.56,48.28
14846,2023/4/1 15:30,12.14,12.86,48.32
14847,2023/4/1 15:45,12.11,15.16,48.25
14848,2023/4/1 16:00,12.07,12.48,48.08
14849,2023/4/1 16:15,12.02,12.09,48.35
14850,2023/4/1 16:30,11.98,12.48,48.35
14851,2023/4/1 16:45,11.94,10.94,48.32
14852,2023/4/1 17:00,11.91,10.18,48.28
14853,2023/4/1 17:15,11.88,9.8,48.38
14854,2023/4/1 17:30,11.85,11.71,48.32
14855,2023/4/1 17:45,11.84,11.33,48.35
14856,2023/4/1 18:00,11.98,10.56,48.52
14857,2023/4/1 18:15,11.99,12.09,48.42
14858,2023/4/1 18:30,12.01,14.39,48.38
14859,2023/4/1 18:45,12.03,12.48,48.12
14860,2023/4/1 19:00,12.05,12.09,48.45
14861,2023/4/1 19:15,12.09,10.56,48.55
14862,2023/4/1 19:30,12.12,12.86,48.42
14863,2023/4/1 19:45,12.15,11.33,48.28
14864,2023/4/1 20:00,12.18,12.48,48.42
14865,2023/4/1 20:15,12.22,13.63,48.42
14866,2023/4/1 20:30,12.25,13.63,48.42
14867,2023/4/1 20:45,12.27,9.41,44.43
14868,2023/4/1 21:00,12.3,10.18,48.38
14869,2023/4/1 21:15,12.31,13.24,48.38
14870,2023/4/1 21:30,12.33,14.01,48.38
14871,2023/4/1 21:45,12.34,13.63,48.45
14872,2023/4/1 22:00,12.36,12.09,48.48
14873,2023/4/1 22:15,12.37,12.48,48.52
14874,2023/4/1 22:30,12.38,12.09,48.28
14875,2023/4/1 22:45,12.39,14.01,48.48
14876,2023/4/1 23:00,12.4,12.86,48.28
14877,2023/4/1 23:15,12.39,14.01,48.48
14878,2023/4/1 23:30,12.38,12.86,48.55
14879,2023/4/1 23:45,12.36,13.24,48.15
14880,2023/4/2 0:00,12.39,13.24,48.28
14881,2023/4/2 0:15,12.35,10.94,48.35
14882,2023/4/2 0:30,12.31,12.48,48.48
14883,2023/4/2 0:45,12.27,13.24,48.42
14884,2023/4/2 1:00,12.23,12.48,48.28
14885,2023/4/2 1:15,12.19,13.24,48.45
14886,2023/4/2 1:30,12.15,14.39,48.48
14887,2023/4/2 1:45,12.09,12.86,48.35
14888,2023/4/2 2:00,12.04,12.09,48.38
14889,2023/4/2 2:15,11.97,11.71,48.65
14890,2023/4/2 2:30,11.91,12.48,48.58
14891,2023/4/2 2:45,11.84,12.09,48.48
14892,2023/4/2 3:00,11.77,12.86,48.45
14893,2023/4/2 3:15,11.7,12.48,48.52
14894,2023/4/2 3:30,11.63,11.33,48.52
14895,2023/4/2 3:45,11.55,12.09,48.55
14896,2023/4/2 4:00,11.48,11.33,48.38
14897,2023/4/2 4:15,11.42,12.48,48.58
14898,2023/4/2 4:30,11.35,12.48,48.38
14899,2023/4/2 4:45,11.28,12.48,48.45
14900,2023/4/2 5:00,11.21,11.33,48.58
14901,2023/4/2 5:15,11.14,10.56,48.45
14902,2023/4/2 5:30,11.06,11.33,47.71
14903,2023/4/2 5:45,10.99,11.33,48.12
14904,2023/4/2 6:00,10.6,10.56,47.81
14905,2023/4/2 6:15,10.53,10.56,46.74
14906,2023/4/2 6:30,10.46,9.03,48.38
14907,2023/4/2 6:45,10.4,11.71,48.55
14908,2023/4/2 7:00,10.34,12.48,47.31
14909,2023/4/2 7:15,10.28,8.65,43.53
14910,2023/4/2 7:30,10.22,9.03,44.83
14911,2023/4/2 7:45,10.17,10.94,47.51
14912,2023/4/2 8:00,10.12,10.94,47.28
14913,2023/4/2 8:15,10.08,5.96,46.11
14914,2023/4/2 8:30,10.04,9.8,46.21
14915,2023/4/2 8:45,10,10.18,43.73
14916,2023/4/2 9:00,9.96,9.03,45.77
14917,2023/4/2 9:15,9.92,7.11,46.17
14918,2023/4/2 9:30,9.9,9.8,47.21
14919,2023/4/2 9:45,9.88,10.94,47.04
14920,2023/4/2 10:00,9.87,11.33,47.71
14921,2023/4/2 10:15,9.87,10.18,47.18
14922,2023/4/2 10:30,9.87,11.33,47.25
14923,2023/4/2 10:45,9.87,11.33,48.52
14924,2023/4/2 11:00,9.87,11.33,48.28
14925,2023/4/2 11:15,9.88,11.33,48.55
14926,2023/4/2 11:30,9.9,9.8,48.05
14927,2023/4/2 11:45,9.91,8.26,46.54
14928,2023/4/2 12:00,9.85,9.8,46.94
14929,2023/4/2 12:15,9.87,7.88,47.71
14930,2023/4/2 12:30,9.9,10.94,48.25
14931,2023/4/2 12:45,9.94,11.33,48.08
14932,2023/4/2 13:00,9.98,10.56,48.22
14933,2023/4/2 13:15,10.02,10.18,46.98
14934,2023/4/2 13:30,10.06,10.94,48.12
14935,2023/4/2 13:45,10.1,7.11,46.07
14936,2023/4/2 14:00,10.14,12.48,42.93
14937,2023/4/2 14:15,10.17,10.18,48.48
14938,2023/4/2 14:30,10.2,11.71,48.45
14939,2023/4/2 14:45,10.22,11.71,47.31
14940,2023/4/2 15:00,10.24,9.41,47.85
14941,2023/4/2 15:15,10.26,10.18,45.64
14942,2023/4/2 15:30,10.27,9.41,47.38
14943,2023/4/2 15:45,10.29,10.94,45.04
14944,2023/4/2 16:00,10.32,11.33,48.08
14945,2023/4/2 16:15,10.35,10.18,48.02
14946,2023/4/2 16:30,10.38,11.33,45.04
14947,2023/4/2 16:45,10.41,9.41,47.45
14948,2023/4/2 17:00,10.45,10.18,39.71
14949,2023/4/2 17:15,10.48,8.26,33.85
14950,2023/4/2 17:30,10.52,7.5,39.64
14951,2023/4/2 17:45,10.56,7.88,42.22
14952,2023/4/2 18:00,10.73,8.26,41.99
14953,2023/4/2 18:15,10.78,7.11,38.81
14954,2023/4/2 18:30,10.85,7.5,41.85
14955,2023/4/2 18:45,10.92,7.88,43.33
14956,2023/4/2 19:00,11.01,7.5,44.1
14957,2023/4/2 19:15,11.1,9.41,47.51
14958,2023/4/2 19:30,11.19,10.18,48.35
14959,2023/4/2 19:45,11.29,10.94,48.18
14960,2023/4/2 20:00,11.38,9.8,48.42
14961,2023/4/2 20:15,11.48,10.18,48.38
14962,2023/4/2 20:30,11.58,11.71,48.35
14963,2023/4/2 20:45,11.68,9.8,47.41
14964,2023/4/2 21:00,11.79,11.71,48.38
14965,2023/4/2 21:15,11.91,12.09,48.52
14966,2023/4/2 21:30,12.03,10.94,48.02
14967,2023/4/2 21:45,12.15,10.18,47.98
14968,2023/4/2 22:00,12.28,8.65,48.25
14969,2023/4/2 22:15,12.42,12.09,48.45
14970,2023/4/2 22:30,12.55,10.56,48.52
14971,2023/4/2 22:45,12.69,12.86,48.28
14972,2023/4/2 23:00,12.82,12.09,48.38
14973,2023/4/2 23:15,12.95,12.86,48.42
14974,2023/4/2 23:30,13.08,12.86,48.38
14975,2023/4/2 23:45,13.2,11.71,48.32
14976,2023/4/3 0:00,13.26,13.24,48.45
14977,2023/4/3 0:15,13.38,13.24,48.45
14978,2023/4/3 0:30,13.47,14.01,48.22
14979,2023/4/3 0:45,13.56,13.63,48.38
14980,2023/4/3 1:00,13.62,12.86,48.32
14981,2023/4/3 1:15,13.68,13.24,48.35
14982,2023/4/3 1:30,13.71,14.01,48.48
14983,2023/4/3 1:45,13.73,15.54,48.25
14984,2023/4/3 2:00,13.74,14.39,48.05
14985,2023/4/3 2:15,13.73,14.39,48.28
14986,2023/4/3 2:30,13.71,15.54,48.32
14987,2023/4/3 2:45,13.68,13.24,48.22
14988,2023/4/3 3:00,13.64,12.48,48.25
14989,2023/4/3 3:15,13.59,15.92,48.45
14990,2023/4/3 3:30,13.54,15.16,48.32
14991,2023/4/3 3:45,13.48,13.24,48.35
14992,2023/4/3 4:00,13.41,13.24,48.25
14993,2023/4/3 4:15,13.34,13.63,48.48
14994,2023/4/3 4:30,13.27,12.86,48.52
14995,2023/4/3 4:45,13.2,13.63,48.42
14996,2023/4/3 5:00,13.13,14.77,48.55
14997,2023/4/3 5:15,13.07,14.39,48.42
14998,2023/4/3 5:30,13,13.63,48.35
14999,2023/4/3 5:45,12.94,13.24,48.42
15000,2023/4/3 6:00,12.27,12.86,48.18
15001,2023/4/3 6:15,12.16,13.24,48.25
15002,2023/4/3 6:30,12.04,14.01,48.68
15003,2023/4/3 6:45,11.93,14.01,48.48
15004,2023/4/3 7:00,11.8,13.63,48.45
15005,2023/4/3 7:15,11.66,12.48,48.55
15006,2023/4/3 7:30,11.53,11.33,48.72
15007,2023/4/3 7:45,11.39,15.16,48.48
15008,2023/4/3 8:00,11.26,12.86,48.52
15009,2023/4/3 8:15,11.12,12.48,48.55
15010,2023/4/3 8:30,10.97,12.86,48.55
15011,2023/4/3 8:45,10.81,10.18,46.24
15012,2023/4/3 9:00,10.64,11.71,42.19
15013,2023/4/3 9:15,10.46,13.24,48.22
15014,2023/4/3 9:30,10.29,11.33,48.52
15015,2023/4/3 9:45,10.11,10.56,48.42
15016,2023/4/3 10:00,9.93,10.56,45.2
15017,2023/4/3 10:15,9.76,9.41,40.15
15018,2023/4/3 10:30,9.58,6.73,41.52
15019,2023/4/3 10:45,9.39,9.03,42.26
15020,2023/4/3 11:00,9.2,8.65,42.06
15021,2023/4/3 11:15,9.01,10.18,41.52
15022,2023/4/3 11:30,8.8,5.2,37.1
15023,2023/4/3 11:45,8.58,7.88,27.49
15024,2023/4/3 12:00,8.36,6.35,18.45
15025,2023/4/3 12:15,8.13,7.5,17.34
15026,2023/4/3 12:30,7.91,6.73,12.19
15027,2023/4/3 12:45,7.69,4.05,6.36
15028,2023/4/3 13:00,7.48,3.28,6.7
15029,2023/4/3 13:15,7.28,4.43,5.26
15030,2023/4/3 13:30,7.07,3.67,2.14
15031,2023/4/3 13:45,6.88,0.99,0.17
15032,2023/4/3 14:00,6.68,2.9,0
15033,2023/4/3 14:15,6.5,3.28,0.07
15034,2023/4/3 14:30,6.32,2.52,1
15035,2023/4/3 14:45,6.15,5.2,5.06
15036,2023/4/3 15:00,5.99,3.67,6.8
15037,2023/4/3 15:15,5.85,3.67,5.29
15038,2023/4/3 15:30,5.72,3.67,3.01
15039,2023/4/3 15:45,5.62,3.67,1.1
15040,2023/4/3 16:00,5.53,2.52,0.03
15041,2023/4/3 16:15,5.46,1.75,0
15042,2023/4/3 16:30,5.41,2.14,0
15043,2023/4/3 16:45,5.37,2.9,0
15044,2023/4/3 17:00,5.35,2.9,0
15045,2023/4/3 17:15,5.34,4.05,0.74
15046,2023/4/3 17:30,5.36,2.9,0.23
15047,2023/4/3 17:45,5.39,2.52,1.81
15048,2023/4/3 18:00,5.69,4.05,1.54
15049,2023/4/3 18:15,5.74,2.52,1.41
15050,2023/4/3 18:30,5.8,2.52,1.04
15051,2023/4/3 18:45,5.86,2.14,0.64
15052,2023/4/3 19:00,5.92,3.28,2.44
15053,2023/4/3 19:15,5.99,3.28,2.91
15054,2023/4/3 19:30,6.08,3.28,3.31
15055,2023/4/3 19:45,6.18,2.52,2.95
15056,2023/4/3 20:00,6.31,2.52,1.94
15057,2023/4/3 20:15,6.45,2.9,2.91
15058,2023/4/3 20:30,6.6,2.9,4.22
15059,2023/4/3 20:45,6.75,5.58,10.51
15060,2023/4/3 21:00,6.92,3.28,17.41
15061,2023/4/3 21:15,7.08,9.03,29.1
15062,2023/4/3 21:30,7.24,9.03,32.78
15063,2023/4/3 21:45,7.39,9.03,35.79
15064,2023/4/3 22:00,7.54,6.73,31.94
15065,2023/4/3 22:15,7.67,7.88,30.1
15066,2023/4/3 22:30,7.8,8.26,28.49
15067,2023/4/3 22:45,7.92,8.65,28.86
15068,2023/4/3 23:00,8.04,7.5,33.75
15069,2023/4/3 23:15,8.14,8.26,31.98
15070,2023/4/3 23:30,8.23,7.11,30.47
15071,2023/4/3 23:45,8.31,9.03,28.46
15072,2023/4/4 0:00,8.56,9.03,36.5
15073,2023/4/4 0:15,8.6,8.65,37.53
15074,2023/4/4 0:30,8.62,8.65,44.47
15075,2023/4/4 0:45,8.63,9.41,39.74
15076,2023/4/4 1:00,8.61,6.35,39.24
15077,2023/4/4 1:15,8.58,6.73,35.79
15078,2023/4/4 1:30,8.53,9.41,29.77
15079,2023/4/4 1:45,8.47,6.73,31.07
15080,2023/4/4 2:00,8.38,8.26,30.4
15081,2023/4/4 2:15,8.27,7.5,30.37
15082,2023/4/4 2:30,8.15,5.2,31.11
15083,2023/4/4 2:45,8.01,6.73,31.24
15084,2023/4/4 3:00,7.84,6.73,21.5
15085,2023/4/4 3:15,7.66,4.43,21.73
15086,2023/4/4 3:30,7.46,3.28,14.93
15087,2023/4/4 3:45,7.26,1.75,7.94
15088,2023/4/4 4:00,7.05,4.05,6.96
15089,2023/4/4 4:15,6.82,3.28,7.3
15090,2023/4/4 4:30,6.58,1.75,8.04
15091,2023/4/4 4:45,6.34,2.9,6.09
15092,2023/4/4 5:00,6.08,1.75,4.75
15093,2023/4/4 5:15,5.82,3.67,7.87
15094,2023/4/4 5:30,5.56,2.9,11.08
15095,2023/4/4 5:45,5.29,3.28,15.54
15096,2023/4/4 6:00,6.34,2.14,14.13
15097,2023/4/4 6:15,6.15,2.9,14.16
15098,2023/4/4 6:30,5.97,2.52,11.32
15099,2023/4/4 6:45,5.79,4.05,8.61
15100,2023/4/4 7:00,5.63,2.9,8.84
15101,2023/4/4 7:15,5.48,5.2,14.03
15102,2023/4/4 7:30,5.32,6.35,20.56
15103,2023/4/4 7:45,5.17,4.43,22.1
15104,2023/4/4 8:00,5.02,5.58,17.91
15105,2023/4/4 8:15,4.86,5.2,14.67
15106,2023/4/4 8:30,4.71,5.2,13.69
15107,2023/4/4 8:45,4.56,3.28,10.25
15108,2023/4/4 9:00,4.4,5.58,12.56
15109,2023/4/4 9:15,4.25,4.82,9.84
15110,2023/4/4 9:30,4.09,4.82,9.24
15111,2023/4/4 9:45,3.92,4.82,9.64
15112,2023/4/4 10:00,3.75,4.82,8.24
15113,2023/4/4 10:15,3.59,4.05,3.72
15114,2023/4/4 10:30,3.42,3.28,3.01
15115,2023/4/4 10:45,3.26,4.05,1.31
15116,2023/4/4 11:00,3.11,3.67,0.07
15117,2023/4/4 11:15,2.96,2.9,0.33
15118,2023/4/4 11:30,2.82,1.75,0
15119,2023/4/4 11:45,2.7,4.43,0
15120,2023/4/4 12:00,2.65,1.75,0
15121,2023/4/4 12:15,2.54,3.28,0
15122,2023/4/4 12:30,2.45,1.75,0
15123,2023/4/4 12:45,2.37,2.52,0
15124,2023/4/4 13:00,2.3,3.28,0
15125,2023/4/4 13:15,2.25,1.75,0
15126,2023/4/4 13:30,2.21,3.28,0
15127,2023/4/4 13:45,2.19,3.28,0
15128,2023/4/4 14:00,2.18,2.52,0
15129,2023/4/4 14:15,2.18,4.82,0.37
15130,2023/4/4 14:30,2.19,2.9,0.17
15131,2023/4/4 14:45,2.21,1.75,0
15132,2023/4/4 15:00,2.24,1.75,0
15133,2023/4/4 15:15,2.27,0,0
15134,2023/4/4 15:30,2.3,1.75,0
15135,2023/4/4 15:45,2.34,1.37,0
15136,2023/4/4 16:00,2.37,1.75,0
15137,2023/4/4 16:15,2.42,2.9,0
15138,2023/4/4 16:30,2.46,2.14,0
15139,2023/4/4 16:45,2.52,3.67,0.97
15140,2023/4/4 17:00,2.57,3.28,2.08
15141,2023/4/4 17:15,2.62,2.52,1.24
15142,2023/4/4 17:30,2.68,2.52,0.27
15143,2023/4/4 17:45,2.74,1.37,0.03
15144,2023/4/4 18:00,2.71,0.99,0
15145,2023/4/4 18:15,2.76,0,0
15146,2023/4/4 18:30,2.8,0,0
15147,2023/4/4 18:45,2.84,0,0
15148,2023/4/4 19:00,2.89,0,0
15149,2023/4/4 19:15,2.92,0,0
15150,2023/4/4 19:30,2.96,0,0
15151,2023/4/4 19:45,3.01,0,0
15152,2023/4/4 20:00,3.05,0,0
15153,2023/4/4 20:15,3.09,0,0
15154,2023/4/4 20:30,3.14,0,0
15155,2023/4/4 20:45,3.18,0,0
15156,2023/4/4 21:00,3.23,2.14,0
15157,2023/4/4 21:15,3.28,3.28,0
15158,2023/4/4 21:30,3.34,2.52,0
15159,2023/4/4 21:45,3.41,3.28,0
15160,2023/4/4 22:00,3.48,2.52,0
15161,2023/4/4 22:15,3.56,2.52,0
15162,2023/4/4 22:30,3.66,2.9,0
15163,2023/4/4 22:45,3.76,3.28,0
15164,2023/4/4 23:00,3.87,1.75,1.27
15165,2023/4/4 23:15,3.99,2.9,0.77
15166,2023/4/4 23:30,4.11,2.14,0.54
15167,2023/4/4 23:45,4.24,2.14,0.54
15168,2023/4/5 0:00,4.26,2.52,0.5
15169,2023/4/5 0:15,4.4,1.75,0.44
15170,2023/4/5 0:30,4.56,2.14,0.13
15171,2023/4/5 0:45,4.74,2.14,0.03
15172,2023/4/5 1:00,4.94,4.05,0.4
15173,2023/4/5 1:15,5.15,2.14,0.8
15174,2023/4/5 1:30,5.37,4.05,1.77
15175,2023/4/5 1:45,5.58,2.9,3.42
15176,2023/4/5 2:00,5.78,2.52,2.58
15177,2023/4/5 2:15,5.97,4.05,1.07
15178,2023/4/5 2:30,6.14,3.67,0.44
15179,2023/4/5 2:45,6.3,3.28,0.07
15180,2023/4/5 3:00,6.43,3.67,0.44
15181,2023/4/5 3:15,6.54,5.58,2.95
15182,2023/4/5 3:30,6.63,4.05,2.24
15183,2023/4/5 3:45,6.7,3.28,0.9
15184,2023/4/5 4:00,6.75,4.82,2.51
15185,2023/4/5 4:15,6.77,4.82,2.85
15186,2023/4/5 4:30,6.76,4.43,5.06
15187,2023/4/5 4:45,6.72,2.9,9.58
15188,2023/4/5 5:00,6.63,3.67,11.92
15189,2023/4/5 5:15,6.51,4.43,12.56
15190,2023/4/5 5:30,6.36,4.43,12.25
15191,2023/4/5 5:45,6.19,4.82,13.66
15192,2023/4/5 6:00,5.21,2.9,12.12
15193,2023/4/5 6:15,5.17,4.82,10.28
15194,2023/4/5 6:30,5.13,4.43,9.54
15195,2023/4/5 6:45,5.07,4.82,8.14
15196,2023/4/5 7:00,5.01,4.82,4.39
15197,2023/4/5 7:15,4.93,4.43,2.65
15198,2023/4/5 7:30,4.86,3.67,0.97
15199,2023/4/5 7:45,4.8,2.9,0
15200,2023/4/5 8:00,4.74,2.9,0
15201,2023/4/5 8:15,4.68,4.43,0
15202,2023/4/5 8:30,4.62,4.05,0.97
15203,2023/4/5 8:45,4.56,3.28,0.67
15204,2023/4/5 9:00,4.5,2.9,0.7
15205,2023/4/5 9:15,4.44,4.43,1.67
15206,2023/4/5 9:30,4.38,4.05,2.85
15207,2023/4/5 9:45,4.33,4.82,4.52
15208,2023/4/5 10:00,4.28,3.28,6.09
15209,2023/4/5 10:15,4.25,5.96,7.9
15210,2023/4/5 10:30,4.21,4.82,11.15
15211,2023/4/5 10:45,4.17,4.82,8.97
15212,2023/4/5 11:00,4.13,5.58,6.73
15213,2023/4/5 11:15,4.09,3.67,5.32
15214,2023/4/5 11:30,4.06,2.9,3.78
15215,2023/4/5 11:45,4.02,4.05,4.55
15216,2023/4/5 12:00,3.91,4.05,4.86
15217,2023/4/5 12:15,3.88,3.67,2.11
15218,2023/4/5 12:30,3.85,3.28,0.47
15219,2023/4/5 12:45,3.84,2.52,0.23
15220,2023/4/5 13:00,3.84,3.67,0.3
15221,2023/4/5 13:15,3.85,4.05,1.41
15222,2023/4/5 13:30,3.86,3.67,0.57
15223,2023/4/5 13:45,3.87,4.43,2.01
15224,2023/4/5 14:00,3.89,3.28,1
15225,2023/4/5 14:15,3.9,3.67,0.57
15226,2023/4/5 14:30,3.92,2.14,0.03
15227,2023/4/5 14:45,3.94,2.14,0.3
15228,2023/4/5 15:00,3.97,4.05,0.54
15229,2023/4/5 15:15,3.99,5.58,0.37
15230,2023/4/5 15:30,4.03,3.28,0.44
15231,2023/4/5 15:45,4.08,5.2,2.65
15232,2023/4/5 16:00,4.14,5.58,3.82
15233,2023/4/5 16:15,4.2,5.2,3.52
15234,2023/4/5 16:30,4.27,5.2,4.15
15235,2023/4/5 16:45,4.33,4.82,5.63
15236,2023/4/5 17:00,4.4,3.28,5.63
15237,2023/4/5 17:15,4.48,4.43,8.4
15238,2023/4/5 17:30,4.55,5.96,12.52
15239,2023/4/5 17:45,4.62,6.35,12.42
15240,2023/4/5 18:00,4.69,5.96,11.45
15241,2023/4/5 18:15,4.77,5.58,11.45
15242,2023/4/5 18:30,4.83,5.58,11.55
15243,2023/4/5 18:45,4.88,5.58,11.55
15244,2023/4/5 19:00,4.93,5.96,13.43
15245,2023/4/5 19:15,4.96,6.35,13.23
15246,2023/4/5 19:30,4.98,6.73,12.46
15247,2023/4/5 19:45,4.99,6.73,11.48
15248,2023/4/5 20:00,4.99,5.96,12.52
15249,2023/4/5 20:15,4.97,5.58,13.33
15250,2023/4/5 20:30,4.94,5.2,10.92
15251,2023/4/5 20:45,4.9,4.43,9.58
15252,2023/4/5 21:00,4.85,4.05,9.24
15253,2023/4/5 21:15,4.79,5.96,11.02
15254,2023/4/5 21:30,4.72,5.2,11.52
15255,2023/4/5 21:45,4.63,2.52,10.21
15256,2023/4/5 22:00,4.53,2.9,8.47
15257,2023/4/5 22:15,4.42,3.67,9.41
15258,2023/4/5 22:30,4.32,4.43,10.71
15259,2023/4/5 22:45,4.21,5.58,13.86
15260,2023/4/5 23:00,4.09,3.67,13.39
15261,2023/4/5 23:15,3.98,5.96,13.33
15262,2023/4/5 23:30,3.86,5.96,9.91
15263,2023/4/5 23:45,3.74,5.58,11.82
15264,2023/4/6 0:00,3.62,6.35,12.02
15265,2023/4/6 0:15,3.5,6.35,10.92
15266,2023/4/6 0:30,3.38,5.58,8.24
15267,2023/4/6 0:45,3.27,5.2,4.99
15268,2023/4/6 1:00,3.16,3.67,1.47
15269,2023/4/6 1:15,3.07,3.28,1.07
15270,2023/4/6 1:30,2.98,3.67,0.94
15271,2023/4/6 1:45,2.9,3.28,0.33
15272,2023/4/6 2:00,2.84,2.9,0
15273,2023/4/6 2:15,2.79,2.14,0
15274,2023/4/6 2:30,2.74,1.37,0
15275,2023/4/6 2:45,2.71,1.37,0
15276,2023/4/6 3:00,2.68,4.43,0
15277,2023/4/6 3:15,2.67,3.67,0.9
15278,2023/4/6 3:30,2.65,2.14,0
15279,2023/4/6 3:45,2.64,2.9,0
15280,2023/4/6 4:00,2.63,4.43,0.9
15281,2023/4/6 4:15,2.62,2.9,0
15282,2023/4/6 4:30,2.61,2.9,0
15283,2023/4/6 4:45,2.59,1.75,0
15284,2023/4/6 5:00,2.56,0.6,0
15285,2023/4/6 5:15,2.53,1.37,0
15286,2023/4/6 5:30,2.49,1.37,0
15287,2023/4/6 5:45,2.45,0.6,0
15288,2023/4/6 6:00,2.4,0,0
15289,2023/4/6 6:15,2.34,0,0
15290,2023/4/6 6:30,2.28,0,0
15291,2023/4/6 6:45,2.23,0,0
15292,2023/4/6 7:00,2.18,0,0
15293,2023/4/6 7:15,2.14,0,0
15294,2023/4/6 7:30,2.11,1.75,0
15295,2023/4/6 7:45,2.1,1.37,0
15296,2023/4/6 8:00,2.1,2.14,0
15297,2023/4/6 8:15,2.11,2.52,0
15298,2023/4/6 8:30,2.14,1.37,0
15299,2023/4/6 8:45,2.17,2.52,0
15300,2023/4/6 9:00,2.22,2.14,0
15301,2023/4/6 9:15,2.28,2.52,0
15302,2023/4/6 9:30,2.35,2.52,0
15303,2023/4/6 9:45,2.43,3.28,0
15304,2023/4/6 10:00,2.54,2.14,0
15305,2023/4/6 10:15,2.66,2.9,0
15306,2023/4/6 10:30,2.79,4.43,0
15307,2023/4/6 10:45,2.93,6.35,0
15308,2023/4/6 11:00,3.07,5.2,0
15309,2023/4/6 11:15,3.23,4.43,0
15310,2023/4/6 11:30,3.39,5.2,0
15311,2023/4/6 11:45,3.55,5.2,0
15312,2023/4/6 12:00,4.21,6.73,0
15313,2023/4/6 12:15,4.4,6.35,0
15314,2023/4/6 12:30,4.59,8.65,0
15315,2023/4/6 12:45,4.76,7.88,26.22
15316,2023/4/6 13:00,4.93,8.65,30.94
15317,2023/4/6 13:15,5.08,7.5,31.21
15318,2023/4/6 13:30,5.21,7.5,29.9
15319,2023/4/6 13:45,5.33,8.65,29
15320,2023/4/6 14:00,5.42,8.26,27.05
15321,2023/4/6 14:15,5.49,9.41,30
15322,2023/4/6 14:30,5.55,8.26,31.74
15323,2023/4/6 14:45,5.59,8.26,28.26
15324,2023/4/6 15:00,5.61,7.11,26.25
15325,2023/4/6 15:15,5.62,6.73,16.81
15326,2023/4/6 15:30,5.64,7.11,19.05
15327,2023/4/6 15:45,5.69,7.11,22.63
15328,2023/4/6 16:00,5.75,6.73,19.76
15329,2023/4/6 16:15,5.83,7.11,16.94
15330,2023/4/6 16:30,5.95,7.88,15.47
15331,2023/4/6 16:45,6.09,5.96,11.85
15332,2023/4/6 17:00,6.28,5.58,8.67
15333,2023/4/6 17:15,6.52,5.58,9.64
15334,2023/4/6 17:30,6.8,5.58,8.24
15335,2023/4/6 17:45,7.12,5.58,10.82
15336,2023/4/6 18:00,8.74,6.73,18.21
15337,2023/4/6 18:15,9.23,7.88,27.19
15338,2023/4/6 18:30,9.73,9.8,43.39
15339,2023/4/6 18:45,10.25,10.94,47.81
15340,2023/4/6 19:00,10.77,12.86,48.45
15341,2023/4/6 19:15,11.28,14.39,48.28
15342,2023/4/6 19:30,11.73,11.33,48.22
15343,2023/4/6 19:45,12.12,13.63,48.55
15344,2023/4/6 20:00,12.45,16.69,48.65
15345,2023/4/6 20:15,12.72,17.07,48.38
15346,2023/4/6 20:30,12.92,12.48,48.89
15347,2023/4/6 20:45,13.06,13.24,48.32
15348,2023/4/6 21:00,13.13,13.24,48.38
15349,2023/4/6 21:15,13.15,12.09,48.55
15350,2023/4/6 21:30,13.12,14.39,48.08
15351,2023/4/6 21:45,13.05,16.31,48.42
15352,2023/4/6 22:00,12.95,9.03,48.52
15353,2023/4/6 22:15,12.83,14.01,48.38
15354,2023/4/6 22:30,12.69,7.11,48.15
15355,2023/4/6 22:45,12.54,9.41,48.52
15356,2023/4/6 23:00,12.4,7.5,48.35
15357,2023/4/6 23:15,12.26,8.65,48.35
15358,2023/4/6 23:30,12.15,13.24,48.35
15359,2023/4/6 23:45,12.05,10.94,48.58
15360,2023/4/7 0:00,12.04,8.65,48.55
15361,2023/4/7 0:15,11.96,6.35,48.25
15362,2023/4/7 0:30,11.9,9.03,48.42
15363,2023/4/7 0:45,11.83,11.33,48.45
15364,2023/4/7 1:00,11.75,9.41,48.35
15365,2023/4/7 1:15,11.67,8.26,48.62
15366,2023/4/7 1:30,11.6,10.18,48.38
15367,2023/4/7 1:45,11.53,10.94,48.45
15368,2023/4/7 2:00,11.47,14.01,48.42
15369,2023/4/7 2:15,11.41,13.24,48.62
15370,2023/4/7 2:30,11.36,11.71,48.48
15371,2023/4/7 2:45,11.32,9.8,48.52
15372,2023/4/7 3:00,11.27,9.41,48.55
15373,2023/4/7 3:15,11.22,11.71,48.55
15374,2023/4/7 3:30,11.18,10.56,48.68
15375,2023/4/7 3:45,11.14,9.41,48.52
15376,2023/4/7 4:00,11.1,12.86,47.91
15377,2023/4/7 4:15,11.06,10.94,48.48
15378,2023/4/7 4:30,11.03,11.71,48.38
15379,2023/4/7 4:45,11.01,10.18,48.58
15380,2023/4/7 5:00,10.99,12.86,48.52
15381,2023/4/7 5:15,10.98,11.33,48.68
15382,2023/4/7 5:30,10.97,10.94,48.48
15383,2023/4/7 5:45,10.96,8.65,48.25
15384,2023/4/7 6:00,10.61,12.48,48.02
15385,2023/4/7 6:15,10.64,14.77,48.55
15386,2023/4/7 6:30,10.68,12.48,48.32
15387,2023/4/7 6:45,10.73,13.24,48.48
15388,2023/4/7 7:00,10.79,12.48,48.38
15389,2023/4/7 7:15,10.84,12.48,48.72
15390,2023/4/7 7:30,10.89,15.54,48.52
15391,2023/4/7 7:45,10.94,13.63,48.58
15392,2023/4/7 8:00,10.97,11.71,48.58
15393,2023/4/7 8:15,11,14.39,48.52
15394,2023/4/7 8:30,11.02,10.94,48.35
15395,2023/4/7 8:45,11.04,10.56,48.55
15396,2023/4/7 9:00,11.06,12.09,48.45
15397,2023/4/7 9:15,11.06,10.94,48.82
15398,2023/4/7 9:30,11.07,10.56,48.72
15399,2023/4/7 9:45,11.07,13.24,47.28
15400,2023/4/7 10:00,11.07,12.09,48.85
15401,2023/4/7 10:15,11.07,8.65,48.22
15402,2023/4/7 10:30,11.06,12.09,48.18
15403,2023/4/7 10:45,11.04,10.56,48.48
15404,2023/4/7 11:00,11.02,14.01,48.65
15405,2023/4/7 11:15,11,10.94,46.91
15406,2023/4/7 11:30,10.97,10.56,43.56
15407,2023/4/7 11:45,10.93,6.73,45.4
15408,2023/4/7 12:00,10.91,10.56,47.41
15409,2023/4/7 12:15,10.87,9.03,45.67
15410,2023/4/7 12:30,10.82,12.86,48.08
15411,2023/4/7 12:45,10.76,10.94,44.8
15412,2023/4/7 13:00,10.7,9.8,48.48
15413,2023/4/7 13:15,10.63,12.09,46.58
15414,2023/4/7 13:30,10.56,9.8,42.89
15415,2023/4/7 13:45,10.47,11.33,48.42
15416,2023/4/7 14:00,10.39,9.41,48.22
15417,2023/4/7 14:15,10.3,10.56,48.38
15418,2023/4/7 14:30,10.21,7.5,43.29
15419,2023/4/7 14:45,10.13,9.8,39.85
15420,2023/4/7 15:00,10.04,6.73,46.34
15421,2023/4/7 15:15,9.96,5.58,41.85
15422,2023/4/7 15:30,9.88,6.35,32.58
15423,2023/4/7 15:45,9.79,5.58,41.18
15424,2023/4/7 16:00,9.7,4.82,25.51
15425,2023/4/7 16:15,9.6,6.73,35.19
15426,2023/4/7 16:30,9.51,4.43,32.04
15427,2023/4/7 16:45,9.41,9.41,37.84
15428,2023/4/7 17:00,9.32,9.41,39.64
15429,2023/4/7 17:15,9.23,10.56,43.49
15430,2023/4/7 17:30,9.14,10.56,40.75
15431,2023/4/7 17:45,9.05,8.26,34.99
15432,2023/4/7 18:00,8.84,7.5,29.3
15433,2023/4/7 18:15,8.73,8.65,25.05
15434,2023/4/7 18:30,8.63,7.88,27.56
15435,2023/4/7 18:45,8.52,6.73,27.62
15436,2023/4/7 19:00,8.42,8.65,41.52
15437,2023/4/7 19:15,8.32,12.09,39.21
15438,2023/4/7 19:30,8.23,7.11,31.27
15439,2023/4/7 19:45,8.15,7.88,19.39
15440,2023/4/7 20:00,8.09,7.88,27.36
15441,2023/4/7 20:15,8.03,6.73,33.45
15442,2023/4/7 20:30,7.99,9.03,35.69
15443,2023/4/7 20:45,7.95,10.18,36.93
15444,2023/4/7 21:00,7.92,9.03,41.08
15445,2023/4/7 21:15,7.9,8.26,40.28
15446,2023/4/7 21:30,7.89,10.56,48.45
15447,2023/4/7 21:45,7.89,12.09,48.35
15448,2023/4/7 22:00,7.9,10.56,48.55
15449,2023/4/7 22:15,7.91,10.56,48.68
15450,2023/4/7 22:30,7.93,9.41,47.81
15451,2023/4/7 22:45,7.95,10.56,45.87
15452,2023/4/7 23:00,7.98,9.03,42.66
15453,2023/4/7 23:15,8.02,7.11,36.1
15454,2023/4/7 23:30,8.07,6.35,23
15455,2023/4/7 23:45,8.13,5.96,13.46
15456,2023/4/8 0:00,7.5,5.58,10.38
15457,2023/4/8 0:15,7.64,5.2,13.23
15458,2023/4/8 0:30,7.77,5.58,11.35
15459,2023/4/8 0:45,7.9,5.96,14.43
15460,2023/4/8 1:00,8.02,4.05,11.42
15461,2023/4/8 1:15,8.14,5.2,14.43
15462,2023/4/8 1:30,8.26,3.28,15.03
15463,2023/4/8 1:45,8.36,4.05,13.23
15464,2023/4/8 2:00,8.45,5.2,14.67
15465,2023/4/8 2:15,8.53,7.11,20.69
15466,2023/4/8 2:30,8.6,6.73,20.89
15467,2023/4/8 2:45,8.64,6.73,23.54
15468,2023/4/8 3:00,8.67,8.26,26.05
15469,2023/4/8 3:15,8.68,9.41,29.73
15470,2023/4/8 3:30,8.66,10.18,36.5
15471,2023/4/8 3:45,8.6,10.56,39.95
15472,2023/4/8 4:00,8.52,9.8,32.91
15473,2023/4/8 4:15,8.4,7.11,30.64
15474,2023/4/8 4:30,8.28,7.5,30.57
15475,2023/4/8 4:45,8.14,8.26,32.58
15476,2023/4/8 5:00,7.99,9.8,40.05
15477,2023/4/8 5:15,7.83,10.56,41.85
15478,2023/4/8 5:30,7.66,10.18,42.22
15479,2023/4/8 5:45,7.47,10.56,41.69
15480,2023/4/8 6:00,6.65,4.43,31.78
15481,2023/4/8 6:15,6.45,6.35,25.51
15482,2023/4/8 6:30,6.26,7.11,22.77
15483,2023/4/8 6:45,6.07,8.65,25.18
15484,2023/4/8 7:00,5.88,5.58,13.93
15485,2023/4/8 7:15,5.7,3.28,9.11
15486,2023/4/8 7:30,5.54,4.82,6.5
15487,2023/4/8 7:45,5.39,4.05,8.17
15488,2023/4/8 8:00,5.27,4.82,5.29
15489,2023/4/8 8:15,5.17,4.82,5.46
15490,2023/4/8 8:30,5.09,4.82,6.03
15491,2023/4/8 8:45,5.03,4.43,4.45
15492,2023/4/8 9:00,4.99,3.67,3.31
15493,2023/4/8 9:15,4.98,4.82,4.45
15494,2023/4/8 9:30,4.98,4.05,4.72
15495,2023/4/8 9:45,5.01,4.82,5.32
15496,2023/4/8 10:00,5.05,4.05,5.99
15497,2023/4/8 10:15,5.1,5.58,8.27
15498,2023/4/8 10:30,5.16,3.67,8.17
15499,2023/4/8 10:45,5.23,4.05,9.24
15500,2023/4/8 11:00,5.3,6.35,12.05
15501,2023/4/8 11:15,5.37,7.5,20.19
15502,2023/4/8 11:30,5.46,7.11,24.54
15503,2023/4/8 11:45,5.55,7.5,22.43
15504,2023/4/8 12:00,5.65,6.73,20.56
15505,2023/4/8 12:15,5.76,7.11,23.77
15506,2023/4/8 12:30,5.87,6.35,25.41
15507,2023/4/8 12:45,5.99,7.5,21.23
15508,2023/4/8 13:00,6.11,4.43,24.78
15509,2023/4/8 13:15,6.24,7.11,30
15510,2023/4/8 13:30,6.38,6.73,22.4
15511,2023/4/8 13:45,6.53,5.2,22.33
15512,2023/4/8 14:00,6.68,6.73,24.88
15513,2023/4/8 14:15,6.84,6.35,24.74
15514,2023/4/8 14:30,7,7.11,27.79
15515,2023/4/8 14:45,7.17,7.88,24.34
15516,2023/4/8 15:00,7.33,6.73,32.38
15517,2023/4/8 15:15,7.49,8.26,35.39
15518,2023/4/8 15:30,7.65,8.26,27.69
15519,2023/4/8 15:45,7.82,5.96,25.05
15520,2023/4/8 16:00,7.98,7.5,29.73
15521,2023/4/8 16:15,8.15,8.65,37.97
15522,2023/4/8 16:30,8.33,6.73,38.04
15523,2023/4/8 16:45,8.51,6.35,41.49
15524,2023/4/8 17:00,8.7,8.65,39.28
15525,2023/4/8 17:15,8.89,5.96,39.24
15526,2023/4/8 17:30,9.09,9.03,39.98
15527,2023/4/8 17:45,9.3,8.26,39.38
15528,2023/4/8 18:00,9.56,9.41,41.62
15529,2023/4/8 18:15,9.77,9.41,41.18
15530,2023/4/8 18:30,9.98,9.03,42.69
15531,2023/4/8 18:45,10.2,10.56,46.81
15532,2023/4/8 19:00,10.43,10.56,48.55
15533,2023/4/8 19:15,10.66,12.48,48.55
15534,2023/4/8 19:30,10.88,12.48,48.38
15535,2023/4/8 19:45,11.11,12.09,48.38
15536,2023/4/8 20:00,11.33,10.56,48.42
15537,2023/4/8 20:15,11.56,9.8,48.48
15538,2023/4/8 20:30,11.78,13.24,48.42
15539,2023/4/8 20:45,11.99,13.63,48.48
15540,2023/4/8 21:00,12.19,12.86,48.45
15541,2023/4/8 21:15,12.38,13.63,48.32
15542,2023/4/8 21:30,12.54,14.39,48.52
15543,2023/4/8 21:45,12.69,13.63,48.45
15544,2023/4/8 22:00,12.81,12.09,48.45
15545,2023/4/8 22:15,12.92,13.24,48.58
15546,2023/4/8 22:30,13,12.86,48.25
15547,2023/4/8 22:45,13.07,13.63,48.42
15548,2023/4/8 23:00,13.11,14.01,48.62
15549,2023/4/8 23:15,13.15,12.86,48.42
15550,2023/4/8 23:30,13.16,13.63,48.35
15551,2023/4/8 23:45,13.15,12.86,48.55
15552,2023/4/9 0:00,13.23,14.01,48.32
15553,2023/4/9 0:15,13.19,14.77,48.68
15554,2023/4/9 0:30,13.13,15.92,48.22
15555,2023/4/9 0:45,13.06,15.54,48.15
15556,2023/4/9 1:00,12.98,16.31,48.55
15557,2023/4/9 1:15,12.88,14.39,48.55
15558,2023/4/9 1:30,12.78,13.24,48.32
15559,2023/4/9 1:45,12.69,12.48,48.48
15560,2023/4/9 2:00,12.59,14.77,48.28
15561,2023/4/9 2:15,12.5,13.63,48.62
15562,2023/4/9 2:30,12.4,14.39,48.38
15563,2023/4/9 2:45,12.31,14.77,48.45
15564,2023/4/9 3:00,12.23,13.24,47.98
15565,2023/4/9 3:15,12.14,13.63,48.48
15566,2023/4/9 3:30,12.05,12.09,48.45
15567,2023/4/9 3:45,11.96,12.09,48.48
15568,2023/4/9 4:00,11.87,13.24,48.25
15569,2023/4/9 4:15,11.78,12.86,48.45
15570,2023/4/9 4:30,11.69,12.09,48.55
15571,2023/4/9 4:45,11.6,11.71,48.28
15572,2023/4/9 5:00,11.5,13.24,48.32
15573,2023/4/9 5:15,11.4,13.24,48.55
15574,2023/4/9 5:30,11.31,14.01,48.48
15575,2023/4/9 5:45,11.21,12.48,48.55
15576,2023/4/9 6:00,11.85,10.94,48.42
15577,2023/4/9 6:15,11.77,13.63,48.45
15578,2023/4/9 6:30,11.68,14.39,48.22
15579,2023/4/9 6:45,11.6,13.63,48.25
15580,2023/4/9 7:00,11.52,10.94,48.52
15581,2023/4/9 7:15,11.43,14.77,48.55
15582,2023/4/9 7:30,11.36,11.33,48.42
15583,2023/4/9 7:45,11.28,10.56,48.48
15584,2023/4/9 8:00,11.21,10.56,48.52
15585,2023/4/9 8:15,11.15,14.01,47.85
15586,2023/4/9 8:30,11.08,12.48,48.38
15587,2023/4/9 8:45,11.01,11.71,48.25
15588,2023/4/9 9:00,10.94,8.26,48.48
15589,2023/4/9 9:15,10.87,10.94,48.38
15590,2023/4/9 9:30,10.81,12.09,48.79
15591,2023/4/9 9:45,10.74,12.09,48.28
15592,2023/4/9 10:00,10.69,11.71,47.04
15593,2023/4/9 10:15,10.63,9.8,42.89
15594,2023/4/9 10:30,10.58,10.56,44.2
15595,2023/4/9 10:45,10.53,11.71,44.37
15596,2023/4/9 11:00,10.48,9.8,44.03
15597,2023/4/9 11:15,10.43,11.33,44
15598,2023/4/9 11:30,10.38,9.41,44.06
15599,2023/4/9 11:45,10.34,9.8,43.96
15600,2023/4/9 12:00,10.44,9.41,44.1
15601,2023/4/9 12:15,10.4,12.09,46.44
15602,2023/4/9 12:30,10.36,8.65,46.44
15603,2023/4/9 12:45,10.3,9.03,47.71
15604,2023/4/9 13:00,10.24,10.56,45.87
15605,2023/4/9 13:15,10.16,10.94,45.81
15606,2023/4/9 13:30,10.07,11.71,48.45
15607,2023/4/9 13:45,9.97,10.56,48.18
15608,2023/4/9 14:00,9.84,12.48,48.25
15609,2023/4/9 14:15,9.7,12.09,48.89
15610,2023/4/9 14:30,9.53,12.09,48.48
15611,2023/4/9 14:45,9.34,13.24,45.74
15612,2023/4/9 15:00,9.13,9.8,44.3
15613,2023/4/9 15:15,8.9,11.33,45.4
15614,2023/4/9 15:30,8.68,6.73,45.57
15615,2023/4/9 15:45,8.48,11.71,46.64
15616,2023/4/9 16:00,8.29,8.26,44.13
15617,2023/4/9 16:15,8.12,9.03,41.32
15618,2023/4/9 16:30,7.96,11.71,44.7
15619,2023/4/9 16:45,7.84,10.94,44.33
15620,2023/4/9 17:00,7.73,12.48,44.63
15621,2023/4/9 17:15,7.64,9.41,44.57
15622,2023/4/9 17:30,7.59,10.18,44.37
15623,2023/4/9 17:45,7.56,10.18,46.04
15624,2023/4/9 18:00,8.62,11.71,46.41
15625,2023/4/9 18:15,8.77,11.33,45.81
15626,2023/4/9 18:30,8.97,11.71,48.38
15627,2023/4/9 18:45,9.2,9.8,45.24
15628,2023/4/9 19:00,9.48,12.48,46.04
15629,2023/4/9 19:15,9.8,12.48,48.28
15630,2023/4/9 19:30,10.12,13.24,48.58
15631,2023/4/9 19:45,10.43,13.24,48.15
15632,2023/4/9 20:00,10.73,14.01,48.28
15633,2023/4/9 20:15,11.03,14.01,48.52
15634,2023/4/9 20:30,11.34,13.63,48.48
15635,2023/4/9 20:45,11.65,15.92,48.58
15636,2023/4/9 21:00,11.95,17.07,48.48
15637,2023/4/9 21:15,12.25,14.01,48.32
15638,2023/4/9 21:30,12.52,15.54,48.18
15639,2023/4/9 21:45,12.78,14.77,48.48
15640,2023/4/9 22:00,13.02,17.07,48.48
15641,2023/4/9 22:15,13.24,14.39,48.38
15642,2023/4/9 22:30,13.45,16.31,48.28
15643,2023/4/9 22:45,13.64,15.16,48.48
15644,2023/4/9 23:00,13.82,14.77,48.58
15645,2023/4/9 23:15,13.99,15.92,48.42
15646,2023/4/9 23:30,14.15,16.69,48.35
15647,2023/4/9 23:45,14.31,16.69,48.58
15648,2023/4/10 0:00,14.49,17.45,48.22
15649,2023/4/10 0:15,14.62,14.01,48.25
15650,2023/4/10 0:30,14.74,23.58,48.25
15651,2023/4/10 0:45,14.84,20.9,48.48
15652,2023/4/10 1:00,14.93,16.69,48.52
15653,2023/4/10 1:15,14.99,16.31,48.18
15654,2023/4/10 1:30,15.04,17.07,48.55
15655,2023/4/10 1:45,15.08,17.07,48.25
15656,2023/4/10 2:00,15.11,14.77,47.18
15657,2023/4/10 2:15,15.12,18.22,47.85
15658,2023/4/10 2:30,15.13,17.84,48.48
15659,2023/4/10 2:45,15.12,16.31,48.25
15660,2023/4/10 3:00,15.11,17.07,48.28
15661,2023/4/10 3:15,15.09,18.6,48.15
15662,2023/4/10 3:30,15.07,16.31,48.42
15663,2023/4/10 3:45,15.06,16.31,48.48
15664,2023/4/10 4:00,15.05,17.07,48.48
15665,2023/4/10 4:15,15.04,17.07,48.48
15666,2023/4/10 4:30,15.04,13.24,48.62
15667,2023/4/10 4:45,15.04,14.39,48.75
15668,2023/4/10 5:00,15.05,17.45,48.42
15669,2023/4/10 5:15,15.06,16.31,48.32
15670,2023/4/10 5:30,15.08,14.39,48.28
15671,2023/4/10 5:45,15.1,14.77,48.25
15672,2023/4/10 6:00,15.17,14.77,48.68
15673,2023/4/10 6:15,15.21,16.31,48.48
15674,2023/4/10 6:30,15.24,13.24,48.35
15675,2023/4/10 6:45,15.28,16.69,48.28
15676,2023/4/10 7:00,15.32,16.31,48.25
15677,2023/4/10 7:15,15.37,14.39,48.89
15678,2023/4/10 7:30,15.4,18.22,48.22
15679,2023/4/10 7:45,15.42,14.39,47.98
15680,2023/4/10 8:00,15.43,16.31,48.55
15681,2023/4/10 8:15,15.43,12.86,48.32
15682,2023/4/10 8:30,15.42,19.75,48.72
15683,2023/4/10 8:45,15.4,17.45,48.42
15684,2023/4/10 9:00,15.37,19.37,48.45
15685,2023/4/10 9:15,15.33,16.31,48.35
15686,2023/4/10 9:30,15.28,14.77,48.35
15687,2023/4/10 9:45,15.21,16.69,48.65
15688,2023/4/10 10:00,15.12,15.54,46.78
15689,2023/4/10 10:15,15.02,11.71,46.61
15690,2023/4/10 10:30,14.89,13.63,46.71
15691,2023/4/10 10:45,14.74,16.31,46.64
15692,2023/4/10 11:00,14.57,14.39,46.71
15693,2023/4/10 11:15,14.39,12.48,46.74
15694,2023/4/10 11:30,14.22,17.07,46.61
15695,2023/4/10 11:45,14.04,13.24,46.64
15696,2023/4/10 12:00,13.71,15.54,48.38
15697,2023/4/10 12:15,13.53,15.92,48.52
15698,2023/4/10 12:30,13.35,14.39,48.22
15699,2023/4/10 12:45,13.17,12.09,48.32
15700,2023/4/10 13:00,13.01,10.94,48.48
15701,2023/4/10 13:15,12.86,15.54,48.52
15702,2023/4/10 13:30,12.73,13.24,48.55
15703,2023/4/10 13:45,12.61,13.24,48.55
15704,2023/4/10 14:00,12.5,9.8,48.32
15705,2023/4/10 14:15,12.4,12.09,48.42
15706,2023/4/10 14:30,12.33,12.86,48.35
15707,2023/4/10 14:45,12.28,17.45,48.15
15708,2023/4/10 15:00,12.25,15.92,48.38
15709,2023/4/10 15:15,12.24,12.09,48.28
15710,2023/4/10 15:30,12.23,10.18,48.38
15711,2023/4/10 15:45,12.21,11.33,48.25
15712,2023/4/10 16:00,12.19,12.48,48.38
15713,2023/4/10 16:15,12.17,12.09,48.42
15714,2023/4/10 16:30,12.13,10.18,46.51
15715,2023/4/10 16:45,12.08,12.86,48.15
15716,2023/4/10 17:00,12.01,13.63,48.38
15717,2023/4/10 17:15,11.92,14.01,48.38
15718,2023/4/10 17:30,11.81,12.48,48.25
15719,2023/4/10 17:45,11.69,10.94,47.55
15720,2023/4/10 18:00,10.74,10.56,47.18
15721,2023/4/10 18:15,10.42,9.8,44.5
15722,2023/4/10 18:30,10.1,10.94,43.73
15723,2023/4/10 18:45,9.76,7.11,30.47
15724,2023/4/10 19:00,9.42,9.41,29.3
15725,2023/4/10 19:15,9.08,7.5,27.89
15726,2023/4/10 19:30,8.74,7.11,21.33
15727,2023/4/10 19:45,8.41,5.96,25.11
15728,2023/4/10 20:00,8.1,7.88,33.55
15729,2023/4/10 20:15,7.8,7.11,35.09
15730,2023/4/10 20:30,7.52,9.41,39.68
15731,2023/4/10 20:45,7.26,9.41,34.32
15732,2023/4/10 21:00,7.03,8.26,28.96
15733,2023/4/10 21:15,6.81,8.65,33.12
15734,2023/4/10 21:30,6.63,8.26,33.08
15735,2023/4/10 21:45,6.48,7.11,22.17
15736,2023/4/10 22:00,6.37,7.88,24.41
15737,2023/4/10 22:15,6.29,8.26,22.43
15738,2023/4/10 22:30,6.27,7.88,24.21
15739,2023/4/10 22:45,6.31,8.26,25.21
15740,2023/4/10 23:00,6.4,6.35,15.2
15741,2023/4/10 23:15,6.54,5.96,12.89
15742,2023/4/10 23:30,6.73,4.82,7.27
15743,2023/4/10 23:45,6.94,4.82,3.25
15744,2023/4/11 0:00,7.16,4.05,5.76
15745,2023/4/11 0:15,7.42,6.73,18.72
15746,2023/4/11 0:30,7.68,8.26,22.9
15747,2023/4/11 0:45,7.94,9.03,25.15
15748,2023/4/11 1:00,8.2,9.41,29.5
15749,2023/4/11 1:15,8.45,10.94,33.65
15750,2023/4/11 1:30,8.69,7.5,17.34
15751,2023/4/11 1:45,8.91,3.67,14.6
15752,2023/4/11 2:00,9.1,6.73,21.46
15753,2023/4/11 2:15,9.26,5.2,27.99
15754,2023/4/11 2:30,9.39,6.73,41.79
15755,2023/4/11 2:45,9.48,9.41,40.38
15756,2023/4/11 3:00,9.54,8.26,37.33
15757,2023/4/11 3:15,9.58,9.8,39.91
15758,2023/4/11 3:30,9.6,9.03,31.84
15759,2023/4/11 3:45,9.61,10.56,43.03
15760,2023/4/11 4:00,9.63,4.43,22.8
15761,2023/4/11 4:15,9.65,5.96,18.62
15762,2023/4/11 4:30,9.68,6.35,27.93
15763,2023/4/11 4:45,9.72,13.63,47.98
15764,2023/4/11 5:00,9.78,11.33,45.27
15765,2023/4/11 5:15,9.85,10.18,48.38
15766,2023/4/11 5:30,9.92,6.73,9.94
15767,2023/4/11 5:45,9.98,5.96,9.64
15768,2023/4/11 6:00,8.01,5.2,7.47
15769,2023/4/11 6:15,8.01,5.58,9.34
15770,2023/4/11 6:30,8.02,5.2,19.35
15771,2023/4/11 6:45,8.03,6.35,28.33
15772,2023/4/11 7:00,8.06,10.56,40.85
15773,2023/4/11 7:15,8.11,9.03,33.08
15774,2023/4/11 7:30,8.19,9.41,37.6
15775,2023/4/11 7:45,8.29,10.18,36.73
15776,2023/4/11 8:00,8.42,7.88,26.99
15777,2023/4/11 8:15,8.56,7.5,29.13
15778,2023/4/11 8:30,8.72,5.2,25.95
15779,2023/4/11 8:45,8.89,6.35,24.61
15780,2023/4/11 9:00,9.06,7.5,30.37
15781,2023/4/11 9:15,9.23,9.41,36.8
15782,2023/4/11 9:30,9.39,8.26,30.84
15783,2023/4/11 9:45,9.55,4.43,25.38
15784,2023/4/11 10:00,9.71,5.2,32.01
15785,2023/4/11 10:15,9.86,10.56,33.85
15786,2023/4/11 10:30,10.01,7.11,43.19
15787,2023/4/11 10:45,10.16,9.8,48.05
15788,2023/4/11 11:00,10.29,13.24,48.38
15789,2023/4/11 11:15,10.41,13.24,48.22
15790,2023/4/11 11:30,10.52,21.28,48.92
15791,2023/4/11 11:45,10.63,19.37,48.55
15792,2023/4/11 12:00,10.77,13.24,48.28
15793,2023/4/11 12:15,10.88,18.6,47.95
15794,2023/4/11 12:30,10.96,18.99,46.74
15795,2023/4/11 12:45,11.03,19.37,46.71
15796,2023/4/11 13:00,11.08,18.99,46.64
15797,2023/4/11 13:15,11.11,15.16,46.74
15798,2023/4/11 13:30,11.14,8.26,45.97
15799,2023/4/11 13:45,11.18,12.09,42.69
15800,2023/4/11 14:00,11.22,6.73,40.28
15801,2023/4/11 14:15,11.29,12.09,46.64
15802,2023/4/11 14:30,11.35,13.24,46.81
15803,2023/4/11 14:45,11.44,12.09,42.22
15804,2023/4/11 15:00,11.53,13.24,42.79
15805,2023/4/11 15:15,11.65,8.65,40.15
15806,2023/4/11 15:30,11.75,11.71,43.83
15807,2023/4/11 15:45,11.84,9.8,44.33
15808,2023/4/11 16:00,11.92,11.71,42.66
15809,2023/4/11 16:15,11.99,13.63,42.49
15810,2023/4/11 16:30,12.05,15.92,44.63
15811,2023/4/11 16:45,12.1,10.56,48.28
15812,2023/4/11 17:00,12.13,10.18,48.35
15813,2023/4/11 17:15,12.16,9.41,45.5
15814,2023/4/11 17:30,12.17,14.01,48.22
15815,2023/4/11 17:45,12.15,14.39,48.52
15816,2023/4/11 18:00,13.16,14.77,48.55
15817,2023/4/11 18:15,13.04,10.94,48.75
15818,2023/4/11 18:30,12.89,15.54,48.55
15819,2023/4/11 18:45,12.73,10.56,48.42
15820,2023/4/11 19:00,12.55,13.63,48.82
15821,2023/4/11 19:15,12.37,10.94,48.38
15822,2023/4/11 19:30,12.19,12.86,48.58
15823,2023/4/11 19:45,12.02,14.01,47.21
15824,2023/4/11 20:00,11.86,8.65,48.28
15825,2023/4/11 20:15,11.71,9.41,42.19
15826,2023/4/11 20:30,11.59,8.65,28.53
15827,2023/4/11 20:45,11.49,5.96,23.84
15828,2023/4/11 21:00,11.41,7.88,35.19
15829,2023/4/11 21:15,11.35,10.56,43.23
15830,2023/4/11 21:30,11.32,9.03,47.25
15831,2023/4/11 21:45,11.31,9.03,48.38
15832,2023/4/11 22:00,11.33,11.33,48.55
15833,2023/4/11 22:15,11.38,14.39,48.65
15834,2023/4/11 22:30,11.43,11.71,47.88
15835,2023/4/11 22:45,11.5,11.71,48.42
15836,2023/4/11 23:00,11.58,14.01,48.35
15837,2023/4/11 23:15,11.66,15.16,48.52
15838,2023/4/11 23:30,11.75,15.92,48.72
15839,2023/4/11 23:45,11.83,14.77,48.25
15840,2023/4/12 0:00,11.95,15.16,48.82
15841,2023/4/12 0:15,12.01,10.56,48.52
15842,2023/4/12 0:30,12.07,10.94,48.75
15843,2023/4/12 0:45,12.12,12.09,48.42
15844,2023/4/12 1:00,12.17,12.09,48.38
15845,2023/4/12 1:15,12.21,11.71,48.38
15846,2023/4/12 1:30,12.24,14.77,48.42
15847,2023/4/12 1:45,12.27,14.01,48.38
15848,2023/4/12 2:00,12.29,13.24,48.42
15849,2023/4/12 2:15,12.3,13.24,48.48
15850,2023/4/12 2:30,12.31,14.39,47.18
15851,2023/4/12 2:45,12.32,10.18,48.08
15852,2023/4/12 3:00,12.32,12.48,48.42
15853,2023/4/12 3:15,12.32,11.71,48.42
15854,2023/4/12 3:30,12.31,9.8,48.68
15855,2023/4/12 3:45,12.3,12.09,48.38
15856,2023/4/12 4:00,12.29,12.09,48.62
15857,2023/4/12 4:15,12.27,15.16,48.32
15858,2023/4/12 4:30,12.26,14.01,48.42
15859,2023/4/12 4:45,12.24,14.01,48.72
15860,2023/4/12 5:00,12.22,14.39,48.55
15861,2023/4/12 5:15,12.21,13.24,48.48
15862,2023/4/12 5:30,12.19,12.48,48.25
15863,2023/4/12 5:45,12.17,15.54,48.42
15864,2023/4/12 6:00,11.84,11.33,48.35
15865,2023/4/12 6:15,11.84,11.71,48.28
15866,2023/4/12 6:30,11.83,12.48,48.38
15867,2023/4/12 6:45,11.82,14.77,48.38
15868,2023/4/12 7:00,11.8,14.39,48.45
15869,2023/4/12 7:15,11.78,14.77,48.62
15870,2023/4/12 7:30,11.75,11.71,48.55
15871,2023/4/12 7:45,11.72,14.01,48.42
15872,2023/4/12 8:00,11.68,14.77,48.58
15873,2023/4/12 8:15,11.63,13.63,48.28
15874,2023/4/12 8:30,11.58,15.16,48.18
15875,2023/4/12 8:45,11.53,13.63,48.55
15876,2023/4/12 9:00,11.47,14.39,48.55
15877,2023/4/12 9:15,11.41,14.01,48.28
15878,2023/4/12 9:30,11.34,11.33,48.25
15879,2023/4/12 9:45,11.27,14.39,48.55
15880,2023/4/12 10:00,11.19,13.24,48.55
15881,2023/4/12 10:15,11.1,11.71,48.52
15882,2023/4/12 10:30,11.02,12.09,48.38
15883,2023/4/12 10:45,10.93,12.86,48.82
15884,2023/4/12 11:00,10.84,12.09,48.08
15885,2023/4/12 11:15,10.75,9.41,48.38
15886,2023/4/12 11:30,10.65,10.94,47.51
15887,2023/4/12 11:45,10.56,10.94,46.51
15888,2023/4/12 12:00,10.46,11.33,46.04
15889,2023/4/12 12:15,10.36,11.71,45
15890,2023/4/12 12:30,10.26,10.56,46.58
15891,2023/4/12 12:45,10.14,9.8,39.48
15892,2023/4/12 13:00,10.02,6.73,38.24
15893,2023/4/12 13:15,9.9,9.8,40.25
15894,2023/4/12 13:30,9.77,4.82,39.68
15895,2023/4/12 13:45,9.63,6.73,31.24
15896,2023/4/12 14:00,9.49,8.65,27.79
15897,2023/4/12 14:15,9.35,7.11,23.64
15898,2023/4/12 14:30,9.19,7.5,20.49
15899,2023/4/12 14:45,9.02,8.26,16.24
15900,2023/4/12 15:00,8.85,2.52,13.36
15901,2023/4/12 15:15,8.67,7.11,13.63
15902,2023/4/12 15:30,8.47,7.11,15.07
15903,2023/4/12 15:45,8.25,6.73,11.95
15904,2023/4/12 16:00,8.01,5.58,10.61
15905,2023/4/12 16:15,7.75,5.96,12.86
15906,2023/4/12 16:30,7.48,5.2,11.08
15907,2023/4/12 16:45,7.2,4.05,11.92
15908,2023/4/12 17:00,6.9,5.2,11.38
15909,2023/4/12 17:15,6.6,5.58,11.82
15910,2023/4/12 17:30,6.3,5.58,8.74
15911,2023/4/12 17:45,5.98,3.67,6.19
15912,2023/4/12 18:00,6.28,2.9,4.79
15913,2023/4/12 18:15,5.98,4.82,3.01
15914,2023/4/12 18:30,5.69,2.9,0.6
15915,2023/4/12 18:45,5.41,2.14,0
15916,2023/4/12 19:00,5.13,2.9,0
15917,2023/4/12 19:15,4.86,2.9,0
15918,2023/4/12 19:30,4.61,2.52,0
15919,2023/4/12 19:45,4.37,2.14,0
15920,2023/4/12 20:00,4.15,2.9,0
15921,2023/4/12 20:15,3.95,1.37,0
15922,2023/4/12 20:30,3.76,0,0
15923,2023/4/12 20:45,3.58,0,0
15924,2023/4/12 21:00,3.41,0,0
15925,2023/4/12 21:15,3.26,1.37,0
15926,2023/4/12 21:30,3.13,1.37,0
15927,2023/4/12 21:45,3.03,1.75,0
15928,2023/4/12 22:00,2.95,4.43,0
15929,2023/4/12 22:15,2.9,2.52,0
15930,2023/4/12 22:30,2.85,2.9,0
15931,2023/4/12 22:45,2.81,2.9,0
15932,2023/4/12 23:00,2.78,2.14,0
15933,2023/4/12 23:15,2.76,2.14,0
15934,2023/4/12 23:30,2.76,3.28,0
15935,2023/4/12 23:45,2.77,2.9,0.03
15936,2023/4/13 0:00,2.8,3.28,0
15937,2023/4/13 0:15,2.83,3.28,0
15938,2023/4/13 0:30,2.89,3.67,0
15939,2023/4/13 0:45,2.97,3.28,0
15940,2023/4/13 1:00,3.07,3.67,2.44
15941,2023/4/13 1:15,3.21,3.67,0.33
15942,2023/4/13 1:30,3.35,2.9,0.67
15943,2023/4/13 1:45,3.5,4.05,5.19
15944,2023/4/13 2:00,3.66,6.35,12.52
15945,2023/4/13 2:15,3.83,6.35,15.64
15946,2023/4/13 2:30,4.02,7.5,22.27
15947,2023/4/13 2:45,4.22,7.5,24.14
15948,2023/4/13 3:00,4.43,7.88,27.76
15949,2023/4/13 3:15,4.65,9.03,32.18
15950,2023/4/13 3:30,4.88,8.65,33.58
15951,2023/4/13 3:45,5.1,9.41,41.85
15952,2023/4/13 4:00,5.31,9.41,32.78
15953,2023/4/13 4:15,5.51,9.41,40.72
15954,2023/4/13 4:30,5.68,9.03,42.16
15955,2023/4/13 4:45,5.82,9.8,42.89
15956,2023/4/13 5:00,5.92,10.94,37.23
15957,2023/4/13 5:15,5.99,5.96,33.48
15958,2023/4/13 5:30,6.03,7.11,24.44
15959,2023/4/13 5:45,6.03,7.5,25.48
15960,2023/4/13 6:00,6.34,5.96,26.92
15961,2023/4/13 6:15,6.19,5.2,26.65
15962,2023/4/13 6:30,6.03,6.73,18.35
15963,2023/4/13 6:45,5.88,7.5,13.9
15964,2023/4/13 7:00,5.74,4.82,11.79
15965,2023/4/13 7:15,5.59,5.96,11.12
15966,2023/4/13 7:30,5.46,5.96,11.75
15967,2023/4/13 7:45,5.33,5.96,11.02
15968,2023/4/13 8:00,5.22,6.73,11.59
15969,2023/4/13 8:15,5.1,6.73,17.51
15970,2023/4/13 8:30,5,7.11,17.38
15971,2023/4/13 8:45,4.92,6.73,18.08
15972,2023/4/13 9:00,4.84,6.35,19.86
15973,2023/4/13 9:15,4.78,6.73,20.26
15974,2023/4/13 9:30,4.73,5.96,18.88
15975,2023/4/13 9:45,4.68,6.73,15
15976,2023/4/13 10:00,4.65,5.96,13.76
15977,2023/4/13 10:15,4.64,4.43,13.46
15978,2023/4/13 10:30,4.64,5.2,9.61
15979,2023/4/13 10:45,4.64,4.82,10.05
15980,2023/4/13 11:00,4.65,5.58,8.97
15981,2023/4/13 11:15,4.67,5.2,9.74
15982,2023/4/13 11:30,4.7,5.2,4.39
15983,2023/4/13 11:45,4.74,3.28,6.29
15984,2023/4/13 12:00,4.89,4.05,6.76
15985,2023/4/13 12:15,4.94,5.2,11.69
15986,2023/4/13 12:30,5,3.28,9.74
15987,2023/4/13 12:45,5.06,7.11,12.32
15988,2023/4/13 13:00,5.12,2.52,15.77
15989,2023/4/13 13:15,5.19,6.73,15.37
15990,2023/4/13 13:30,5.26,5.58,11.82
15991,2023/4/13 13:45,5.34,5.2,15.7
15992,2023/4/13 14:00,5.43,6.35,15.97
15993,2023/4/13 14:15,5.52,6.73,16.17
15994,2023/4/13 14:30,5.6,5.96,17.71
15995,2023/4/13 14:45,5.69,4.82,12.02
15996,2023/4/13 15:00,5.78,6.35,14.97
15997,2023/4/13 15:15,5.86,5.96,12.39
15998,2023/4/13 15:30,5.92,8.26,15.2
15999,2023/4/13 15:45,5.98,5.2,18.25
16000,2023/4/13 16:00,6.02,6.35,17.65
16001,2023/4/13 16:15,6.04,6.73,17.31
16002,2023/4/13 16:30,6.07,6.35,19.55
16003,2023/4/13 16:45,6.09,7.11,17.01
16004,2023/4/13 17:00,6.1,5.2,13.76
16005,2023/4/13 17:15,6.11,4.43,6.36
16006,2023/4/13 17:30,6.1,6.35,9.78
16007,2023/4/13 17:45,6.08,4.05,9.44
16008,2023/4/13 18:00,5.2,3.28,14.46
16009,2023/4/13 18:15,5.13,4.43,14.9
16010,2023/4/13 18:30,5.05,4.82,15.54
16011,2023/4/13 18:45,4.94,5.2,14.4
16012,2023/4/13 19:00,4.82,4.05,14.3
16013,2023/4/13 19:15,4.67,5.96,10.51
16014,2023/4/13 19:30,4.53,4.05,6.53
16015,2023/4/13 19:45,4.38,3.67,3.98
16016,2023/4/13 20:00,4.25,4.43,3.28
16017,2023/4/13 20:15,4.11,4.05,2.65
16018,2023/4/13 20:30,3.98,3.67,2.65
16019,2023/4/13 20:45,3.84,4.05,1.14
16020,2023/4/13 21:00,3.71,3.28,0.33
16021,2023/4/13 21:15,3.58,3.28,0.5
16022,2023/4/13 21:30,3.45,4.05,2.24
16023,2023/4/13 21:45,3.32,4.43,1.91
16024,2023/4/13 22:00,3.2,4.43,1.71
16025,2023/4/13 22:15,3.08,4.05,1.47
16026,2023/4/13 22:30,2.98,2.9,0.3
16027,2023/4/13 22:45,2.89,3.28,0.37
16028,2023/4/13 23:00,2.83,2.9,3.58
16029,2023/4/13 23:15,2.79,4.43,2.34
16030,2023/4/13 23:30,2.76,3.67,0.5
16031,2023/4/13 23:45,2.76,3.67,0
16032,2023/4/14 0:00,2.77,4.05,2.48
16033,2023/4/14 0:15,2.81,4.82,2.34
16034,2023/4/14 0:30,2.87,4.43,5.39
16035,2023/4/14 0:45,2.95,4.82,6.29
16036,2023/4/14 1:00,3.05,4.05,5.66
16037,2023/4/14 1:15,3.16,4.05,7
16038,2023/4/14 1:30,3.29,4.43,5.99
16039,2023/4/14 1:45,3.42,5.58,6.56
16040,2023/4/14 2:00,3.57,5.58,7.13
16041,2023/4/14 2:15,3.73,4.82,7.1
16042,2023/4/14 2:30,3.89,4.05,10.85
16043,2023/4/14 2:45,4.05,4.43,13.16
16044,2023/4/14 3:00,4.21,5.58,13.96
16045,2023/4/14 3:15,4.37,2.52,13.59
16046,2023/4/14 3:30,4.5,3.67,13.56
16047,2023/4/14 3:45,4.62,2.14,7.27
16048,2023/4/14 4:00,4.71,2.9,5.32
16049,2023/4/14 4:15,4.78,3.67,6.53
16050,2023/4/14 4:30,4.81,2.9,8.04
16051,2023/4/14 4:45,4.83,5.58,11.42
16052,2023/4/14 5:00,4.81,6.73,11.12
16053,2023/4/14 5:15,4.78,7.88,18.42
16054,2023/4/14 5:30,4.72,8.26,22
16055,2023/4/14 5:45,4.65,8.26,20.56
16056,2023/4/14 6:00,4.54,9.8,32.41
16057,2023/4/14 6:15,4.43,6.73,23.77
16058,2023/4/14 6:30,4.31,5.96,16.04
16059,2023/4/14 6:45,4.19,5.58,15.8
16060,2023/4/14 7:00,4.06,4.82,16.17
16061,2023/4/14 7:15,3.92,5.2,15.94
16062,2023/4/14 7:30,3.79,4.05,8.67
16063,2023/4/14 7:45,3.66,1.37,0.54
16064,2023/4/14 8:00,3.55,1.75,0
16065,2023/4/14 8:15,3.44,1.37,0
16066,2023/4/14 8:30,3.35,0,0
16067,2023/4/14 8:45,3.28,0,0
16068,2023/4/14 9:00,3.23,0,0
16069,2023/4/14 9:15,3.2,0,0
16070,2023/4/14 9:30,3.2,1.75,0
16071,2023/4/14 9:45,3.21,0.6,0
16072,2023/4/14 10:00,3.23,2.52,0
16073,2023/4/14 10:15,3.27,1.75,0
16074,2023/4/14 10:30,3.31,1.75,0
16075,2023/4/14 10:45,3.35,0.99,0
16076,2023/4/14 11:00,3.39,0,0
16077,2023/4/14 11:15,3.43,1.37,0
16078,2023/4/14 11:30,3.46,0,0
16079,2023/4/14 11:45,3.48,2.14,0
16080,2023/4/14 12:00,3.3,2.9,0
16081,2023/4/14 12:15,3.32,2.14,1.21
16082,2023/4/14 12:30,3.33,4.05,2.85
16083,2023/4/14 12:45,3.33,5.58,5.52
16084,2023/4/14 13:00,3.33,3.28,5.19
16085,2023/4/14 13:15,3.31,4.43,5.89
16086,2023/4/14 13:30,3.29,3.67,3.48
16087,2023/4/14 13:45,3.26,1.75,3.65
16088,2023/4/14 14:00,3.24,3.28,3.65
16089,2023/4/14 14:15,3.21,2.52,4.75
16090,2023/4/14 14:30,3.19,3.67,4.92
16091,2023/4/14 14:45,3.16,2.14,5.09
16092,2023/4/14 15:00,3.15,4.05,1.77
16093,2023/4/14 15:15,3.14,3.67,0.9
16094,2023/4/14 15:30,3.16,2.9,1.91
16095,2023/4/14 15:45,3.19,3.67,3.05
16096,2023/4/14 16:00,3.24,1.37,2.18
16097,2023/4/14 16:15,3.32,4.05,1.71
16098,2023/4/14 16:30,3.42,2.9,1.94
16099,2023/4/14 16:45,3.55,3.28,2.11
16100,2023/4/14 17:00,3.7,3.28,1.77
16101,2023/4/14 17:15,3.87,3.28,3.01
16102,2023/4/14 17:30,4.07,4.43,5.63
16103,2023/4/14 17:45,4.3,4.05,7.03
16104,2023/4/14 18:00,4.44,3.67,10.01
16105,2023/4/14 18:15,4.77,4.82,6.33
16106,2023/4/14 18:30,5.11,5.58,9.27
16107,2023/4/14 18:45,5.46,3.28,23.17
16108,2023/4/14 19:00,5.82,3.67,31.64
16109,2023/4/14 19:15,6.18,3.67,37.2
16110,2023/4/14 19:30,6.53,6.73,42.19
16111,2023/4/14 19:45,6.86,9.41,44.5
16112,2023/4/14 20:00,7.18,9.8,44.87
16113,2023/4/14 20:15,7.47,8.26,46.14
16114,2023/4/14 20:30,7.74,10.56,44.4
16115,2023/4/14 20:45,7.98,9.8,44.33
16116,2023/4/14 21:00,8.2,9.8,44.77
16117,2023/4/14 21:15,8.38,10.56,47.65
16118,2023/4/14 21:30,8.53,11.33,48.45
16119,2023/4/14 21:45,8.65,12.48,48.38
16120,2023/4/14 22:00,8.75,12.09,48.52
16121,2023/4/14 22:15,8.81,11.33,48.52
16122,2023/4/14 22:30,8.86,10.94,48.58
16123,2023/4/14 22:45,8.89,10.18,47.51
16124,2023/4/14 23:00,8.9,10.18,47.78
16125,2023/4/14 23:15,8.9,9.41,45.94
16126,2023/4/14 23:30,8.9,9.8,45.64
16127,2023/4/14 23:45,8.88,10.56,44.06
16128,2023/4/15 0:00,8.75,9.41,40.48
16129,2023/4/15 0:15,8.72,9.03,37.77
16130,2023/4/15 0:30,8.68,8.65,38.37
16131,2023/4/15 0:45,8.66,8.65,38.37
16132,2023/4/15 1:00,8.63,8.26,40.51
16133,2023/4/15 1:15,8.61,9.03,43.43
16134,2023/4/15 1:30,8.59,9.03,43.73
16135,2023/4/15 1:45,8.59,9.03,43.03
16136,2023/4/15 2:00,8.59,9.41,43.76
16137,2023/4/15 2:15,8.6,9.41,44.06
16138,2023/4/15 2:30,8.62,9.03,41.29
16139,2023/4/15 2:45,8.64,8.65,43.96
16140,2023/4/15 3:00,8.68,9.41,41.85
16141,2023/4/15 3:15,8.72,9.8,43.56
16142,2023/4/15 3:30,8.76,9.41,41.79
16143,2023/4/15 3:45,8.79,9.41,40.28
16144,2023/4/15 4:00,8.83,9.03,40.82
16145,2023/4/15 4:15,8.85,9.41,41.49
16146,2023/4/15 4:30,8.87,9.8,43.66
16147,2023/4/15 4:45,8.88,9.8,42.29
16148,2023/4/15 5:00,8.87,10.18,40.58
16149,2023/4/15 5:15,8.86,9.8,40.15
16150,2023/4/15 5:30,8.84,9.8,40.82
16151,2023/4/15 5:45,8.81,10.56,37.07
16152,2023/4/15 6:00,8.42,9.41,34.45
16153,2023/4/15 6:15,8.39,9.03,35.19
16154,2023/4/15 6:30,8.37,9.41,37.94
16155,2023/4/15 6:45,8.36,7.88,35.86
16156,2023/4/15 7:00,8.34,7.5,30.54
16157,2023/4/15 7:15,8.33,5.58,28.16
16158,2023/4/15 7:30,8.33,5.58,21.09
16159,2023/4/15 7:45,8.35,5.58,19.82
16160,2023/4/15 8:00,8.37,7.11,20.89
16161,2023/4/15 8:15,8.4,5.96,25.68
16162,2023/4/15 8:30,8.44,7.88,33.99
16163,2023/4/15 8:45,8.48,5.96,39.58
16164,2023/4/15 9:00,8.52,7.88,41.69
16165,2023/4/15 9:15,8.57,10.94,43.6
16166,2023/4/15 9:30,8.62,10.94,43.39
16167,2023/4/15 9:45,8.67,9.41,40.62
16168,2023/4/15 10:00,8.72,10.18,42.06
16169,2023/4/15 10:15,8.77,9.03,37.77
16170,2023/4/15 10:30,8.81,6.35,40.35
16171,2023/4/15 10:45,8.83,8.65,37.2
16172,2023/4/15 11:00,8.85,7.88,28.19
16173,2023/4/15 11:15,8.85,6.35,33.92
16174,2023/4/15 11:30,8.84,7.5,30.7
16175,2023/4/15 11:45,8.83,7.5,37.2
16176,2023/4/15 12:00,8.62,7.88,35.46
16177,2023/4/15 12:15,8.6,7.88,34.86
16178,2023/4/15 12:30,8.57,8.65,31.61
16179,2023/4/15 12:45,8.54,7.5,31.91
16180,2023/4/15 13:00,8.51,6.35,27.39
16181,2023/4/15 13:15,8.48,6.35,25.58
16182,2023/4/15 13:30,8.45,6.35,24.48
16183,2023/4/15 13:45,8.41,6.73,17.81
16184,2023/4/15 14:00,8.38,7.88,20.06
16185,2023/4/15 14:15,8.34,7.88,25.65
16186,2023/4/15 14:30,8.31,8.26,24.84
16187,2023/4/15 14:45,8.27,7.88,27.22
16188,2023/4/15 15:00,8.23,8.26,26.62
16189,2023/4/15 15:15,8.2,6.73,26.12
16190,2023/4/15 15:30,8.17,5.58,25.11
16191,2023/4/15 15:45,8.15,5.58,30.87
16192,2023/4/15 16:00,8.14,6.35,27.99
16193,2023/4/15 16:15,8.15,4.05,30.44
16194,2023/4/15 16:30,8.16,8.26,32.58
16195,2023/4/15 16:45,8.18,7.5,34.42
16196,2023/4/15 17:00,8.21,3.67,32.41
16197,2023/4/15 17:15,8.25,2.9,22.63
16198,2023/4/15 17:30,8.31,5.58,24.84
16199,2023/4/15 17:45,8.37,4.82,32.24
16200,2023/4/15 18:00,8.15,5.58,34.12
16201,2023/4/15 18:15,8.23,3.28,37.3
16202,2023/4/15 18:30,8.3,2.52,38.34
16203,2023/4/15 18:45,8.38,3.28,39.48
16204,2023/4/15 19:00,8.45,3.28,39.01
16205,2023/4/15 19:15,8.52,5.58,37.84
16206,2023/4/15 19:30,8.58,3.28,39.31
16207,2023/4/15 19:45,8.64,3.67,44
16208,2023/4/15 20:00,8.69,5.96,46.31
16209,2023/4/15 20:15,8.74,10.94,45.3
16210,2023/4/15 20:30,8.77,9.03,45.17
16211,2023/4/15 20:45,8.78,8.65,41.18
16212,2023/4/15 21:00,8.79,4.82,36.97
16213,2023/4/15 21:15,8.78,5.2,30.44
16214,2023/4/15 21:30,8.76,4.05,25.11
16215,2023/4/15 21:45,8.73,3.67,19.92
16216,2023/4/15 22:00,8.69,2.9,23.77
16217,2023/4/15 22:15,8.64,3.28,33.25
16218,2023/4/15 22:30,8.59,3.28,35.49
16219,2023/4/15 22:45,8.54,5.58,40.82
16220,2023/4/15 23:00,8.48,9.41,45.81
16221,2023/4/15 23:15,8.42,7.88,48.08
16222,2023/4/15 23:30,8.36,6.35,48.18
16223,2023/4/15 23:45,8.3,5.58,47.11
16224,2023/4/16 0:00,8.17,7.88,46.58
16225,2023/4/16 0:15,8.12,9.8,47.45
16226,2023/4/16 0:30,8.07,10.56,47.95
16227,2023/4/16 0:45,8.01,9.8,48.12
16228,2023/4/16 1:00,7.95,9.8,48.38
16229,2023/4/16 1:15,7.89,4.82,45.91
16230,2023/4/16 1:30,7.83,9.41,38.54
16231,2023/4/16 1:45,7.77,6.73,35.39
16232,2023/4/16 2:00,7.7,4.82,39.48
16233,2023/4/16 2:15,7.63,5.58,41.89
16234,2023/4/16 2:30,7.56,4.43,43.36
16235,2023/4/16 2:45,7.48,4.05,41.35
16236,2023/4/16 3:00,7.41,5.96,43.26
16237,2023/4/16 3:15,7.33,9.03,42.32
16238,2023/4/16 3:30,7.24,10.18,42.56
16239,2023/4/16 3:45,7.14,8.26,40.95
16240,2023/4/16 4:00,7.03,6.35,36.8
16241,2023/4/16 4:15,6.91,4.82,35.53
16242,2023/4/16 4:30,6.78,4.43,30.34
16243,2023/4/16 4:45,6.65,2.9,23.54
16244,2023/4/16 5:00,6.5,2.52,25.01
16245,2023/4/16 5:15,6.35,6.35,28.86
16246,2023/4/16 5:30,6.19,5.58,28.49
16247,2023/4/16 5:45,6.03,7.5,29.43
16248,2023/4/16 6:00,5.12,4.05,32.71
16249,2023/4/16 6:15,4.95,4.05,23.34
16250,2023/4/16 6:30,4.79,2.52,16.57
16251,2023/4/16 6:45,4.65,2.14,13.63
16252,2023/4/16 7:00,4.51,2.14,12.05
16253,2023/4/16 7:15,4.38,5.2,10.88
16254,2023/4/16 7:30,4.27,3.67,6.29
16255,2023/4/16 7:45,4.17,4.05,3.11
16256,2023/4/16 8:00,4.08,4.05,3.11
16257,2023/4/16 8:15,4,4.43,2.78
16258,2023/4/16 8:30,3.92,4.43,1.44
16259,2023/4/16 8:45,3.86,2.9,1.07
16260,2023/4/16 9:00,3.8,1.75,0
16261,2023/4/16 9:15,3.75,2.9,0
16262,2023/4/16 9:30,3.7,3.28,0
16263,2023/4/16 9:45,3.65,2.9,0
16264,2023/4/16 10:00,3.6,2.14,0
16265,2023/4/16 10:15,3.56,2.14,0
16266,2023/4/16 10:30,3.51,2.9,0
16267,2023/4/16 10:45,3.46,2.14,0
16268,2023/4/16 11:00,3.41,1.37,0
16269,2023/4/16 11:15,3.36,2.52,0
16270,2023/4/16 11:30,3.31,1.75,0
16271,2023/4/16 11:45,3.26,1.75,0
16272,2023/4/16 12:00,3.31,3.28,0
16273,2023/4/16 12:15,3.26,2.9,0
16274,2023/4/16 12:30,3.21,3.67,0
16275,2023/4/16 12:45,3.18,2.14,0
16276,2023/4/16 13:00,3.15,4.82,0
16277,2023/4/16 13:15,3.12,4.05,0.07
16278,2023/4/16 13:30,3.11,4.05,0.2
16279,2023/4/16 13:45,3.09,5.2,2.01
16280,2023/4/16 14:00,3.08,3.67,0
16281,2023/4/16 14:15,3.08,2.52,0
16282,2023/4/16 14:30,3.08,2.9,0
16283,2023/4/16 14:45,3.08,3.67,0
16284,2023/4/16 15:00,3.08,3.67,0.67
16285,2023/4/16 15:15,3.09,2.14,1.1
16286,2023/4/16 15:30,3.11,4.05,1.24
16287,2023/4/16 15:45,3.16,2.9,0.97
16288,2023/4/16 16:00,3.22,3.28,1.37
16289,2023/4/16 16:15,3.3,2.52,1.94
16290,2023/4/16 16:30,3.4,2.9,3.58
16291,2023/4/16 16:45,3.51,2.52,1.67
16292,2023/4/16 17:00,3.63,3.28,3.01
16293,2023/4/16 17:15,3.76,3.67,3.35
16294,2023/4/16 17:30,3.89,3.28,1.64
16295,2023/4/16 17:45,4.01,3.28,0.57
16296,2023/4/16 18:00,3.07,2.52,0.03
16297,2023/4/16 18:15,3.16,1.75,0.27
16298,2023/4/16 18:30,3.27,2.9,0.2
16299,2023/4/16 18:45,3.39,2.9,0.17
16300,2023/4/16 19:00,3.52,2.9,0
16301,2023/4/16 19:15,3.68,3.28,0.1
16302,2023/4/16 19:30,3.83,4.05,1.24
16303,2023/4/16 19:45,3.99,4.05,1.84
16304,2023/4/16 20:00,4.16,4.43,1.41
16305,2023/4/16 20:15,4.34,2.52,0
16306,2023/4/16 20:30,4.52,4.05,4.75
16307,2023/4/16 20:45,4.71,5.96,8.37
16308,2023/4/16 21:00,4.91,4.43,7.77
16309,2023/4/16 21:15,5.11,4.82,8
16310,2023/4/16 21:30,5.3,5.2,7.43
16311,2023/4/16 21:45,5.48,4.82,12.15
16312,2023/4/16 22:00,5.64,5.58,13.09
16313,2023/4/16 22:15,5.79,5.58,13.39
16314,2023/4/16 22:30,5.93,6.35,13.16
16315,2023/4/16 22:45,6.05,5.58,11.22
16316,2023/4/16 23:00,6.15,4.43,11.12
16317,2023/4/16 23:15,6.23,5.58,8.84
16318,2023/4/16 23:30,6.3,5.2,5.49
16319,2023/4/16 23:45,6.36,5.2,6.09
16320,2023/4/17 0:00,6.14,4.82,7.73
16321,2023/4/17 0:15,6.15,5.58,8.4
16322,2023/4/17 0:30,6.14,5.58,8.24
16323,2023/4/17 0:45,6.11,5.2,7.77
16324,2023/4/17 1:00,6.08,4.82,7.57
16325,2023/4/17 1:15,6.03,5.2,9.07
16326,2023/4/17 1:30,5.99,5.2,9.48
16327,2023/4/17 1:45,5.95,5.58,10.18
16328,2023/4/17 2:00,5.91,5.2,10.11
16329,2023/4/17 2:15,5.87,3.67,8.27
16330,2023/4/17 2:30,5.83,4.82,5.76
16331,2023/4/17 2:45,5.81,1.75,3.38
16332,2023/4/17 3:00,5.78,1.75,2.18
16333,2023/4/17 3:15,5.77,2.52,2.11
16334,2023/4/17 3:30,5.75,2.9,2.38
16335,2023/4/17 3:45,5.72,1.75,1.44
16336,2023/4/17 4:00,5.7,2.9,4.39
16337,2023/4/17 4:15,5.67,1.75,6.26
16338,2023/4/17 4:30,5.64,2.9,6.26
16339,2023/4/17 4:45,5.6,2.52,7.13
16340,2023/4/17 5:00,5.56,4.05,8.5
16341,2023/4/17 5:15,5.51,2.52,10.28
16342,2023/4/17 5:30,5.46,4.05,10.15
16343,2023/4/17 5:45,5.42,3.67,10.25
16344,2023/4/17 6:00,5.61,2.9,9.54
16345,2023/4/17 6:15,5.53,3.67,8.07
16346,2023/4/17 6:30,5.47,3.67,9.58
16347,2023/4/17 6:45,5.41,3.28,11.48
16348,2023/4/17 7:00,5.35,3.67,13.56
16349,2023/4/17 7:15,5.29,3.28,10.08
16350,2023/4/17 7:30,5.25,2.52,7.67
16351,2023/4/17 7:45,5.22,2.14,4.92
16352,2023/4/17 8:00,5.21,4.05,4.79
16353,2023/4/17 8:15,5.21,2.52,3.68
16354,2023/4/17 8:30,5.22,4.05,2.85
16355,2023/4/17 8:45,5.26,2.9,1.81
16356,2023/4/17 9:00,5.32,4.05,1.61
16357,2023/4/17 9:15,5.41,3.28,2.31
16358,2023/4/17 9:30,5.52,4.43,4.89
16359,2023/4/17 9:45,5.65,4.05,4.92
16360,2023/4/17 10:00,5.8,4.43,7.27
16361,2023/4/17 10:15,5.97,5.2,13.76
16362,2023/4/17 10:30,6.16,8.26,21.43
16363,2023/4/17 10:45,6.35,5.96,24.07
16364,2023/4/17 11:00,6.55,9.8,28.8
16365,2023/4/17 11:15,6.76,7.5,29.43
16366,2023/4/17 11:30,6.98,10.18,32.58
16367,2023/4/17 11:45,7.21,7.11,32.21
16368,2023/4/17 12:00,7.44,4.43,27.02
16369,2023/4/17 12:15,7.66,6.35,35.02
16370,2023/4/17 12:30,7.89,8.65,34.49
16371,2023/4/17 12:45,8.1,4.05,31.47
16372,2023/4/17 13:00,8.3,9.41,31.61
16373,2023/4/17 13:15,8.49,3.28,28.56
16374,2023/4/17 13:30,8.66,6.35,37.87
16375,2023/4/17 13:45,8.81,10.94,40.95
16376,2023/4/17 14:00,8.94,9.03,42.36
16377,2023/4/17 14:15,9.06,8.26,46.37
16378,2023/4/17 14:30,9.15,11.33,34.55
16379,2023/4/17 14:45,9.23,5.2,40.75
16380,2023/4/17 15:00,9.29,9.03,44.5
16381,2023/4/17 15:15,9.33,9.8,44.4
16382,2023/4/17 15:30,9.36,13.24,45.81
16383,2023/4/17 15:45,9.39,10.18,43.23
16384,2023/4/17 16:00,9.41,12.09,38.47
16385,2023/4/17 16:15,9.42,7.11,37.8
16386,2023/4/17 16:30,9.44,6.73,41.02
16387,2023/4/17 16:45,9.46,7.11,42.46
16388,2023/4/17 17:00,9.5,8.65,42.99
16389,2023/4/17 17:15,9.53,8.26,41.29
16390,2023/4/17 17:30,9.58,4.05,39.28
16391,2023/4/17 17:45,9.63,8.26,30.67
16392,2023/4/17 18:00,10.2,5.2,28.13
16393,2023/4/17 18:15,10.28,4.82,26.25
16394,2023/4/17 18:30,10.38,4.43,31.61
16395,2023/4/17 18:45,10.49,6.73,34.32
16396,2023/4/17 19:00,10.62,4.82,36.76
16397,2023/4/17 19:15,10.76,4.43,39.04
16398,2023/4/17 19:30,10.9,6.73,40.88
16399,2023/4/17 19:45,11.05,7.88,42.72
16400,2023/4/17 20:00,11.21,9.41,45.04
16401,2023/4/17 20:15,11.37,9.41,48.32
16402,2023/4/17 20:30,11.53,9.8,48.25
16403,2023/4/17 20:45,11.69,12.09,48.28
16404,2023/4/17 21:00,11.84,9.03,47.61
16405,2023/4/17 21:15,11.99,8.65,45.94
16406,2023/4/17 21:30,12.12,11.33,46.58
16407,2023/4/17 21:45,12.25,9.8,47.45
16408,2023/4/17 22:00,12.38,9.41,47.28
16409,2023/4/17 22:15,12.48,7.88,46.41
16410,2023/4/17 22:30,12.58,7.11,47.78
16411,2023/4/17 22:45,12.67,11.33,48.12
16412,2023/4/17 23:00,12.74,10.56,47.61
16413,2023/4/17 23:15,12.79,11.33,48.35
16414,2023/4/17 23:30,12.83,9.03,48.45
16415,2023/4/17 23:45,12.86,10.18,47.85
16416,2023/4/18 0:00,12.93,10.18,48.42
16417,2023/4/18 0:15,12.93,10.94,47.35
16418,2023/4/18 0:30,12.93,8.26,47.04
16419,2023/4/18 0:45,12.92,6.35,43.39
16420,2023/4/18 1:00,12.9,10.56,44.33
16421,2023/4/18 1:15,12.88,10.94,47.11
16422,2023/4/18 1:30,12.86,9.41,44.53
16423,2023/4/18 1:45,12.84,10.56,47.08
16424,2023/4/18 2:00,12.81,10.18,44.67
16425,2023/4/18 2:15,12.76,9.41,43.36
16426,2023/4/18 2:30,12.72,10.56,46.14
16427,2023/4/18 2:45,12.69,10.56,46.78
16428,2023/4/18 3:00,12.66,9.41,48.18
16429,2023/4/18 3:15,12.63,14.77,48.38
16430,2023/4/18 3:30,12.62,14.01,48.18
16431,2023/4/18 3:45,12.61,10.56,44.93
16432,2023/4/18 4:00,12.6,8.26,35.26
16433,2023/4/18 4:15,12.6,6.35,24.41
16434,2023/4/18 4:30,12.6,7.5,30.24
16435,2023/4/18 4:45,12.61,9.41,38
16436,2023/4/18 5:00,12.63,10.18,42.36
16437,2023/4/18 5:15,12.65,13.63,45.91
16438,2023/4/18 5:30,12.69,11.33,48.12
16439,2023/4/18 5:45,12.74,13.63,48.05
16440,2023/4/18 6:00,13.29,14.01,47.98
16441,2023/4/18 6:15,13.31,13.24,48.15
16442,2023/4/18 6:30,13.34,14.39,48.25
16443,2023/4/18 6:45,13.39,9.03,48.12
16444,2023/4/18 7:00,13.46,12.86,48.12
16445,2023/4/18 7:15,13.53,13.63,48.42
16446,2023/4/18 7:30,13.6,15.16,48.08
16447,2023/4/18 7:45,13.66,11.71,48.15
16448,2023/4/18 8:00,13.71,15.54,48.22
16449,2023/4/18 8:15,13.76,15.16,48.18
16450,2023/4/18 8:30,13.79,12.09,48.62
16451,2023/4/18 8:45,13.81,18.6,48.35
16452,2023/4/18 9:00,13.81,15.54,48.18
16453,2023/4/18 9:15,13.81,18.6,48.08
16454,2023/4/18 9:30,13.78,15.92,48.48
16455,2023/4/18 9:45,13.73,18.99,48.25
16456,2023/4/18 10:00,13.66,11.71,47.98
16457,2023/4/18 10:15,13.58,15.16,48.05
16458,2023/4/18 10:30,13.48,14.39,48.02
16459,2023/4/18 10:45,13.37,12.86,48.28
16460,2023/4/18 11:00,13.25,14.77,47.88
16461,2023/4/18 11:15,13.12,15.54,47.98
16462,2023/4/18 11:30,13,15.16,48.05
16463,2023/4/18 11:45,12.87,18.99,48.32
16464,2023/4/18 12:00,12.88,9.41,47.78
16465,2023/4/18 12:15,12.75,8.26,47.71
16466,2023/4/18 12:30,12.61,18.99,46.81
16467,2023/4/18 12:45,12.45,14.01,45.04
16468,2023/4/18 13:00,12.28,13.24,48.35
16469,2023/4/18 13:15,12.09,11.33,48.32
16470,2023/4/18 13:30,11.9,11.33,48.48
16471,2023/4/18 13:45,11.7,10.56,47.28
16472,2023/4/18 14:00,11.49,13.24,48.35
16473,2023/4/18 14:15,11.27,13.63,47.08
16474,2023/4/18 14:30,11.04,10.18,45.7
16475,2023/4/18 14:45,10.8,13.63,47.81
16476,2023/4/18 15:00,10.54,11.33,48.35
16477,2023/4/18 15:15,10.26,11.33,46.68
16478,2023/4/18 15:30,9.97,10.94,48.02
16479,2023/4/18 15:45,9.66,9.8,43.26
16480,2023/4/18 16:00,9.33,11.71,44.57
16481,2023/4/18 16:15,8.98,8.65,33.62
16482,2023/4/18 16:30,8.63,7.88,29.47
16483,2023/4/18 16:45,8.28,7.11,27.02
16484,2023/4/18 17:00,7.92,6.73,22.63
16485,2023/4/18 17:15,7.55,4.43,21.73
16486,2023/4/18 17:30,7.19,6.35,20.22
16487,2023/4/18 17:45,6.82,7.5,12.69
16488,2023/4/18 18:00,6.23,5.96,8
16489,2023/4/18 18:15,5.85,4.43,4.25
16490,2023/4/18 18:30,5.49,3.67,2.65
16491,2023/4/18 18:45,5.14,3.28,0.23
16492,2023/4/18 19:00,4.81,2.9,0
16493,2023/4/18 19:15,4.49,2.52,0
16494,2023/4/18 19:30,4.2,2.14,0
16495,2023/4/18 19:45,3.94,1.75,0
16496,2023/4/18 20:00,3.71,2.52,0
16497,2023/4/18 20:15,3.51,0.99,0
16498,2023/4/18 20:30,3.34,0.99,0
16499,2023/4/18 20:45,3.2,0,0
16500,2023/4/18 21:00,3.1,2.14,0
16501,2023/4/18 21:15,3.03,2.52,0
16502,2023/4/18 21:30,3.01,2.9,0
16503,2023/4/18 21:45,3.04,4.05,0
16504,2023/4/18 22:00,3.12,4.05,5.96
16505,2023/4/18 22:15,3.24,4.05,5.46
16506,2023/4/18 22:30,3.4,4.43,7.17
16507,2023/4/18 22:45,3.58,4.43,11.08
16508,2023/4/18 23:00,3.79,5.58,20.42
16509,2023/4/18 23:15,4.02,7.11,31.07
16510,2023/4/18 23:30,4.26,6.73,24.28
16511,2023/4/18 23:45,4.53,5.58,21.56
16512,2023/4/19 0:00,4.81,3.67,28.76
16513,2023/4/19 0:15,5.1,5.58,26.52
16514,2023/4/19 0:30,5.39,7.5,24.48
16515,2023/4/19 0:45,5.66,6.73,20.32
16516,2023/4/19 1:00,5.93,5.2,23.67
16517,2023/4/19 1:15,6.19,5.96,32.14
16518,2023/4/19 1:30,6.42,7.11,37.94
16519,2023/4/19 1:45,6.61,8.26,40.68
16520,2023/4/19 2:00,6.77,9.8,41.69
16521,2023/4/19 2:15,6.9,8.65,40.62
16522,2023/4/19 2:30,7.01,9.41,44.97
16523,2023/4/19 2:45,7.1,12.48,47.35
16524,2023/4/19 3:00,7.18,14.39,48.35
16525,2023/4/19 3:15,7.24,12.86,48.28
16526,2023/4/19 3:30,7.3,10.94,48.28
16527,2023/4/19 3:45,7.35,9.8,45.91
16528,2023/4/19 4:00,7.41,8.26,47.88
16529,2023/4/19 4:15,7.45,6.73,43.56
16530,2023/4/19 4:30,7.51,9.8,46.37
16531,2023/4/19 4:45,7.58,9.03,46.41
16532,2023/4/19 5:00,7.67,9.03,48.32
16533,2023/4/19 5:15,7.76,10.18,48.42
16534,2023/4/19 5:30,7.86,12.48,48.32
16535,2023/4/19 5:45,7.99,12.86,48.38
16536,2023/4/19 6:00,9.7,13.63,48.42
16537,2023/4/19 6:15,9.82,14.39,48.45
16538,2023/4/19 6:30,9.92,12.09,48.32
16539,2023/4/19 6:45,9.99,9.03,48.35
16540,2023/4/19 7:00,10.03,7.5,48.35
16541,2023/4/19 7:15,10.04,9.03,48.12
16542,2023/4/19 7:30,10.03,9.03,46.61
16543,2023/4/19 7:45,9.99,11.71,48.28
16544,2023/4/19 8:00,9.92,10.94,48.28
16545,2023/4/19 8:15,9.82,11.33,48.12
16546,2023/4/19 8:30,9.69,7.5,46.07
16547,2023/4/19 8:45,9.53,10.56,45.91
16548,2023/4/19 9:00,9.33,6.73,45.81
16549,2023/4/19 9:15,9.1,8.65,44.27
16550,2023/4/19 9:30,8.85,10.18,39.34
16551,2023/4/19 9:45,8.57,9.8,35.32
16552,2023/4/19 10:00,8.27,7.5,25.35
16553,2023/4/19 10:15,7.96,6.35,29.47
16554,2023/4/19 10:30,7.64,7.11,31.51
16555,2023/4/19 10:45,7.32,8.65,33.78
16556,2023/4/19 11:00,7.01,6.73,22.9
16557,2023/4/19 11:15,6.7,5.2,15.67
16558,2023/4/19 11:30,6.39,4.43,7.37
16559,2023/4/19 11:45,6.1,2.9,5.59
16560,2023/4/19 12:00,5.87,1.75,8.07
16561,2023/4/19 12:15,5.59,5.96,21.26
16562,2023/4/19 12:30,5.33,7.5,17.08
16563,2023/4/19 12:45,5.08,6.35,10.55
16564,2023/4/19 13:00,4.85,2.52,2.21
16565,2023/4/19 13:15,4.65,2.14,0.07
16566,2023/4/19 13:30,4.47,2.14,0
16567,2023/4/19 13:45,4.32,2.9,0
16568,2023/4/19 14:00,4.19,1.75,3.25
16569,2023/4/19 14:15,4.1,0.6,0.03
16570,2023/4/19 14:30,4.04,0,0.97
16571,2023/4/19 14:45,4.04,2.52,0
16572,2023/4/19 15:00,4.08,5.58,3.21
16573,2023/4/19 15:15,4.17,5.96,11.22
16574,2023/4/19 15:30,4.28,6.35,16.54
16575,2023/4/19 15:45,4.43,5.58,14.67
16576,2023/4/19 16:00,4.62,3.67,15.3
16577,2023/4/19 16:15,4.83,4.05,14.5
16578,2023/4/19 16:30,5.07,5.96,11.55
16579,2023/4/19 16:45,5.33,4.82,12.02
16580,2023/4/19 17:00,5.59,5.96,13.16
16581,2023/4/19 17:15,5.87,6.35,13.16
16582,2023/4/19 17:30,6.13,7.11,15.7
16583,2023/4/19 17:45,6.38,5.96,12.62
16584,2023/4/19 18:00,6.81,5.96,11.79
16585,2023/4/19 18:15,7.03,5.2,7.63
16586,2023/4/19 18:30,7.27,4.82,7.94
16587,2023/4/19 18:45,7.52,5.58,5.73
16588,2023/4/19 19:00,7.76,3.67,4.59
16589,2023/4/19 19:15,8.01,2.9,5.49
16590,2023/4/19 19:30,8.29,2.9,3.18
16591,2023/4/19 19:45,8.58,3.67,3.31
16592,2023/4/19 20:00,8.88,3.28,2.85
16593,2023/4/19 20:15,9.18,3.28,1.24
16594,2023/4/19 20:30,9.49,5.2,1.04
16595,2023/4/19 20:45,9.81,2.9,0
16596,2023/4/19 21:00,10.12,3.28,6.13
16597,2023/4/19 21:15,10.43,4.43,15.57
16598,2023/4/19 21:30,10.72,5.96,20.66
16599,2023/4/19 21:45,10.99,14.01,35.86
16600,2023/4/19 22:00,11.26,11.71,48.38
16601,2023/4/19 22:15,11.52,10.94,47.58
16602,2023/4/19 22:30,11.75,9.8,42.49
16603,2023/4/19 22:45,11.96,9.8,44.4
16604,2023/4/19 23:00,12.17,6.35,42.62
16605,2023/4/19 23:15,12.39,5.58,37.1
16606,2023/4/19 23:30,12.58,9.41,43.36
16607,2023/4/19 23:45,12.76,9.03,45.47
16608,2023/4/20 0:00,13.03,10.56,48.28
16609,2023/4/20 0:15,13.21,11.71,48.42
16610,2023/4/20 0:30,13.36,10.56,48.28
16611,2023/4/20 0:45,13.49,11.33,48.18
16612,2023/4/20 1:00,13.59,10.56,48.38
16613,2023/4/20 1:15,13.69,10.94,48.28
16614,2023/4/20 1:30,13.78,11.33,48.25
16615,2023/4/20 1:45,13.86,13.24,48.38
16616,2023/4/20 2:00,13.94,10.18,48.18
16617,2023/4/20 2:15,14.02,12.09,48.42
16618,2023/4/20 2:30,14.08,8.26,48.32
16619,2023/4/20 2:45,14.12,11.33,48.28
16620,2023/4/20 3:00,14.13,11.71,48.28
16621,2023/4/20 3:15,14.12,11.33,48.45
16622,2023/4/20 3:30,14.1,14.01,48.28
16623,2023/4/20 3:45,14.08,12.48,48.42
16624,2023/4/20 4:00,14.06,7.11,48.32
16625,2023/4/20 4:15,14.04,10.94,48.32
16626,2023/4/20 4:30,14.04,10.18,47.88
16627,2023/4/20 4:45,14.07,8.26,45.91
16628,2023/4/20 5:00,14.11,10.18,40.82
16629,2023/4/20 5:15,14.16,12.09,47.08
16630,2023/4/20 5:30,14.22,12.86,45.91
16631,2023/4/20 5:45,14.29,12.09,48.25
16632,2023/4/20 6:00,14.42,14.39,48.25
16633,2023/4/20 6:15,14.47,12.09,48.48
16634,2023/4/20 6:30,14.55,16.69,48.25
16635,2023/4/20 6:45,14.65,15.54,47.88
16636,2023/4/20 7:00,14.77,16.31,48.58
16637,2023/4/20 7:15,14.91,16.31,48.32
16638,2023/4/20 7:30,15.06,14.01,48.12
16639,2023/4/20 7:45,15.21,14.01,48.25
16640,2023/4/20 8:00,15.35,21.67,48.02
16641,2023/4/20 8:15,15.5,20.14,48.48
16642,2023/4/20 8:30,15.65,21.67,48.42
16643,2023/4/20 8:45,15.8,19.37,47.81
16644,2023/4/20 9:00,15.96,15.16,48.25
16645,2023/4/20 9:15,16.13,17.84,48.28
16646,2023/4/20 9:30,16.32,15.92,48.35
16647,2023/4/20 9:45,16.51,17.84,48.42
16648,2023/4/20 10:00,16.72,17.84,47.95
16649,2023/4/20 10:15,16.93,15.92,48.28
16650,2023/4/20 10:30,17.13,16.31,48.32
16651,2023/4/20 10:45,17.33,14.77,48.12
16652,2023/4/20 11:00,17.51,17.84,48.18
16653,2023/4/20 11:15,17.68,21.67,48.38
16654,2023/4/20 11:30,17.85,19.75,45.74
16655,2023/4/20 11:45,18,20.52,48.15
16656,2023/4/20 12:00,18.17,20.14,47.58
16657,2023/4/20 12:15,18.31,18.99,42.36
16658,2023/4/20 12:30,18.42,15.54,44.83
16659,2023/4/20 12:45,18.5,16.31,48.25
16660,2023/4/20 13:00,18.54,28.56,32.71
16661,2023/4/20 13:15,18.56,21.67,46.78
16662,2023/4/20 13:30,18.55,18.22,41.18
16663,2023/4/20 13:45,18.5,24.73,43.63
16664,2023/4/20 14:00,18.41,18.22,44.16
16665,2023/4/20 14:15,18.3,18.99,38.57
16666,2023/4/20 14:30,18.16,20.14,43.26
16667,2023/4/20 14:45,18,18.22,48.38
16668,2023/4/20 15:00,17.82,15.54,39.68
16669,2023/4/20 15:15,17.62,14.77,46.64
16670,2023/4/20 15:30,17.4,17.07,48.28
16671,2023/4/20 15:45,17.16,9.41,46.68
16672,2023/4/20 16:00,16.89,14.39,48.25
16673,2023/4/20 16:15,16.61,17.45,48.32
16674,2023/4/20 16:30,16.33,15.92,48.12
16675,2023/4/20 16:45,16.04,16.31,48.12
16676,2023/4/20 17:00,15.75,17.45,48.18
16677,2023/4/20 17:15,15.45,13.63,48.18
16678,2023/4/20 17:30,15.15,11.71,48.15
16679,2023/4/20 17:45,14.86,10.18,48.35
16680,2023/4/20 18:00,14.14,15.54,48.32
16681,2023/4/20 18:15,13.83,14.77,48.15
16682,2023/4/20 18:30,13.53,11.71,48.35
16683,2023/4/20 18:45,13.25,12.48,48.12
16684,2023/4/20 19:00,13,14.39,48.05
16685,2023/4/20 19:15,12.78,16.31,48.25
16686,2023/4/20 19:30,12.57,11.33,48.35
16687,2023/4/20 19:45,12.4,10.18,48.35
16688,2023/4/20 20:00,12.25,8.26,48.48
16689,2023/4/20 20:15,12.12,8.26,48.25
16690,2023/4/20 20:30,12.03,12.09,47.28
16691,2023/4/20 20:45,11.95,9.03,42.39
16692,2023/4/20 21:00,11.89,8.65,37.64
16693,2023/4/20 21:15,11.84,10.18,39.04
16694,2023/4/20 21:30,11.82,6.35,35.93
16695,2023/4/20 21:45,11.82,5.2,27.66
16696,2023/4/20 22:00,11.84,6.73,37.94
16697,2023/4/20 22:15,11.89,8.65,46.78
16698,2023/4/20 22:30,11.96,6.73,43.26
16699,2023/4/20 22:45,12.02,9.03,44.16
16700,2023/4/20 23:00,12.1,11.71,48.48
16701,2023/4/20 23:15,12.18,10.94,47.91
16702,2023/4/20 23:30,12.27,11.33,47.04
16703,2023/4/20 23:45,12.37,9.8,47.81
16704,2023/4/21 0:00,12.69,12.09,48.58
16705,2023/4/21 0:15,12.79,10.18,48.38
16706,2023/4/21 0:30,12.87,11.33,48.35
16707,2023/4/21 0:45,12.94,13.24,48.48
16708,2023/4/21 1:00,13.01,12.48,48.02
16709,2023/4/21 1:15,13.07,14.01,48.45
16710,2023/4/21 1:30,13.12,9.41,48.42
16711,2023/4/21 1:45,13.16,10.18,48.42
16712,2023/4/21 2:00,13.19,9.41,48.28
16713,2023/4/21 2:15,13.21,13.63,48.42
16714,2023/4/21 2:30,13.21,12.09,48.32
16715,2023/4/21 2:45,13.21,12.86,48.25
16716,2023/4/21 3:00,13.19,15.16,48.38
16717,2023/4/21 3:15,13.15,15.16,48.22
16718,2023/4/21 3:30,13.11,12.09,48.52
16719,2023/4/21 3:45,13.06,9.41,48.28
16720,2023/4/21 4:00,13,9.8,48.28
16721,2023/4/21 4:15,12.93,10.18,48.15
16722,2023/4/21 4:30,12.87,9.03,47.85
16723,2023/4/21 4:45,12.81,10.18,48.22
16724,2023/4/21 5:00,12.77,12.86,48.22
16725,2023/4/21 5:15,12.72,11.71,48.28
16726,2023/4/21 5:30,12.68,11.33,47.98
16727,2023/4/21 5:45,12.64,14.01,47.98
16728,2023/4/21 6:00,12.13,10.56,48.18
16729,2023/4/21 6:15,12.02,11.71,48.32
16730,2023/4/21 6:30,11.93,11.71,48.38
16731,2023/4/21 6:45,11.85,9.41,48.35
16732,2023/4/21 7:00,11.79,9.41,48.42
16733,2023/4/21 7:15,11.75,7.11,48.38
16734,2023/4/21 7:30,11.71,9.8,48.25
16735,2023/4/21 7:45,11.67,7.11,48.62
16736,2023/4/21 8:00,11.63,12.09,48.28
16737,2023/4/21 8:15,11.59,10.56,48.22
16738,2023/4/21 8:30,11.56,13.24,48.32
16739,2023/4/21 8:45,11.52,10.18,48.35
16740,2023/4/21 9:00,11.48,10.56,48.55
16741,2023/4/21 9:15,11.44,10.18,48.32
16742,2023/4/21 9:30,11.4,10.18,48.58
16743,2023/4/21 9:45,11.37,9.41,48.28
16744,2023/4/21 10:00,11.35,9.41,48.48
16745,2023/4/21 10:15,11.32,12.86,48.38
16746,2023/4/21 10:30,11.31,7.11,47.71
16747,2023/4/21 10:45,11.3,10.18,48.35
16748,2023/4/21 11:00,11.29,11.71,48.15
16749,2023/4/21 11:15,11.29,11.33,48.25
16750,2023/4/21 11:30,11.29,12.48,48.45
16751,2023/4/21 11:45,11.3,9.8,46.74
16752,2023/4/21 12:00,11.39,11.71,45.91
16753,2023/4/21 12:15,11.4,9.41,44.67
16754,2023/4/21 12:30,11.41,9.41,44.77
16755,2023/4/21 12:45,11.42,12.09,44
16756,2023/4/21 13:00,11.43,11.71,41.52
16757,2023/4/21 13:15,11.44,12.48,41.99
16758,2023/4/21 13:30,11.44,14.39,42.06
16759,2023/4/21 13:45,11.44,9.03,47.45
16760,2023/4/21 14:00,11.42,10.94,46.78
16761,2023/4/21 14:15,11.39,9.41,48.35
16762,2023/4/21 14:30,11.34,11.71,48.22
16763,2023/4/21 14:45,11.27,11.71,48.12
16764,2023/4/21 15:00,11.19,12.09,48.38
16765,2023/4/21 15:15,11.08,13.24,48.35
16766,2023/4/21 15:30,10.95,10.94,48.45
16767,2023/4/21 15:45,10.81,12.48,48.15
16768,2023/4/21 16:00,10.65,10.56,48.18
16769,2023/4/21 16:15,10.47,6.35,48.38
16770,2023/4/21 16:30,10.28,16.69,48.25
16771,2023/4/21 16:45,10.07,14.01,48.35
16772,2023/4/21 17:00,9.86,12.86,48.28
16773,2023/4/21 17:15,9.63,14.77,48.32
16774,2023/4/21 17:30,9.41,14.39,48.32
16775,2023/4/21 17:45,9.18,12.48,48.42
16776,2023/4/21 18:00,9.69,11.71,48.22
16777,2023/4/21 18:15,9.49,10.56,47.18
16778,2023/4/21 18:30,9.3,10.18,48.08
16779,2023/4/21 18:45,9.11,10.18,42.56
16780,2023/4/21 19:00,8.93,7.88,30.87
16781,2023/4/21 19:15,8.75,7.11,30.87
16782,2023/4/21 19:30,8.58,8.65,33.72
16783,2023/4/21 19:45,8.41,7.11,22.2
16784,2023/4/21 20:00,8.26,5.96,17.14
16785,2023/4/21 20:15,8.11,4.82,13.26
16786,2023/4/21 20:30,7.97,5.96,11.28
16787,2023/4/21 20:45,7.83,5.58,11.55
16788,2023/4/21 21:00,7.7,5.96,12.42
16789,2023/4/21 21:15,7.58,5.2,10.51
16790,2023/4/21 21:30,7.46,5.2,9.38
16791,2023/4/21 21:45,7.34,5.2,8.34
16792,2023/4/21 22:00,7.22,5.2,7.13
16793,2023/4/21 22:15,7.1,5.2,9.78
16794,2023/4/21 22:30,6.99,4.05,5.06
16795,2023/4/21 22:45,6.87,3.28,9.44
16796,2023/4/21 23:00,6.77,3.28,9.34
16797,2023/4/21 23:15,6.67,4.05,11.15
16798,2023/4/21 23:30,6.58,4.82,10.75
16799,2023/4/21 23:45,6.49,2.14,9.48
16800,2023/4/22 0:00,6.28,2.52,10.01
16801,2023/4/22 0:15,6.21,2.14,13.19
16802,2023/4/22 0:30,6.14,1.75,13.69
16803,2023/4/22 0:45,6.08,2.9,12.82
16804,2023/4/22 1:00,6.03,3.28,14.67
16805,2023/4/22 1:15,5.99,2.9,9.48
16806,2023/4/22 1:30,5.95,4.82,8.17
16807,2023/4/22 1:45,5.92,4.05,7.37
16808,2023/4/22 2:00,5.9,3.28,5.66
16809,2023/4/22 2:15,5.89,2.9,7.47
16810,2023/4/22 2:30,5.88,2.52,7.1
16811,2023/4/22 2:45,5.88,4.43,8.04
16812,2023/4/22 3:00,5.89,4.82,8.1
16813,2023/4/22 3:15,5.89,4.82,5.42
16814,2023/4/22 3:30,5.89,4.43,4.92
16815,2023/4/22 3:45,5.88,4.82,4.52
16816,2023/4/22 4:00,5.85,5.2,6.19
16817,2023/4/22 4:15,5.82,5.2,6.03
16818,2023/4/22 4:30,5.77,5.96,7.03
16819,2023/4/22 4:45,5.7,4.82,7.73
16820,2023/4/22 5:00,5.63,4.82,6.4
16821,2023/4/22 5:15,5.54,5.2,7.77
16822,2023/4/22 5:30,5.45,5.96,9.61
16823,2023/4/22 5:45,5.35,5.96,8.87
16824,2023/4/22 6:00,4.44,5.58,7.53
16825,2023/4/22 6:15,4.33,5.58,6.56
16826,2023/4/22 6:30,4.22,5.2,5.83
16827,2023/4/22 6:45,4.13,4.43,4.25
16828,2023/4/22 7:00,4.04,2.14,2.44
16829,2023/4/22 7:15,3.96,3.28,1.67
16830,2023/4/22 7:30,3.91,4.05,2.28
16831,2023/4/22 7:45,3.88,3.67,2.34
16832,2023/4/22 8:00,3.87,3.28,4.19
16833,2023/4/22 8:15,3.89,2.14,5.16
16834,2023/4/22 8:30,3.93,4.82,4.96
16835,2023/4/22 8:45,4,4.43,8.2
16836,2023/4/22 9:00,4.09,2.52,5.12
16837,2023/4/22 9:15,4.2,4.82,4.69
16838,2023/4/22 9:30,4.34,4.82,12.09
16839,2023/4/22 9:45,4.48,6.35,14.77
16840,2023/4/22 10:00,4.65,4.82,17.24
16841,2023/4/22 10:15,4.82,7.5,24.28
16842,2023/4/22 10:30,5,9.03,25.88
16843,2023/4/22 10:45,5.19,8.26,34.79
16844,2023/4/22 11:00,5.37,5.58,30.7
16845,2023/4/22 11:15,5.57,7.88,35.89
16846,2023/4/22 11:30,5.76,7.5,36.2
16847,2023/4/22 11:45,5.95,7.11,38.14
16848,2023/4/22 12:00,6.13,10.18,36.5
16849,2023/4/22 12:15,6.33,7.88,37.43
16850,2023/4/22 12:30,6.51,7.88,31.34
16851,2023/4/22 12:45,6.68,7.5,36.56
16852,2023/4/22 13:00,6.83,6.73,35.86
16853,2023/4/22 13:15,6.97,7.5,41.08
16854,2023/4/22 13:30,7.09,7.5,45.24
16855,2023/4/22 13:45,7.21,8.65,40.35
16856,2023/4/22 14:00,7.31,10.18,44.6
16857,2023/4/22 14:15,7.39,7.88,46.98
16858,2023/4/22 14:30,7.45,10.18,42.99
16859,2023/4/22 14:45,7.49,10.18,41.99
16860,2023/4/22 15:00,7.51,9.8,45.81
16861,2023/4/22 15:15,7.51,10.18,36.1
16862,2023/4/22 15:30,7.47,11.33,44.2
16863,2023/4/22 15:45,7.4,13.63,43.9
16864,2023/4/22 16:00,7.3,10.18,41.72
16865,2023/4/22 16:15,7.17,9.41,37.4
16866,2023/4/22 16:30,7.02,7.11,41.55
16867,2023/4/22 16:45,6.86,8.65,31.14
16868,2023/4/22 17:00,6.68,5.58,18.72
16869,2023/4/22 17:15,6.5,8.26,18.21
16870,2023/4/22 17:30,6.3,5.96,14.06
16871,2023/4/22 17:45,6.1,5.96,12.59
16872,2023/4/22 18:00,7.04,5.2,10.78
16873,2023/4/22 18:15,6.86,5.58,9.78
16874,2023/4/22 18:30,6.68,5.58,6.03
16875,2023/4/22 18:45,6.51,1.37,4.65
16876,2023/4/22 19:00,6.34,2.52,3.75
16877,2023/4/22 19:15,6.18,3.67,2.38
16878,2023/4/22 19:30,6.04,4.43,3.92
16879,2023/4/22 19:45,5.91,4.43,5.06
16880,2023/4/22 20:00,5.81,5.58,9.41
16881,2023/4/22 20:15,5.72,5.2,7.33
16882,2023/4/22 20:30,5.64,4.82,4.72
16883,2023/4/22 20:45,5.57,4.43,4.96
16884,2023/4/22 21:00,5.51,4.82,4.32
16885,2023/4/22 21:15,5.46,4.05,3.42
16886,2023/4/22 21:30,5.44,4.05,1.91
16887,2023/4/22 21:45,5.44,4.05,1.54
16888,2023/4/22 22:00,5.48,3.67,0.9
16889,2023/4/22 22:15,5.54,2.9,0.57
16890,2023/4/22 22:30,5.62,1.37,0
16891,2023/4/22 22:45,5.72,1.37,0.47
16892,2023/4/22 23:00,5.83,0.99,1.14
16893,2023/4/22 23:15,5.95,4.05,1.04
16894,2023/4/22 23:30,6.08,5.2,5.96
16895,2023/4/22 23:45,6.21,5.96,9.41
16896,2023/4/23 0:00,6.21,7.11,12.86
16897,2023/4/23 0:15,6.36,6.35,14.6
16898,2023/4/23 0:30,6.51,6.35,17.48
16899,2023/4/23 0:45,6.65,6.73,19.45
16900,2023/4/23 1:00,6.8,7.88,27.69
16901,2023/4/23 1:15,6.94,9.03,38.31
16902,2023/4/23 1:30,7.07,9.03,40.75
16903,2023/4/23 1:45,7.18,9.41,42.06
16904,2023/4/23 2:00,7.28,10.56,45.91
16905,2023/4/23 2:15,7.37,10.94,47.61
16906,2023/4/23 2:30,7.45,10.18,46.51
16907,2023/4/23 2:45,7.52,9.8,45.87
16908,2023/4/23 3:00,7.59,9.8,43.63
16909,2023/4/23 3:15,7.65,9.41,42.79
16910,2023/4/23 3:30,7.69,9.41,41.65
16911,2023/4/23 3:45,7.71,9.8,42.19
16912,2023/4/23 4:00,7.71,9.41,41.05
16913,2023/4/23 4:15,7.7,9.41,43.93
16914,2023/4/23 4:30,7.67,9.8,42.96
16915,2023/4/23 4:45,7.64,8.65,38.67
16916,2023/4/23 5:00,7.6,7.5,34.05
16917,2023/4/23 5:15,7.55,8.26,38.91
16918,2023/4/23 5:30,7.5,8.26,39.38
16919,2023/4/23 5:45,7.44,7.11,38.31
16920,2023/4/23 6:00,7.3,8.65,41.65
16921,2023/4/23 6:15,7.2,9.8,41.18
16922,2023/4/23 6:30,7.12,9.03,34.79
16923,2023/4/23 6:45,7.05,7.11,24.64
16924,2023/4/23 7:00,7,7.88,22.03
16925,2023/4/23 7:15,6.96,7.5,18.42
16926,2023/4/23 7:30,6.94,6.73,17.95
16927,2023/4/23 7:45,6.93,8.65,31.57
16928,2023/4/23 8:00,6.95,8.26,42.76
16929,2023/4/23 8:15,6.98,8.26,39.14
16930,2023/4/23 8:30,7.03,8.26,41.12
16931,2023/4/23 8:45,7.09,7.5,43.63
16932,2023/4/23 9:00,7.17,9.03,41.32
16933,2023/4/23 9:15,7.27,8.65,41.25
16934,2023/4/23 9:30,7.37,8.65,36.76
16935,2023/4/23 9:45,7.47,9.03,40.75
16936,2023/4/23 10:00,7.57,11.33,48.15
16937,2023/4/23 10:15,7.68,13.24,45.81
16938,2023/4/23 10:30,7.77,11.33,47.18
16939,2023/4/23 10:45,7.84,10.18,45.6
16940,2023/4/23 11:00,7.9,9.41,43.09
16941,2023/4/23 11:15,7.95,9.03,38.04
16942,2023/4/23 11:30,7.99,7.11,39.18
16943,2023/4/23 11:45,8.01,8.65,40.15
16944,2023/4/23 12:00,8.02,7.11,35.29
16945,2023/4/23 12:15,8.02,8.65,35.43
16946,2023/4/23 12:30,8.02,9.03,32.85
16947,2023/4/23 12:45,8.01,14.39,35.29
16948,2023/4/23 13:00,7.98,7.88,26.12
16949,2023/4/23 13:15,7.94,10.56,27.02
16950,2023/4/23 13:30,7.91,8.65,29.1
16951,2023/4/23 13:45,7.87,5.58,30.91
16952,2023/4/23 14:00,7.83,6.73,27.29
16953,2023/4/23 14:15,7.78,7.11,31.27
16954,2023/4/23 14:30,7.73,12.09,27.59
16955,2023/4/23 14:45,7.66,10.18,38.47
16956,2023/4/23 15:00,7.59,7.5,27.62
16957,2023/4/23 15:15,7.5,8.65,32.91
16958,2023/4/23 15:30,7.38,6.73,30.77
16959,2023/4/23 15:45,7.23,6.73,31.54
16960,2023/4/23 16:00,7.06,3.67,31.21
16961,2023/4/23 16:15,6.87,3.67,19.29
16962,2023/4/23 16:30,6.67,7.11,24.54
16963,2023/4/23 16:45,6.47,5.96,14.93
16964,2023/4/23 17:00,6.26,6.73,13.8
16965,2023/4/23 17:15,6.06,4.43,11.95
16966,2023/4/23 17:30,5.86,3.67,4.42
16967,2023/4/23 17:45,5.66,3.67,1.67
16968,2023/4/23 18:00,5.34,2.9,0.03
16969,2023/4/23 18:15,5.15,1.75,0
16970,2023/4/23 18:30,4.98,0,0
16971,2023/4/23 18:45,4.84,0,0
16972,2023/4/23 19:00,4.74,0,0
16973,2023/4/23 19:15,4.66,0,0
16974,2023/4/23 19:30,4.62,0,0
16975,2023/4/23 19:45,4.62,1.75,0
16976,2023/4/23 20:00,4.65,1.75,0
16977,2023/4/23 20:15,4.71,2.52,0
16978,2023/4/23 20:30,4.8,3.28,3.21
16979,2023/4/23 20:45,4.92,4.82,9.81
16980,2023/4/23 21:00,5.06,5.96,12.32
16981,2023/4/23 21:15,5.22,5.2,10.01
16982,2023/4/23 21:30,5.39,5.96,12.15
16983,2023/4/23 21:45,5.57,5.96,11.99
16984,2023/4/23 22:00,5.75,5.58,11.82
16985,2023/4/23 22:15,5.93,5.96,13.9
16986,2023/4/23 22:30,6.11,6.73,18.42
16987,2023/4/23 22:45,6.26,6.73,16.94
16988,2023/4/23 23:00,6.41,7.11,17.04
16989,2023/4/23 23:15,6.53,6.35,14.7
16990,2023/4/23 23:30,6.64,6.73,18.32
16991,2023/4/23 23:45,6.71,7.88,26.62
16992,2023/4/24 0:00,6.7,9.03,36.56
16993,2023/4/24 0:15,6.74,9.41,39.71
16994,2023/4/24 0:30,6.76,9.8,39.38
16995,2023/4/24 0:45,6.77,9.41,39.78
16996,2023/4/24 1:00,6.75,9.03,42.39
16997,2023/4/24 1:15,6.71,10.94,43.8
16998,2023/4/24 1:30,6.67,9.03,44.5
16999,2023/4/24 1:45,6.62,9.41,46.54
17000,2023/4/24 2:00,6.58,9.8,46.14
17001,2023/4/24 2:15,6.52,9.8,44.67
17002,2023/4/24 2:30,6.47,8.65,44.1
17003,2023/4/24 2:45,6.42,8.65,45.67
17004,2023/4/24 3:00,6.37,8.26,45.74
17005,2023/4/24 3:15,6.32,9.41,43.7
17006,2023/4/24 3:30,6.28,7.5,44.97
17007,2023/4/24 3:45,6.25,10.18,45.5
17008,2023/4/24 4:00,6.23,10.56,45.3
17009,2023/4/24 4:15,6.22,10.56,46.84
17010,2023/4/24 4:30,6.21,10.18,47.18
17011,2023/4/24 4:45,6.21,10.18,47.18
17012,2023/4/24 5:00,6.22,10.56,44.47
17013,2023/4/24 5:15,6.22,10.56,43.56
17014,2023/4/24 5:30,6.23,10.94,45.5
17015,2023/4/24 5:45,6.24,10.56,43.23
17016,2023/4/24 6:00,6.92,10.18,39.24
17017,2023/4/24 6:15,6.83,9.8,38.17
17018,2023/4/24 6:30,6.74,9.03,31.51
17019,2023/4/24 6:45,6.65,7.11,17.28
17020,2023/4/24 7:00,6.55,6.73,13.83
17021,2023/4/24 7:15,6.45,4.82,9.74
17022,2023/4/24 7:30,6.36,6.35,7.43
17023,2023/4/24 7:45,6.27,4.43,4.55
17024,2023/4/24 8:00,6.18,5.96,6.76
17025,2023/4/24 8:15,6.11,4.05,4.22
17026,2023/4/24 8:30,6.05,3.28,3.05
17027,2023/4/24 8:45,6.01,3.28,1.88
17028,2023/4/24 9:00,5.98,3.28,0.9
17029,2023/4/24 9:15,5.96,2.52,0
17030,2023/4/24 9:30,5.96,2.9,0
17031,2023/4/24 9:45,5.96,4.43,1.84
17032,2023/4/24 10:00,5.97,2.52,2.44
17033,2023/4/24 10:15,5.98,5.2,4.12
17034,2023/4/24 10:30,6,4.82,5.26
17035,2023/4/24 10:45,6.03,4.82,6.09
17036,2023/4/24 11:00,6.05,5.58,9.01
17037,2023/4/24 11:15,6.08,4.43,8.44
17038,2023/4/24 11:30,6.12,5.58,8.44
17039,2023/4/24 11:45,6.16,6.35,12.12
17040,2023/4/24 12:00,6.23,6.73,12.82
17041,2023/4/24 12:15,6.28,5.2,8.74
17042,2023/4/24 12:30,6.33,6.73,7
17043,2023/4/24 12:45,6.37,5.2,9.74
17044,2023/4/24 13:00,6.42,5.2,16.21
17045,2023/4/24 13:15,6.47,7.11,12.62
17046,2023/4/24 13:30,6.52,5.2,11.55
17047,2023/4/24 13:45,6.58,2.52,6.36
17048,2023/4/24 14:00,6.63,5.2,5.49
17049,2023/4/24 14:15,6.7,5.2,6.26
17050,2023/4/24 14:30,6.76,5.96,9.64
17051,2023/4/24 14:45,6.83,4.82,8.81
17052,2023/4/24 15:00,6.89,6.35,8.37
17053,2023/4/24 15:15,6.97,7.88,13.96
17054,2023/4/24 15:30,7.05,4.82,19.45
17055,2023/4/24 15:45,7.13,6.35,18.68
17056,2023/4/24 16:00,7.23,6.35,15.67
17057,2023/4/24 16:15,7.34,6.73,29.8
17058,2023/4/24 16:30,7.46,7.5,18.01
17059,2023/4/24 16:45,7.61,7.5,29.3
17060,2023/4/24 17:00,7.78,7.5,32.18
17061,2023/4/24 17:15,7.96,7.11,33.48
17062,2023/4/24 17:30,8.16,7.88,33.68
17063,2023/4/24 17:45,8.37,8.26,31.01
17064,2023/4/24 18:00,8.01,9.8,33.85
17065,2023/4/24 18:15,8.26,9.8,35.32
17066,2023/4/24 18:30,8.51,8.26,35.93
17067,2023/4/24 18:45,8.76,9.03,42.06
17068,2023/4/24 19:00,9.02,9.41,48.25
17069,2023/4/24 19:15,9.27,10.94,48.38
17070,2023/4/24 19:30,9.52,12.09,48.38
17071,2023/4/24 19:45,9.76,11.71,48.38
17072,2023/4/24 20:00,10,11.33,48.38
17073,2023/4/24 20:15,10.22,13.24,48.42
17074,2023/4/24 20:30,10.42,13.63,48.18
17075,2023/4/24 20:45,10.6,13.24,48.28
17076,2023/4/24 21:00,10.76,13.63,48.48
17077,2023/4/24 21:15,10.9,14.39,48.22
17078,2023/4/24 21:30,11.01,13.63,48.05
17079,2023/4/24 21:45,11.08,13.63,48.32
17080,2023/4/24 22:00,11.13,13.24,48.05
17081,2023/4/24 22:15,11.16,11.33,48.22
17082,2023/4/24 22:30,11.16,13.24,48.25
17083,2023/4/24 22:45,11.16,11.33,48.45
17084,2023/4/24 23:00,11.14,12.48,48.45
17085,2023/4/24 23:15,11.11,12.09,48.25
17086,2023/4/24 23:30,11.07,12.48,48.48
17087,2023/4/24 23:45,11.04,11.71,48.32
17088,2023/4/25 0:00,11.02,9.03,45.67
17089,2023/4/25 0:15,11.01,10.56,46.47
17090,2023/4/25 0:30,10.99,9.03,46.84
17091,2023/4/25 0:45,10.97,9.03,48.22
17092,2023/4/25 1:00,10.96,9.41,46.81
17093,2023/4/25 1:15,10.94,8.65,46.04
17094,2023/4/25 1:30,10.93,9.03,46.27
17095,2023/4/25 1:45,10.93,10.56,46.51
17096,2023/4/25 2:00,10.93,7.88,42.49
17097,2023/4/25 2:15,10.93,11.33,46.17
17098,2023/4/25 2:30,10.94,12.09,48.08
17099,2023/4/25 2:45,10.95,7.11,46.11
17100,2023/4/25 3:00,10.94,14.01,47.78
17101,2023/4/25 3:15,10.93,12.48,48.18
17102,2023/4/25 3:30,10.89,10.18,48.25
17103,2023/4/25 3:45,10.82,10.18,46.51
17104,2023/4/25 4:00,10.72,8.65,44.5
17105,2023/4/25 4:15,10.59,4.43,26.95
17106,2023/4/25 4:30,10.44,4.05,22.5
17107,2023/4/25 4:45,10.27,7.11,29.3
17108,2023/4/25 5:00,10.08,7.11,21.06
17109,2023/4/25 5:15,9.87,5.2,7.47
17110,2023/4/25 5:30,9.63,4.43,11.22
17111,2023/4/25 5:45,9.38,6.73,15.6
17112,2023/4/25 6:00,6.94,5.96,14.4
17113,2023/4/25 6:15,6.63,4.82,11.92
17114,2023/4/25 6:30,6.35,5.58,9.91
17115,2023/4/25 6:45,6.1,5.58,9.84
17116,2023/4/25 7:00,5.9,5.58,10.55
17117,2023/4/25 7:15,5.74,5.58,9.88
17118,2023/4/25 7:30,5.67,2.9,6.56
17119,2023/4/25 7:45,5.69,4.05,6.23
17120,2023/4/25 8:00,5.78,5.58,11.02
17121,2023/4/25 8:15,5.96,5.58,12.96
17122,2023/4/25 8:30,6.19,6.73,10.38
17123,2023/4/25 8:45,6.49,5.96,6.7
17124,2023/4/25 9:00,6.82,3.67,4.02
17125,2023/4/25 9:15,7.2,4.82,8.77
17126,2023/4/25 9:30,7.57,5.2,5.56
17127,2023/4/25 9:45,7.93,2.52,5.59
17128,2023/4/25 10:00,8.29,7.11,34.39
17129,2023/4/25 10:15,8.64,12.86,48.48
17130,2023/4/25 10:30,8.97,13.24,48.45
17131,2023/4/25 10:45,9.29,11.71,48.25
17132,2023/4/25 11:00,9.59,12.09,48.22
17133,2023/4/25 11:15,9.87,13.24,48.58
17134,2023/4/25 11:30,10.12,13.63,48.62
17135,2023/4/25 11:45,10.33,12.48,48.25
17136,2023/4/25 12:00,10.49,15.54,48.58
17137,2023/4/25 12:15,10.62,10.56,48.38
17138,2023/4/25 12:30,10.71,10.94,48.55
17139,2023/4/25 12:45,10.76,13.63,48.38
17140,2023/4/25 13:00,10.77,12.86,48.18
17141,2023/4/25 13:15,10.75,15.16,48.48
17142,2023/4/25 13:30,10.74,14.39,48.35
17143,2023/4/25 13:45,10.71,12.48,48.42
17144,2023/4/25 14:00,10.67,11.33,48.48
17145,2023/4/25 14:15,10.6,12.48,48.15
17146,2023/4/25 14:30,10.52,15.16,48.28
17147,2023/4/25 14:45,10.42,8.65,48.45
17148,2023/4/25 15:00,10.3,11.33,46.44
17149,2023/4/25 15:15,10.15,6.73,43.93
17150,2023/4/25 15:30,9.97,8.65,36.97
17151,2023/4/25 15:45,9.76,10.18,28.09
17152,2023/4/25 16:00,9.53,7.5,28.63
17153,2023/4/25 16:15,9.28,5.96,19.22
17154,2023/4/25 16:30,9,6.35,11.95
17155,2023/4/25 16:45,8.7,5.58,8.77
17156,2023/4/25 17:00,8.38,4.05,7.17
17157,2023/4/25 17:15,8.04,4.05,4.12
17158,2023/4/25 17:30,7.68,4.05,4.15
17159,2023/4/25 17:45,7.32,3.28,2.31
17160,2023/4/25 18:00,6.65,0.99,0.9
17161,2023/4/25 18:15,6.37,3.28,0.57
17162,2023/4/25 18:30,6.1,2.52,0
17163,2023/4/25 18:45,5.85,1.75,0
17164,2023/4/25 19:00,5.63,2.52,0
17165,2023/4/25 19:15,5.43,2.14,0
17166,2023/4/25 19:30,5.25,2.14,0
17167,2023/4/25 19:45,5.09,2.9,0
17168,2023/4/25 20:00,4.95,2.9,0
17169,2023/4/25 20:15,4.83,2.9,0
17170,2023/4/25 20:30,4.73,2.9,0.03
17171,2023/4/25 20:45,4.66,3.67,1.17
17172,2023/4/25 21:00,4.6,3.67,2.54
17173,2023/4/25 21:15,4.57,2.9,3.75
17174,2023/4/25 21:30,4.57,3.28,0
17175,2023/4/25 21:45,4.58,4.05,0
17176,2023/4/25 22:00,4.61,2.9,0
17177,2023/4/25 22:15,4.66,4.05,0
17178,2023/4/25 22:30,4.73,2.9,0
17179,2023/4/25 22:45,4.82,3.28,0
17180,2023/4/25 23:00,4.92,2.9,0
17181,2023/4/25 23:15,5.03,4.82,0
17182,2023/4/25 23:30,5.14,7.11,12.79
17183,2023/4/25 23:45,5.25,6.73,15.34
17184,2023/4/26 0:00,5.42,7.88,25.11
17185,2023/4/26 0:15,5.5,8.26,31.24
17186,2023/4/26 0:30,5.56,9.41,35.36
17187,2023/4/26 0:45,5.6,9.8,36.83
17188,2023/4/26 1:00,5.62,9.03,33.89
17189,2023/4/26 1:15,5.62,7.88,28.96
17190,2023/4/26 1:30,5.59,7.88,22.9
17191,2023/4/26 1:45,5.55,7.5,15.17
17192,2023/4/26 2:00,5.48,6.35,10.82
17193,2023/4/26 2:15,5.39,6.35,10.51
17194,2023/4/26 2:30,5.28,5.2,10.45
17195,2023/4/26 2:45,5.14,7.11,11.89
17196,2023/4/26 3:00,5,7.88,19.29
17197,2023/4/26 3:15,4.83,6.73,19.49
17198,2023/4/26 3:30,4.65,6.73,18.11
17199,2023/4/26 3:45,4.46,4.82,12.36
17200,2023/4/26 4:00,4.25,3.67,9.84
17201,2023/4/26 4:15,4.05,3.67,6.09
17202,2023/4/26 4:30,3.85,2.14,3.28
17203,2023/4/26 4:45,3.66,2.14,2.08
17204,2023/4/26 5:00,3.49,2.52,1.57
17205,2023/4/26 5:15,3.33,3.28,0.67
17206,2023/4/26 5:30,3.19,2.9,0
17207,2023/4/26 5:45,3.07,1.75,0
17208,2023/4/26 6:00,3.18,1.75,0
17209,2023/4/26 6:15,3.2,2.14,0
17210,2023/4/26 6:30,3.25,3.28,0.47
17211,2023/4/26 6:45,3.32,3.28,0.57
17212,2023/4/26 7:00,3.41,3.67,2.11
17213,2023/4/26 7:15,3.53,3.28,1.67
17214,2023/4/26 7:30,3.68,3.28,1.61
17215,2023/4/26 7:45,3.86,2.14,1.44
17216,2023/4/26 8:00,4.08,4.05,1.41
17217,2023/4/26 8:15,4.33,4.43,3.42
17218,2023/4/26 8:30,4.6,4.43,7.1
17219,2023/4/26 8:45,4.89,4.05,11.02
17220,2023/4/26 9:00,5.2,5.96,17.78
17221,2023/4/26 9:15,5.53,7.5,26.25
17222,2023/4/26 9:30,5.85,7.11,32.55
17223,2023/4/26 9:45,6.17,7.5,38.41
17224,2023/4/26 10:00,6.48,10.94,34.99
17225,2023/4/26 10:15,6.77,7.11,37.4
17226,2023/4/26 10:30,7.07,8.26,42.62
17227,2023/4/26 10:45,7.36,10.18,44.87
17228,2023/4/26 11:00,7.65,7.88,45.07
17229,2023/4/26 11:15,7.93,11.33,46.64
17230,2023/4/26 11:30,8.21,10.18,47.91
17231,2023/4/26 11:45,8.48,10.56,48.25
17232,2023/4/26 12:00,8.77,12.48,48.22
17233,2023/4/26 12:15,9.01,10.56,47.48
17234,2023/4/26 12:30,9.24,12.86,48.12
17235,2023/4/26 12:45,9.45,12.86,48.12
17236,2023/4/26 13:00,9.63,12.09,48.42
17237,2023/4/26 13:15,9.8,12.09,48.42
17238,2023/4/26 13:30,9.96,10.94,47.98
17239,2023/4/26 13:45,10.1,12.86,48.48
17240,2023/4/26 14:00,10.24,12.09,48.79
17241,2023/4/26 14:15,10.37,10.18,47.35
17242,2023/4/26 14:30,10.48,11.71,48.35
17243,2023/4/26 14:45,10.58,11.33,48.28
17244,2023/4/26 15:00,10.67,10.94,48.35
17245,2023/4/26 15:15,10.74,10.94,48.42
17246,2023/4/26 15:30,10.81,11.33,48.28
17247,2023/4/26 15:45,10.88,12.09,48.25
17248,2023/4/26 16:00,10.94,12.86,48.45
17249,2023/4/26 16:15,11,10.18,48.15
17250,2023/4/26 16:30,11.07,10.94,48.35
17251,2023/4/26 16:45,11.15,12.09,48.35
17252,2023/4/26 17:00,11.23,12.86,48.28
17253,2023/4/26 17:15,11.33,11.33,48.22
17254,2023/4/26 17:30,11.43,11.71,48.25
17255,2023/4/26 17:45,11.54,10.18,48.22
17256,2023/4/26 18:00,12.09,12.48,48.45
17257,2023/4/26 18:15,12.22,9.8,48.42
17258,2023/4/26 18:30,12.36,11.33,48.48
17259,2023/4/26 18:45,12.5,11.71,48.32
17260,2023/4/26 19:00,12.66,12.09,48.18
17261,2023/4/26 19:15,12.82,11.33,48.48
17262,2023/4/26 19:30,12.98,10.94,48.22
17263,2023/4/26 19:45,13.13,10.56,47.81
17264,2023/4/26 20:00,13.27,11.71,48.32
17265,2023/4/26 20:15,13.4,11.71,48.25
17266,2023/4/26 20:30,13.53,11.71,48.22
17267,2023/4/26 20:45,13.65,12.09,48.58
17268,2023/4/26 21:00,13.75,15.16,48.38
17269,2023/4/26 21:15,13.85,13.63,48.28
17270,2023/4/26 21:30,13.94,13.24,47.98
17271,2023/4/26 21:45,14.01,10.94,48.55
17272,2023/4/26 22:00,14.07,12.86,48.28
17273,2023/4/26 22:15,14.12,12.09,48.52
17274,2023/4/26 22:30,14.16,14.77,48.32
17275,2023/4/26 22:45,14.2,13.24,48.45
17276,2023/4/26 23:00,14.22,10.56,48.45
17277,2023/4/26 23:15,14.24,11.71,48.22
17278,2023/4/26 23:30,14.24,13.63,48.65
17279,2023/4/26 23:45,14.24,15.16,48.45
17280,2023/4/27 0:00,14.14,11.71,48.32
17281,2023/4/27 0:15,14.12,12.48,48.28
17282,2023/4/27 0:30,14.09,11.71,48.35
17283,2023/4/27 0:45,14.05,10.18,48.22
17284,2023/4/27 1:00,13.99,10.18,48.18
17285,2023/4/27 1:15,13.93,12.86,48.42
17286,2023/4/27 1:30,13.86,12.48,48.38
17287,2023/4/27 1:45,13.78,14.39,48.42
17288,2023/4/27 2:00,13.7,12.48,48.32
17289,2023/4/27 2:15,13.62,12.48,48.25
17290,2023/4/27 2:30,13.53,12.86,48.28
17291,2023/4/27 2:45,13.43,10.18,48.32
17292,2023/4/27 3:00,13.34,10.18,48.22
17293,2023/4/27 3:15,13.25,12.86,48.28
17294,2023/4/27 3:30,13.16,13.24,48.22
17295,2023/4/27 3:45,13.07,12.09,48.38
17296,2023/4/27 4:00,12.99,12.48,48.35
17297,2023/4/27 4:15,12.91,11.33,48.25
17298,2023/4/27 4:30,12.84,11.71,48.32
17299,2023/4/27 4:45,12.78,8.65,47.91
17300,2023/4/27 5:00,12.72,9.41,47.95
17301,2023/4/27 5:15,12.66,9.8,47.28
17302,2023/4/27 5:30,12.6,10.56,47.61
17303,2023/4/27 5:45,12.55,9.8,44.33
17304,2023/4/27 6:00,11.92,9.8,43.33
17305,2023/4/27 6:15,11.85,8.26,41.65
17306,2023/4/27 6:30,11.78,9.41,44.33
17307,2023/4/27 6:45,11.7,8.26,42.79
17308,2023/4/27 7:00,11.61,9.03,45.47
17309,2023/4/27 7:15,11.52,7.88,46.51
17310,2023/4/27 7:30,11.42,10.56,46.98
17311,2023/4/27 7:45,11.32,9.03,46.41
17312,2023/4/27 8:00,11.22,9.8,45.07
17313,2023/4/27 8:15,11.11,10.18,42.62
17314,2023/4/27 8:30,11,9.41,42.69
17315,2023/4/27 8:45,10.89,7.5,42.59
17316,2023/4/27 9:00,10.77,8.65,42.39
17317,2023/4/27 9:15,10.65,7.5,40.62
17318,2023/4/27 9:30,10.53,9.8,42.26
17319,2023/4/27 9:45,10.42,9.41,36.6
17320,2023/4/27 10:00,10.3,9.03,36.16
17321,2023/4/27 10:15,10.18,7.11,41.72
17322,2023/4/27 10:30,10.07,8.26,35.73
17323,2023/4/27 10:45,9.96,6.73,31.04
17324,2023/4/27 11:00,9.86,7.88,37.47
17325,2023/4/27 11:15,9.77,9.03,38.87
17326,2023/4/27 11:30,9.68,9.03,41.62
17327,2023/4/27 11:45,9.6,10.18,39.24
17328,2023/4/27 12:00,9.55,9.8,41.18
17329,2023/4/27 12:15,9.49,9.03,39.18
17330,2023/4/27 12:30,9.43,8.26,43.03
17331,2023/4/27 12:45,9.36,8.26,43.66
17332,2023/4/27 13:00,9.3,6.35,40.88
17333,2023/4/27 13:15,9.23,7.5,38.17
17334,2023/4/27 13:30,9.16,5.96,34.69
17335,2023/4/27 13:45,9.09,11.33,47.68
17336,2023/4/27 14:00,9.01,8.65,48.55
17337,2023/4/27 14:15,8.93,11.33,48.32
17338,2023/4/27 14:30,8.84,9.41,46.34
17339,2023/4/27 14:45,8.74,7.88,47.04
17340,2023/4/27 15:00,8.64,7.5,43.8
17341,2023/4/27 15:15,8.54,9.41,42.99
17342,2023/4/27 15:30,8.44,9.8,46.74
17343,2023/4/27 15:45,8.35,11.71,41.15
17344,2023/4/27 16:00,8.28,7.11,46.17
17345,2023/4/27 16:15,8.21,10.56,48.12
17346,2023/4/27 16:30,8.17,7.5,41.49
17347,2023/4/27 16:45,8.14,10.18,39.48
17348,2023/4/27 17:00,8.13,9.41,36.87
17349,2023/4/27 17:15,8.14,10.56,41.72
17350,2023/4/27 17:30,8.16,7.88,39.98
17351,2023/4/27 17:45,8.2,6.35,37.84
17352,2023/4/27 18:00,8.03,6.73,38.94
17353,2023/4/27 18:15,7.88,5.2,42.49
17354,2023/4/27 18:30,7.74,6.73,41.02
17355,2023/4/27 18:45,7.61,7.11,40.31
17356,2023/4/27 19:00,7.48,8.26,41.45
17357,2023/4/27 19:15,7.36,6.73,38.74
17358,2023/4/27 19:30,7.25,8.65,46.37
17359,2023/4/27 19:45,7.14,10.56,47.01
17360,2023/4/27 20:00,7.03,6.35,45.14
17361,2023/4/27 20:15,6.93,8.26,46.58
17362,2023/4/27 20:30,6.85,9.03,45.94
17363,2023/4/27 20:45,6.78,8.65,46.68
17364,2023/4/27 21:00,6.73,9.8,41.29
17365,2023/4/27 21:15,6.71,5.58,38.54
17366,2023/4/27 21:30,6.69,9.03,39.88
17367,2023/4/27 21:45,6.68,4.82,32.65
17368,2023/4/27 22:00,6.67,6.35,24.61
17369,2023/4/27 22:15,6.67,3.28,1.71
17370,2023/4/27 22:30,6.67,1.75,0
17371,2023/4/27 22:45,6.66,0.99,0
17372,2023/4/27 23:00,6.64,0.99,0
17373,2023/4/27 23:15,6.63,2.52,0
17374,2023/4/27 23:30,6.61,3.28,0
17375,2023/4/27 23:45,6.59,4.43,1.51
17376,2023/4/28 0:00,6.62,4.05,3.75
17377,2023/4/28 0:15,6.6,4.82,5.12
17378,2023/4/28 0:30,6.55,6.73,9.38
17379,2023/4/28 0:45,6.47,6.35,14.93
17380,2023/4/28 1:00,6.36,6.73,16.94
17381,2023/4/28 1:15,6.21,6.73,16.31
17382,2023/4/28 1:30,6.06,7.88,19.65
17383,2023/4/28 1:45,5.91,7.5,15.6
17384,2023/4/28 2:00,5.75,6.73,15.1
17385,2023/4/28 2:15,5.59,5.96,15.67
17386,2023/4/28 2:30,5.43,6.35,17.85
17387,2023/4/28 2:45,5.26,7.5,19.59
17388,2023/4/28 3:00,5.08,4.82,11.59
17389,2023/4/28 3:15,4.9,5.96,16.01
17390,2023/4/28 3:30,4.72,5.96,12.15
17391,2023/4/28 3:45,4.55,5.2,12.05
17392,2023/4/28 4:00,4.39,5.96,15.5
17393,2023/4/28 4:15,4.23,6.73,16.01
17394,2023/4/28 4:30,4.1,5.58,16.57
17395,2023/4/28 4:45,4,5.2,11.18
17396,2023/4/28 5:00,3.93,5.58,11.05
17397,2023/4/28 5:15,3.89,4.43,14.93
17398,2023/4/28 5:30,3.88,4.43,16.88
17399,2023/4/28 5:45,3.88,4.82,17.51
17400,2023/4/28 6:00,4.26,4.05,19.02
17401,2023/4/28 6:15,4.31,3.67,19.62
17402,2023/4/28 6:30,4.38,4.82,23.17
17403,2023/4/28 6:45,4.47,4.05,23.87
17404,2023/4/28 7:00,4.58,2.9,22.84
17405,2023/4/28 7:15,4.7,2.52,20.36
17406,2023/4/28 7:30,4.84,5.96,21.76
17407,2023/4/28 7:45,4.99,5.58,19.55
17408,2023/4/28 8:00,5.14,6.73,16.47
17409,2023/4/28 8:15,5.29,4.82,20.46
17410,2023/4/28 8:30,5.44,7.11,25.65
17411,2023/4/28 8:45,5.59,5.58,7.77
17412,2023/4/28 9:00,5.72,3.67,3.88
17413,2023/4/28 9:15,5.84,3.67,8.54
17414,2023/4/28 9:30,5.96,5.96,8.07
17415,2023/4/28 9:45,6.06,4.05,5.49
17416,2023/4/28 10:00,6.16,4.82,7.7
17417,2023/4/28 10:15,6.25,5.96,8.71
17418,2023/4/28 10:30,6.33,4.05,10.28
17419,2023/4/28 10:45,6.41,5.58,17.34
17420,2023/4/28 11:00,6.49,7.11,20.46
17421,2023/4/28 11:15,6.56,7.5,26.55
17422,2023/4/28 11:30,6.62,9.41,37.2
17423,2023/4/28 11:45,6.68,9.41,38.2
17424,2023/4/28 12:00,6.28,10.94,44.03
17425,2023/4/28 12:15,6.35,8.65,45
17426,2023/4/28 12:30,6.43,8.65,41.39
17427,2023/4/28 12:45,6.52,8.65,43.93
17428,2023/4/28 13:00,6.6,10.18,41.82
17429,2023/4/28 13:15,6.69,7.11,41.22
17430,2023/4/28 13:30,6.78,10.18,39.78
17431,2023/4/28 13:45,6.85,7.5,35.89
17432,2023/4/28 14:00,6.92,4.43,34.35
17433,2023/4/28 14:15,6.99,5.58,38.31
17434,2023/4/28 14:30,7.02,9.41,38.44
17435,2023/4/28 14:45,7.01,9.41,37
17436,2023/4/28 15:00,6.98,9.03,42.42
17437,2023/4/28 15:15,6.93,6.73,41.99
17438,2023/4/28 15:30,6.89,9.41,44.16
17439,2023/4/28 15:45,6.87,7.88,47.75
17440,2023/4/28 16:00,6.87,13.63,48.25
17441,2023/4/28 16:15,6.89,12.09,48.45
17442,2023/4/28 16:30,6.9,10.18,48.22
17443,2023/4/28 16:45,6.9,13.24,48.38
17444,2023/4/28 17:00,6.9,11.71,48.42
17445,2023/4/28 17:15,6.9,11.71,47.68
17446,2023/4/28 17:30,6.9,12.48,48.15
17447,2023/4/28 17:45,6.91,10.56,48.15
17448,2023/4/28 18:00,5.63,12.09,48.22
17449,2023/4/28 18:15,5.64,10.94,48.22
17450,2023/4/28 18:30,5.68,10.94,48.42
17451,2023/4/28 18:45,5.74,13.24,48.28
17452,2023/4/28 19:00,5.82,12.09,44.4
17453,2023/4/28 19:15,5.94,8.26,35.19
17454,2023/4/28 19:30,6.04,7.5,16.04
17455,2023/4/28 19:45,6.14,5.58,15.54
17456,2023/4/28 20:00,6.22,5.96,8.81
17457,2023/4/28 20:15,6.3,6.73,10.61
17458,2023/4/28 20:30,6.37,2.9,11.52
17459,2023/4/28 20:45,6.44,3.28,15.7
17460,2023/4/28 21:00,6.49,3.67,27.82
17461,2023/4/28 21:15,6.53,8.26,29.26
17462,2023/4/28 21:30,6.56,5.96,30.77
17463,2023/4/28 21:45,6.57,5.58,30.27
17464,2023/4/28 22:00,6.56,4.82,28.03
17465,2023/4/28 22:15,6.54,7.5,34.52
17466,2023/4/28 22:30,6.5,9.03,37.6
17467,2023/4/28 22:45,6.44,7.88,27.49
17468,2023/4/28 23:00,6.36,7.88,25.95
17469,2023/4/28 23:15,6.25,8.65,30.44
17470,2023/4/28 23:30,6.14,8.65,29.67
17471,2023/4/28 23:45,6.02,8.65,35.66
17472,2023/4/29 0:00,5.95,7.88,31.74
17473,2023/4/29 0:15,5.8,7.88,33.15
17474,2023/4/29 0:30,5.66,9.03,29.43
17475,2023/4/29 0:45,5.51,7.88,24.84
17476,2023/4/29 1:00,5.36,7.11,26.85
17477,2023/4/29 1:15,5.21,7.88,38.67
17478,2023/4/29 1:30,5.06,8.65,34.96
17479,2023/4/29 1:45,4.92,9.41,28.36
17480,2023/4/29 2:00,4.79,9.03,19.92
17481,2023/4/29 2:15,4.68,6.73,11.52
17482,2023/4/29 2:30,4.58,6.35,8.57
17483,2023/4/29 2:45,4.49,5.2,7.4
17484,2023/4/29 3:00,4.41,5.96,10.71
17485,2023/4/29 3:15,4.35,5.96,9.54
17486,2023/4/29 3:30,4.3,4.82,8.24
17487,2023/4/29 3:45,4.26,5.58,9.01
17488,2023/4/29 4:00,4.23,5.58,14.63
17489,2023/4/29 4:15,4.22,6.73,17.14
17490,2023/4/29 4:30,4.19,6.35,14.53
17491,2023/4/29 4:45,4.16,6.73,12.69
17492,2023/4/29 5:00,4.12,5.58,8.47
17493,2023/4/29 5:15,4.07,5.2,4.29
17494,2023/4/29 5:30,4.01,3.67,1.34
17495,2023/4/29 5:45,3.95,2.14,0
17496,2023/4/29 6:00,3.8,1.37,0
17497,2023/4/29 6:15,3.76,1.37,0
17498,2023/4/29 6:30,3.73,0,0
17499,2023/4/29 6:45,3.69,0,0
17500,2023/4/29 7:00,3.65,0.99,0
17501,2023/4/29 7:15,3.62,1.75,0
17502,2023/4/29 7:30,3.62,1.37,0
17503,2023/4/29 7:45,3.66,0,0
17504,2023/4/29 8:00,3.73,0,0
17505,2023/4/29 8:15,3.85,0,0
17506,2023/4/29 8:30,3.99,0,0
17507,2023/4/29 8:45,4.16,0,0
17508,2023/4/29 9:00,4.36,0.6,0
17509,2023/4/29 9:15,4.58,2.9,0
17510,2023/4/29 9:30,4.83,2.14,0
17511,2023/4/29 9:45,5.09,4.05,0
17512,2023/4/29 10:00,5.36,2.9,0
17513,2023/4/29 10:15,5.64,2.52,0
17514,2023/4/29 10:30,5.93,2.9,0
17515,2023/4/29 10:45,6.21,3.28,3.15
17516,2023/4/29 11:00,6.49,4.43,8.1
17517,2023/4/29 11:15,6.77,4.82,9.51
17518,2023/4/29 11:30,7.04,5.2,10.48
17519,2023/4/29 11:45,7.3,6.35,10.41
17520,2023/4/29 12:00,7.4,6.73,16.17
17521,2023/4/29 12:15,7.67,7.11,25.15
17522,2023/4/29 12:30,7.93,6.73,28.73
17523,2023/4/29 12:45,8.17,8.65,25.75
17524,2023/4/29 13:00,8.39,7.88,24.01
17525,2023/4/29 13:15,8.59,8.65,33.65
17526,2023/4/29 13:30,8.77,7.88,33.75
17527,2023/4/29 13:45,8.94,8.65,26.72
17528,2023/4/29 14:00,9.09,8.26,29.26
17529,2023/4/29 14:15,9.22,8.65,31.61
17530,2023/4/29 14:30,9.33,8.65,35.26
17531,2023/4/29 14:45,9.43,9.41,36.87
17532,2023/4/29 15:00,9.52,9.8,37.87
17533,2023/4/29 15:15,9.59,8.26,41.32
17534,2023/4/29 15:30,9.66,8.65,41.15
17535,2023/4/29 15:45,9.73,9.41,42.96
17536,2023/4/29 16:00,9.8,11.33,48.35
17537,2023/4/29 16:15,9.88,9.03,42.93
17538,2023/4/29 16:30,9.96,10.94,44.3
17539,2023/4/29 16:45,10.04,10.18,44.83
17540,2023/4/29 17:00,10.14,10.56,45.04
17541,2023/4/29 17:15,10.23,9.41,40.21
17542,2023/4/29 17:30,10.34,9.03,38.54
17543,2023/4/29 17:45,10.45,8.26,34.62
17544,2023/4/29 18:00,11.18,7.5,32.71
17545,2023/4/29 18:15,11.29,9.8,39.98
17546,2023/4/29 18:30,11.39,8.65,39.74
17547,2023/4/29 18:45,11.48,9.41,41.29
17548,2023/4/29 19:00,11.56,10.18,41.02
17549,2023/4/29 19:15,11.62,10.18,36.06
17550,2023/4/29 19:30,11.68,5.96,44.83
17551,2023/4/29 19:45,11.73,14.77,48.35
17552,2023/4/29 20:00,11.77,12.86,48.35
17553,2023/4/29 20:15,11.79,7.88,44.9
17554,2023/4/29 20:30,11.81,7.88,44.83
17555,2023/4/29 20:45,11.82,11.33,48.18
17556,2023/4/29 21:00,11.83,9.41,48.25
17557,2023/4/29 21:15,11.83,10.56,48.38
17558,2023/4/29 21:30,11.81,10.18,47.91
17559,2023/4/29 21:45,11.79,9.03,48.25
17560,2023/4/29 22:00,11.76,9.8,48.28
17561,2023/4/29 22:15,11.72,9.8,48.05
17562,2023/4/29 22:30,11.66,9.03,48.32
17563,2023/4/29 22:45,11.6,9.41,44.03
17564,2023/4/29 23:00,11.52,7.88,47.95
17565,2023/4/29 23:15,11.44,10.18,48.12
17566,2023/4/29 23:30,11.34,11.33,48.22
17567,2023/4/29 23:45,11.24,5.96,41.52
17568,2023/4/30 0:00,11.18,7.11,21.19
17569,2023/4/30 0:15,11.06,7.88,30.17
17570,2023/4/30 0:30,10.93,6.73,26.05
17571,2023/4/30 0:45,10.81,5.2,24.07
17572,2023/4/30 1:00,10.67,5.2,19.25
17573,2023/4/30 1:15,10.54,7.5,17.21
17574,2023/4/30 1:30,10.41,6.35,18.05
17575,2023/4/30 1:45,10.28,6.73,17.21
17576,2023/4/30 2:00,10.17,7.11,21.6
17577,2023/4/30 2:15,10.07,6.73,26.72
17578,2023/4/30 2:30,9.97,9.41,36.43
17579,2023/4/30 2:45,9.88,9.41,41.52
17580,2023/4/30 3:00,9.8,8.26,43.46
17581,2023/4/30 3:15,9.72,8.26,42.59
17582,2023/4/30 3:30,9.65,9.8,42.42
17583,2023/4/30 3:45,9.58,9.41,40.58
17584,2023/4/30 4:00,9.52,9.41,40.82
17585,2023/4/30 4:15,9.46,8.26,45.37
17586,2023/4/30 4:30,9.41,6.73,43.03
17587,2023/4/30 4:45,9.35,7.5,41.82
17588,2023/4/30 5:00,9.3,7.88,43.16
17589,2023/4/30 5:15,9.25,7.5,39.34
17590,2023/4/30 5:30,9.2,8.65,42.39
17591,2023/4/30 5:45,9.16,8.65,44.1
17592,2023/4/30 6:00,8.94,9.41,45.47
17593,2023/4/30 6:15,8.93,9.41,45.91
17594,2023/4/30 6:30,8.92,8.26,43.86
17595,2023/4/30 6:45,8.9,10.56,43.53
17596,2023/4/30 7:00,8.89,10.94,42.49
17597,2023/4/30 7:15,8.88,9.8,45.27
17598,2023/4/30 7:30,8.87,10.18,42.46
17599,2023/4/30 7:45,8.86,7.5,39.58
17600,2023/4/30 8:00,8.85,9.03,38.74
17601,2023/4/30 8:15,8.84,7.5,36.73
17602,2023/4/30 8:30,8.82,9.8,38.24
17603,2023/4/30 8:45,8.8,9.8,38.77
17604,2023/4/30 9:00,8.78,8.26,38.57
17605,2023/4/30 9:15,8.76,5.96,38.37
17606,2023/4/30 9:30,8.75,6.73,33.08
17607,2023/4/30 9:45,8.73,6.73,37.2
17608,2023/4/30 10:00,8.72,6.73,39.21
17609,2023/4/30 10:15,8.71,8.26,38.94
17610,2023/4/30 10:30,8.7,9.03,33.62
17611,2023/4/30 10:45,8.69,8.65,34.49
17612,2023/4/30 11:00,8.69,9.03,32.38
17613,2023/4/30 11:15,8.68,7.88,33.15
17614,2023/4/30 11:30,8.67,6.35,35.69
17615,2023/4/30 11:45,8.65,9.03,30.97
17616,2023/4/30 12:00,8.7,7.88,36.13
17617,2023/4/30 12:15,8.67,7.5,29.43
17618,2023/4/30 12:30,8.65,6.35,25.68
17619,2023/4/30 12:45,8.61,8.65,24.98
17620,2023/4/30 13:00,8.58,6.73,22.47
17621,2023/4/30 13:15,8.54,7.5,27.79
17622,2023/4/30 13:30,8.5,7.11,23.84
17623,2023/4/30 13:45,8.45,8.26,27.99
17624,2023/4/30 14:00,8.4,7.5,21.56
17625,2023/4/30 14:15,8.35,7.88,23.47
17626,2023/4/30 14:30,8.29,5.58,24.01
17627,2023/4/30 14:45,8.23,7.11,21.83
17628,2023/4/30 15:00,8.16,5.96,17.38
17629,2023/4/30 15:15,8.09,7.88,18.48
17630,2023/4/30 15:30,8.01,4.82,13.26
17631,2023/4/30 15:45,7.93,4.43,10.38
17632,2023/4/30 16:00,7.84,5.96,12.22
17633,2023/4/30 16:15,7.74,6.73,16.71
17634,2023/4/30 16:30,7.62,5.96,21.7
17635,2023/4/30 16:45,7.49,3.28,19.35
17636,2023/4/30 17:00,7.34,4.82,6.56
17637,2023/4/30 17:15,7.18,3.67,5.12
17638,2023/4/30 17:30,6.99,5.2,5.49
17639,2023/4/30 17:45,6.78,7.88,12.49
17640,2023/4/30 18:00,6.38,5.96,11.79
17641,2023/4/30 18:15,6.15,4.05,4.69
17642,2023/4/30 18:30,5.94,3.28,1.14
17643,2023/4/30 18:45,5.73,2.14,0
17644,2023/4/30 19:00,5.53,1.37,0
17645,2023/4/30 19:15,5.34,1.75,0
17646,2023/4/30 19:30,5.15,2.9,0
17647,2023/4/30 19:45,4.95,3.28,0
17648,2023/4/30 20:00,4.76,2.52,0
17649,2023/4/30 20:15,4.58,2.9,0
17650,2023/4/30 20:30,4.4,2.52,0
17651,2023/4/30 20:45,4.24,2.14,0
17652,2023/4/30 21:00,4.09,0.99,0
17653,2023/4/30 21:15,3.97,0,0
17654,2023/4/30 21:30,3.89,0,0
17655,2023/4/30 21:45,3.84,0,0
17656,2023/4/30 22:00,3.83,1.37,0
17657,2023/4/30 22:15,3.86,2.14,0
17658,2023/4/30 22:30,3.91,2.52,0
17659,2023/4/30 22:45,3.98,2.9,0
17660,2023/4/30 23:00,4.06,2.9,0
17661,2023/4/30 23:15,4.15,3.67,0
17662,2023/4/30 23:30,4.26,3.28,0.33
17663,2023/4/30 23:45,4.39,4.05,0.84
17664,2023/5/1 0:00,4.55,4.05,0.97
17665,2023/5/1 0:15,4.73,4.82,4.25
17666,2023/5/1 0:30,4.91,5.58,9.71
17667,2023/5/1 0:45,5.09,5.58,12.02
17668,2023/5/1 1:00,5.26,5.2,15.13
17669,2023/5/1 1:15,5.44,5.58,18.48
17670,2023/5/1 1:30,5.6,5.96,21.06
17671,2023/5/1 1:45,5.74,5.96,19.09
17672,2023/5/1 2:00,5.87,5.2,21.19
17673,2023/5/1 2:15,5.97,5.2,22.03
17674,2023/5/1 2:30,6.06,5.2,20.49
17675,2023/5/1 2:45,6.13,4.82,18.95
17676,2023/5/1 3:00,6.18,5.58,17.81
17677,2023/5/1 3:15,6.2,5.2,15.1
17678,2023/5/1 3:30,6.21,5.96,17.24
17679,2023/5/1 3:45,6.18,5.96,18.62
17680,2023/5/1 4:00,6.14,5.96,18.99
17681,2023/5/1 4:15,6.06,7.11,18.11
17682,2023/5/1 4:30,5.98,7.11,17.81
17683,2023/5/1 4:45,5.88,6.73,16.51
17684,2023/5/1 5:00,5.78,7.11,17.58
17685,2023/5/1 5:15,5.66,7.11,18.45
17686,2023/5/1 5:30,5.54,6.35,17.58
17687,2023/5/1 5:45,5.42,6.73,15.4
17688,2023/5/1 6:00,4.23,5.96,12.22
17689,2023/5/1 6:15,4.12,4.82,9.31
17690,2023/5/1 6:30,4.03,4.43,7.67
17691,2023/5/1 6:45,3.95,3.67,6.46
17692,2023/5/1 7:00,3.9,3.67,5.86
17693,2023/5/1 7:15,3.86,3.67,3.65
17694,2023/5/1 7:30,3.84,3.67,2.08
17695,2023/5/1 7:45,3.83,2.9,0.3
17696,2023/5/1 8:00,3.85,2.52,0
17697,2023/5/1 8:15,3.88,0.99,0
17698,2023/5/1 8:30,3.92,1.37,0
17699,2023/5/1 8:45,3.97,1.75,0
17700,2023/5/1 9:00,4.03,2.14,0
17701,2023/5/1 9:15,4.11,3.28,0
17702,2023/5/1 9:30,4.2,3.67,0
17703,2023/5/1 9:45,4.3,3.28,1.1
17704,2023/5/1 10:00,4.43,3.67,0.8
17705,2023/5/1 10:15,4.57,1.37,0.8
17706,2023/5/1 10:30,4.7,3.67,0.3
17707,2023/5/1 10:45,4.84,4.05,3.68
17708,2023/5/1 11:00,4.97,3.67,4.22
17709,2023/5/1 11:15,5.09,4.05,5.56
17710,2023/5/1 11:30,5.22,4.05,5.56
17711,2023/5/1 11:45,5.34,4.82,6.96
17712,2023/5/1 12:00,5.54,6.73,9.34
17713,2023/5/1 12:15,5.67,5.96,19.69
17714,2023/5/1 12:30,5.8,5.58,14.3
17715,2023/5/1 12:45,5.95,5.96,20.36
17716,2023/5/1 13:00,6.1,8.65,21.33
17717,2023/5/1 13:15,6.25,6.35,24.24
17718,2023/5/1 13:30,6.4,7.88,20.76
17719,2023/5/1 13:45,6.55,7.88,28.96
17720,2023/5/1 14:00,6.69,7.11,24.74
17721,2023/5/1 14:15,6.83,7.11,28.33
17722,2023/5/1 14:30,6.97,6.73,29.8
17723,2023/5/1 14:45,7.1,9.8,30.7
17724,2023/5/1 15:00,7.23,7.5,28.8
17725,2023/5/1 15:15,7.37,7.5,32.34
17726,2023/5/1 15:30,7.5,7.88,33.32
17727,2023/5/1 15:45,7.64,8.26,32.91
17728,2023/5/1 16:00,7.78,8.65,35.16
17729,2023/5/1 16:15,7.92,9.41,40.35
17730,2023/5/1 16:30,8.06,8.65,37.4
17731,2023/5/1 16:45,8.2,10.18,39.14
17732,2023/5/1 17:00,8.35,9.8,39.14
17733,2023/5/1 17:15,8.5,8.65,37.64
17734,2023/5/1 17:30,8.65,7.88,37.57
17735,2023/5/1 17:45,8.82,7.11,36.73
17736,2023/5/1 18:00,8.93,9.41,35.76
17737,2023/5/1 18:15,9.1,7.88,30.44
17738,2023/5/1 18:30,9.26,9.41,41.18
17739,2023/5/1 18:45,9.43,8.26,39.68
17740,2023/5/1 19:00,9.6,9.03,42.56
17741,2023/5/1 19:15,9.76,6.35,41.18
17742,2023/5/1 19:30,9.92,10.56,44.93
17743,2023/5/1 19:45,10.08,9.03,44.87
17744,2023/5/1 20:00,10.23,7.5,40.21
17745,2023/5/1 20:15,10.38,7.11,41.85
17746,2023/5/1 20:30,10.53,8.65,46.24
17747,2023/5/1 20:45,10.66,8.65,47.21
17748,2023/5/1 21:00,10.79,9.03,48.25
17749,2023/5/1 21:15,10.91,9.41,48.28
17750,2023/5/1 21:30,11.02,9.41,48.32
17751,2023/5/1 21:45,11.13,9.03,48.38
17752,2023/5/1 22:00,11.24,10.18,48.45
17753,2023/5/1 22:15,11.34,10.94,48.25
17754,2023/5/1 22:30,11.45,10.94,48.18
17755,2023/5/1 22:45,11.57,10.94,48.28
17756,2023/5/1 23:00,11.69,11.33,48.35
17757,2023/5/1 23:15,11.82,9.03,48.32
17758,2023/5/1 23:30,11.96,10.18,48.25
17759,2023/5/1 23:45,12.1,10.94,48.48
17760,2023/5/2 0:00,12.17,12.86,48.32
17761,2023/5/2 0:15,12.33,12.48,48.32
17762,2023/5/2 0:30,12.49,12.09,48.35
17763,2023/5/2 0:45,12.65,12.09,48.25
17764,2023/5/2 1:00,12.82,10.94,48.18
17765,2023/5/2 1:15,12.99,12.48,48.12
17766,2023/5/2 1:30,13.16,14.01,48.12
17767,2023/5/2 1:45,13.32,11.71,47.95
17768,2023/5/2 2:00,13.49,12.86,48.22
17769,2023/5/2 2:15,13.65,14.77,47.85
17770,2023/5/2 2:30,13.81,15.16,47.98
17771,2023/5/2 2:45,13.96,12.48,48.35
17772,2023/5/2 3:00,14.11,11.33,48.22
17773,2023/5/2 3:15,14.25,12.09,48.22
17774,2023/5/2 3:30,14.38,16.31,47.95
17775,2023/5/2 3:45,14.5,14.77,23.87
17776,2023/5/2 4:00,14.61,14.77,24.04
17777,2023/5/2 4:15,14.71,12.09,24.07
17778,2023/5/2 4:30,14.8,13.63,24.11
17779,2023/5/2 4:45,14.88,13.63,24.28
17780,2023/5/2 5:00,14.97,13.24,24.34
17781,2023/5/2 5:15,15.04,12.09,24.04
17782,2023/5/2 5:30,15.11,10.94,24.01
17783,2023/5/2 5:45,15.18,11.33,24.21
17784,2023/5/2 6:00,14.81,11.71,24.04
17785,2023/5/2 6:15,14.83,10.18,24.31
17786,2023/5/2 6:30,14.86,12.48,24.14
17787,2023/5/2 6:45,14.9,12.48,24.14
17788,2023/5/2 7:00,14.95,11.33,24.14
17789,2023/5/2 7:15,14.99,12.09,27.99
17790,2023/5/2 7:30,15.06,13.63,48.38
17791,2023/5/2 7:45,15.13,13.63,48.55
17792,2023/5/2 8:00,15.22,14.39,48.28
17793,2023/5/2 8:15,15.31,18.99,48.08
17794,2023/5/2 8:30,15.42,18.6,48.05
17795,2023/5/2 8:45,15.54,19.37,48.12
17796,2023/5/2 9:00,15.68,20.52,48.45
17797,2023/5/2 9:15,15.82,18.99,48.28
17798,2023/5/2 9:30,15.97,17.84,48.35
17799,2023/5/2 9:45,16.13,17.84,48.38
17800,2023/5/2 10:00,16.29,15.92,48.52
17801,2023/5/2 10:15,16.46,17.84,48.28
17802,2023/5/2 10:30,16.62,16.31,48.28
17803,2023/5/2 10:45,16.77,17.84,48.35
17804,2023/5/2 11:00,16.92,16.69,48.12
17805,2023/5/2 11:15,17.07,18.22,47.91
17806,2023/5/2 11:30,17.21,15.54,48.05
17807,2023/5/2 11:45,17.35,19.37,48.22
17808,2023/5/2 12:00,17.43,12.86,48.25
17809,2023/5/2 12:15,17.55,18.6,48.15
17810,2023/5/2 12:30,17.66,17.84,48.15
17811,2023/5/2 12:45,17.75,17.84,46.64
17812,2023/5/2 13:00,17.83,19.75,35.69
17813,2023/5/2 13:15,17.9,17.45,44.03
17814,2023/5/2 13:30,17.97,16.69,26.45
17815,2023/5/2 13:45,18.04,22.43,32.11
17816,2023/5/2 14:00,18.11,24.35,31.91
17817,2023/5/2 14:15,18.18,22.05,29.8
17818,2023/5/2 14:30,18.26,24.73,32.41
17819,2023/5/2 14:45,18.33,23.58,39.58
17820,2023/5/2 15:00,18.4,14.39,47.68
17821,2023/5/2 15:15,18.47,15.92,32.28
17822,2023/5/2 15:30,18.55,18.99,40.58
17823,2023/5/2 15:45,18.62,17.45,27.19
17824,2023/5/2 16:00,18.68,24.73,34.79
17825,2023/5/2 16:15,18.74,15.16,28.53
17826,2023/5/2 16:30,18.79,21.28,20.16
17827,2023/5/2 16:45,18.85,25.11,29.87
17828,2023/5/2 17:00,18.9,25.5,30.8
17829,2023/5/2 17:15,18.94,21.67,26.69
17830,2023/5/2 17:30,19,22.82,30.1
17831,2023/5/2 17:45,19.06,20.9,28.49
17832,2023/5/2 18:00,19.86,18.6,39.48
17833,2023/5/2 18:15,19.93,20.14,29.1
17834,2023/5/2 18:30,19.99,20.52,36.4
17835,2023/5/2 18:45,20.05,17.45,33.12
17836,2023/5/2 19:00,20.09,18.99,34.55
17837,2023/5/2 19:15,20.14,22.82,41.49
17838,2023/5/2 19:30,20.18,23.2,42.22
17839,2023/5/2 19:45,20.21,20.52,22
17840,2023/5/2 20:00,20.23,23.58,7.47
17841,2023/5/2 20:15,20.24,18.22,18.95
17842,2023/5/2 20:30,20.24,25.88,21.56
17843,2023/5/2 20:45,20.24,26.26,28.56
17844,2023/5/2 21:00,20.22,19.37,40.78
17845,2023/5/2 21:15,20.19,18.6,41.12
17846,2023/5/2 21:30,20.15,19.75,42.12
17847,2023/5/2 21:45,20.09,23.58,39.81
17848,2023/5/2 22:00,20.02,18.99,42.99
17849,2023/5/2 22:15,19.93,20.14,39.64
17850,2023/5/2 22:30,19.84,20.9,43.09
17851,2023/5/2 22:45,19.72,18.22,29.47
17852,2023/5/2 23:00,19.59,18.6,28.9
17853,2023/5/2 23:15,19.43,23.58,39.81
17854,2023/5/2 23:30,19.26,24.35,46.54
17855,2023/5/2 23:45,19.07,20.9,44.9
17856,2023/5/3 0:00,18.59,19.75,42.86
17857,2023/5/3 0:15,18.36,17.07,46.47
17858,2023/5/3 0:30,18.12,23.2,46.64
17859,2023/5/3 0:45,17.86,20.52,44.67
17860,2023/5/3 1:00,17.59,20.9,42.69
17861,2023/5/3 1:15,17.3,20.52,45.2
17862,2023/5/3 1:30,17,20.9,46.51
17863,2023/5/3 1:45,16.7,18.99,48.52
17864,2023/5/3 2:00,16.39,15.54,48.32
17865,2023/5/3 2:15,16.07,18.6,48.38
17866,2023/5/3 2:30,15.75,17.07,48.45
17867,2023/5/3 2:45,15.43,15.54,48.58
17868,2023/5/3 3:00,15.1,18.22,48.22
17869,2023/5/3 3:15,14.78,16.69,48.12
17870,2023/5/3 3:30,14.45,17.84,47.88
17871,2023/5/3 3:45,14.13,15.92,48.02
17872,2023/5/3 4:00,13.81,14.39,48.28
17873,2023/5/3 4:15,13.49,14.77,48.08
17874,2023/5/3 4:30,13.16,13.24,48.18
17875,2023/5/3 4:45,12.84,14.39,48.08
17876,2023/5/3 5:00,12.52,12.48,48.05
17877,2023/5/3 5:15,12.19,12.86,48.25
17878,2023/5/3 5:30,11.85,13.24,48.28
17879,2023/5/3 5:45,11.51,13.24,48.25
17880,2023/5/3 6:00,10.91,11.71,48.25
17881,2023/5/3 6:15,10.44,11.33,47.14
17882,2023/5/3 6:30,9.98,10.18,47.31
17883,2023/5/3 6:45,9.52,10.18,43.09
17884,2023/5/3 7:00,9.07,9.41,41.12
17885,2023/5/3 7:15,8.62,9.03,38.51
17886,2023/5/3 7:30,8.19,10.18,42.26
17887,2023/5/3 7:45,7.76,10.18,41.22
17888,2023/5/3 8:00,7.34,9.41,36.23
17889,2023/5/3 8:15,6.93,7.88,33.99
17890,2023/5/3 8:30,6.54,8.65,28.86
17891,2023/5/3 8:45,6.16,6.73,18.38
17892,2023/5/3 9:00,5.8,5.96,16.84
17893,2023/5/3 9:15,5.46,5.58,13.36
17894,2023/5/3 9:30,5.14,5.58,7.6
17895,2023/5/3 9:45,4.86,4.82,6.83
17896,2023/5/3 10:00,4.61,5.2,6.93
17897,2023/5/3 10:15,4.38,2.9,2.04
17898,2023/5/3 10:30,4.18,2.52,0.5
17899,2023/5/3 10:45,3.99,3.67,0
17900,2023/5/3 11:00,3.81,3.67,0
17901,2023/5/3 11:15,3.65,0,0
17902,2023/5/3 11:30,3.51,4.82,0
17903,2023/5/3 11:45,3.39,4.05,0.27
17904,2023/5/3 12:00,3.29,3.28,0
17905,2023/5/3 12:15,3.18,4.05,0
17906,2023/5/3 12:30,3.11,3.67,1.71
17907,2023/5/3 12:45,3.07,2.52,1.91
17908,2023/5/3 13:00,3.05,5.2,5.02
17909,2023/5/3 13:15,3.06,3.28,6.03
17910,2023/5/3 13:30,3.08,4.82,7
17911,2023/5/3 13:45,3.11,5.58,11.59
17912,2023/5/3 14:00,3.16,3.28,4.52
17913,2023/5/3 14:15,3.22,3.28,3.15
17914,2023/5/3 14:30,3.3,4.82,3.35
17915,2023/5/3 14:45,3.4,3.28,1.77
17916,2023/5/3 15:00,3.51,4.82,4.19
17917,2023/5/3 15:15,3.65,3.67,1.14
17918,2023/5/3 15:30,3.81,2.9,0.13
17919,2023/5/3 15:45,3.99,2.52,0.84
17920,2023/5/3 16:00,4.21,6.35,7.37
17921,2023/5/3 16:15,4.46,5.2,6.16
17922,2023/5/3 16:30,4.72,4.82,6.53
17923,2023/5/3 16:45,5,4.43,6.4
17924,2023/5/3 17:00,5.29,4.43,4.52
17925,2023/5/3 17:15,5.59,4.82,4.29
17926,2023/5/3 17:30,5.89,4.43,4.72
17927,2023/5/3 17:45,6.19,4.82,11.79
17928,2023/5/3 18:00,6.34,3.28,16.61
17929,2023/5/3 18:15,6.57,5.96,14.97
17930,2023/5/3 18:30,6.8,5.96,11.89
17931,2023/5/3 18:45,7.02,5.2,11.05
17932,2023/5/3 19:00,7.23,5.58,11.89
17933,2023/5/3 19:15,7.45,5.58,11.25
17934,2023/5/3 19:30,7.64,5.58,13.16
17935,2023/5/3 19:45,7.79,3.28,26.55
17936,2023/5/3 20:00,7.91,4.82,37.94
17937,2023/5/3 20:15,8,9.8,37.64
17938,2023/5/3 20:30,8.04,9.41,38.14
17939,2023/5/3 20:45,8.04,9.8,40.25
17940,2023/5/3 21:00,8.01,9.03,33.92
17941,2023/5/3 21:15,7.95,8.65,27.46
17942,2023/5/3 21:30,7.88,7.5,20.76
17943,2023/5/3 21:45,7.79,7.11,18.08
17944,2023/5/3 22:00,7.68,6.73,14.63
17945,2023/5/3 22:15,7.57,5.96,15.57
17946,2023/5/3 22:30,7.45,6.73,10.82
17947,2023/5/3 22:45,7.32,5.58,9.14
17948,2023/5/3 23:00,7.19,4.82,5.86
17949,2023/5/3 23:15,7.04,4.43,6.16
17950,2023/5/3 23:30,6.88,5.2,4.79
17951,2023/5/3 23:45,6.72,3.28,3.92
17952,2023/5/4 0:00,6.44,3.67,2.28
17953,2023/5/4 0:15,6.28,4.43,5.39
17954,2023/5/4 0:30,6.14,5.58,5.49
17955,2023/5/4 0:45,6,5.58,5.42
17956,2023/5/4 1:00,5.87,3.67,4.29
17957,2023/5/4 1:15,5.75,4.82,4.89
17958,2023/5/4 1:30,5.64,4.05,1.31
17959,2023/5/4 1:45,5.54,3.28,0
17960,2023/5/4 2:00,5.46,2.9,0
17961,2023/5/4 2:15,5.39,4.05,0
17962,2023/5/4 2:30,5.32,5.58,3.25
17963,2023/5/4 2:45,5.27,4.82,2.68
17964,2023/5/4 3:00,5.24,5.2,3.98
17965,2023/5/4 3:15,5.21,6.73,7.57
17966,2023/5/4 3:30,5.2,6.35,6.56
17967,2023/5/4 3:45,5.19,4.82,4.25
17968,2023/5/4 4:00,5.19,3.67,3.85
17969,2023/5/4 4:15,5.2,6.35,5.79
17970,2023/5/4 4:30,5.22,5.96,3.72
17971,2023/5/4 4:45,5.24,5.96,3.85
17972,2023/5/4 5:00,5.27,6.35,9.88
17973,2023/5/4 5:15,5.31,6.73,26.85
17974,2023/5/4 5:30,5.35,2.52,32.91
17975,2023/5/4 5:45,5.39,3.28,35.22
17976,2023/5/4 6:00,4.68,7.5,33.82
17977,2023/5/4 6:15,4.73,8.65,29.6
17978,2023/5/4 6:30,4.79,7.5,25.25
17979,2023/5/4 6:45,4.86,6.35,18.08
17980,2023/5/4 7:00,4.93,7.5,19.35
17981,2023/5/4 7:15,5.01,7.5,24.21
17982,2023/5/4 7:30,5.07,8.26,25.25
17983,2023/5/4 7:45,5.13,7.5,26.89
17984,2023/5/4 8:00,5.18,7.5,19.12
17985,2023/5/4 8:15,5.23,7.11,19.96
17986,2023/5/4 8:30,5.27,6.73,25.65
17987,2023/5/4 8:45,5.31,5.96,22
17988,2023/5/4 9:00,5.34,7.11,21.23
17989,2023/5/4 9:15,5.38,5.96,17.38
17990,2023/5/4 9:30,5.41,5.96,17.65
17991,2023/5/4 9:45,5.44,6.73,20.19
17992,2023/5/4 10:00,5.48,5.96,22.57
17993,2023/5/4 10:15,5.51,7.88,26.79
17994,2023/5/4 10:30,5.55,7.11,22.94
17995,2023/5/4 10:45,5.58,6.35,17.14
17996,2023/5/4 11:00,5.61,4.82,9.84
17997,2023/5/4 11:15,5.63,5.96,5.52
17998,2023/5/4 11:30,5.65,4.05,5.66
17999,2023/5/4 11:45,5.68,3.67,2.41
18000,2023/5/4 12:00,5.74,2.52,2.04
18001,2023/5/4 12:15,5.75,5.2,2.85
18002,2023/5/4 12:30,5.77,5.2,11.72
18003,2023/5/4 12:45,5.8,5.96,11.69
18004,2023/5/4 13:00,5.84,6.73,10.51
18005,2023/5/4 13:15,5.89,5.58,11.32
18006,2023/5/4 13:30,5.95,6.35,13.63
18007,2023/5/4 13:45,6.03,6.73,15.4
18008,2023/5/4 14:00,6.12,5.58,14.9
18009,2023/5/4 14:15,6.22,4.43,12.69
18010,2023/5/4 14:30,6.33,5.96,13.26
18011,2023/5/4 14:45,6.45,6.35,13.66
18012,2023/5/4 15:00,6.58,5.58,13.56
18013,2023/5/4 15:15,6.72,6.73,16.84
18014,2023/5/4 15:30,6.87,7.5,17.51
18015,2023/5/4 15:45,7.01,5.96,14.16
18016,2023/5/4 16:00,7.15,5.96,12.72
18017,2023/5/4 16:15,7.29,6.73,8.24
18018,2023/5/4 16:30,7.42,4.43,5.59
18019,2023/5/4 16:45,7.55,4.05,4.72
18020,2023/5/4 17:00,7.67,6.35,14.06
18021,2023/5/4 17:15,7.77,7.11,22.2
18022,2023/5/4 17:30,7.85,8.26,27.82
18023,2023/5/4 17:45,7.92,7.11,28.96
18024,2023/5/4 18:00,7.49,6.35,28.23
18025,2023/5/4 18:15,7.56,3.67,24.34
18026,2023/5/4 18:30,7.62,3.67,19.55
18027,2023/5/4 18:45,7.67,4.43,19.25
18028,2023/5/4 19:00,7.72,4.05,15.54
18029,2023/5/4 19:15,7.75,2.52,17.21
18030,2023/5/4 19:30,7.78,2.14,14.7
18031,2023/5/4 19:45,7.81,6.35,13.36
18032,2023/5/4 20:00,7.84,6.73,12.62
18033,2023/5/4 20:15,7.87,4.43,13.69
18034,2023/5/4 20:30,7.89,3.67,13.19
18035,2023/5/4 20:45,7.91,3.28,15.67
18036,2023/5/4 21:00,7.93,5.58,19.86
18037,2023/5/4 21:15,7.95,8.26,30.94
18038,2023/5/4 21:30,7.96,5.2,38.57
18039,2023/5/4 21:45,7.97,5.58,38.64
18040,2023/5/4 22:00,7.96,5.96,43.13
18041,2023/5/4 22:15,7.95,3.67,40.95
18042,2023/5/4 22:30,7.94,10.56,47.98
18043,2023/5/4 22:45,7.92,7.5,44.5
18044,2023/5/4 23:00,7.9,9.03,46.11
18045,2023/5/4 23:15,7.88,9.41,46.24
18046,2023/5/4 23:30,7.86,10.18,46.58
18047,2023/5/4 23:45,7.83,8.65,45.07
18048,2023/5/5 0:00,7.74,9.41,45.7
18049,2023/5/5 0:15,7.7,5.2,40.72
18050,2023/5/5 0:30,7.67,3.67,40.98
18051,2023/5/5 0:45,7.63,3.67,35.29
18052,2023/5/5 1:00,7.59,5.58,25.78
18053,2023/5/5 1:15,7.55,5.58,22.2
18054,2023/5/5 1:30,7.52,7.11,23.91
18055,2023/5/5 1:45,7.5,3.28,19.72
18056,2023/5/5 2:00,7.48,5.58,27.02
18057,2023/5/5 2:15,7.48,2.52,35.83
18058,2023/5/5 2:30,7.48,5.2,37.97
18059,2023/5/5 2:45,7.49,3.67,40.55
18060,2023/5/5 3:00,7.5,2.9,36.13
18061,2023/5/5 3:15,7.52,3.28,34.59
18062,2023/5/5 3:30,7.55,3.67,36.36
18063,2023/5/5 3:45,7.58,2.9,36.1
18064,2023/5/5 4:00,7.61,4.05,38.61
18065,2023/5/5 4:15,7.65,4.05,34.82
18066,2023/5/5 4:30,7.69,5.58,31.71
18067,2023/5/5 4:45,7.75,6.73,30.24
18068,2023/5/5 5:00,7.81,6.35,33.22
18069,2023/5/5 5:15,7.88,3.67,39.98
18070,2023/5/5 5:30,7.96,4.05,39.38
18071,2023/5/5 5:45,8.04,4.82,36.2
18072,2023/5/5 6:00,8.1,4.82,36.6
18073,2023/5/5 6:15,8.17,7.5,42.89
18074,2023/5/5 6:30,8.26,9.41,41.45
18075,2023/5/5 6:45,8.36,8.65,38.81
18076,2023/5/5 7:00,8.47,9.41,42.06
18077,2023/5/5 7:15,8.59,8.65,36.2
18078,2023/5/5 7:30,8.71,9.03,33.65
18079,2023/5/5 7:45,8.84,7.5,35.36
18080,2023/5/5 8:00,8.97,9.03,38.44
18081,2023/5/5 8:15,9.1,7.11,39.91
18082,2023/5/5 8:30,9.24,9.41,40.75
18083,2023/5/5 8:45,9.37,9.03,41.35
18084,2023/5/5 9:00,9.5,10.18,43.33
18085,2023/5/5 9:15,9.62,10.56,48.22
18086,2023/5/5 9:30,9.73,11.33,47.51
18087,2023/5/5 9:45,9.83,12.86,48.32
18088,2023/5/5 10:00,9.92,10.94,47.48
18089,2023/5/5 10:15,10,10.18,46.04
18090,2023/5/5 10:30,10.06,11.71,46.44
18091,2023/5/5 10:45,10.11,12.48,48.25
18092,2023/5/5 11:00,10.14,13.63,48.38
18093,2023/5/5 11:15,10.17,14.01,48.18
18094,2023/5/5 11:30,10.18,13.63,48.28
18095,2023/5/5 11:45,10.18,11.71,48.32
18096,2023/5/5 12:00,10.11,12.09,48.25
18097,2023/5/5 12:15,10.09,9.03,48.38
18098,2023/5/5 12:30,10.07,11.33,46.78
18099,2023/5/5 12:45,10.04,11.71,47.91
18100,2023/5/5 13:00,10.01,10.56,47.04
18101,2023/5/5 13:15,9.98,9.41,45.77
18102,2023/5/5 13:30,9.95,10.94,45.27
18103,2023/5/5 13:45,9.91,10.18,42.32
18104,2023/5/5 14:00,9.88,7.5,41.59
18105,2023/5/5 14:15,9.84,9.03,41.82
18106,2023/5/5 14:30,9.81,8.26,40.35
18107,2023/5/5 14:45,9.77,11.71,48.48
18108,2023/5/5 15:00,9.73,8.26,46.51
18109,2023/5/5 15:15,9.69,12.48,46.47
18110,2023/5/5 15:30,9.65,12.09,48.35
18111,2023/5/5 15:45,9.61,9.41,48.35
18112,2023/5/5 16:00,9.57,8.26,48.32
18113,2023/5/5 16:15,9.53,13.24,48.42
18114,2023/5/5 16:30,9.49,8.26,47.08
18115,2023/5/5 16:45,9.44,6.35,47.95
18116,2023/5/5 17:00,9.38,7.5,47.65
18117,2023/5/5 17:15,9.33,7.88,48.12
18118,2023/5/5 17:30,9.27,11.33,48.15
18119,2023/5/5 17:45,9.2,8.65,46.11
18120,2023/5/5 18:00,9.14,7.88,40.68
18121,2023/5/5 18:15,9.07,8.26,40.05
18122,2023/5/5 18:30,8.99,8.65,43.86
18123,2023/5/5 18:45,8.91,9.8,45.07
18124,2023/5/5 19:00,8.83,9.41,42.52
18125,2023/5/5 19:15,8.74,7.11,42.12
18126,2023/5/5 19:30,8.65,5.96,37.8
18127,2023/5/5 19:45,8.56,1.75,33.38
18128,2023/5/5 20:00,8.46,4.82,43.56
18129,2023/5/5 20:15,8.37,6.73,44.23
18130,2023/5/5 20:30,8.27,8.26,47.01
18131,2023/5/5 20:45,8.17,10.18,48.02
18132,2023/5/5 21:00,8.06,9.41,48.02
18133,2023/5/5 21:15,7.96,9.41,46.11
18134,2023/5/5 21:30,7.85,8.65,43.56
18135,2023/5/5 21:45,7.74,8.65,42.79
18136,2023/5/5 22:00,7.63,7.5,39.71
18137,2023/5/5 22:15,7.52,8.65,37.03
18138,2023/5/5 22:30,7.41,5.96,35.19
18139,2023/5/5 22:45,7.31,7.5,36.33
18140,2023/5/5 23:00,7.21,7.88,37.33
18141,2023/5/5 23:15,7.11,8.65,38.61
18142,2023/5/5 23:30,7,9.03,40.88
18143,2023/5/5 23:45,6.9,9.41,44.2
18144,2023/5/6 0:00,8.18,8.65,41.59
18145,2023/5/6 0:15,8.08,7.11,29.13
18146,2023/5/6 0:30,7.96,7.5,25.88
18147,2023/5/6 0:45,7.84,5.58,24.44
18148,2023/5/6 1:00,7.71,4.82,18.58
18149,2023/5/6 1:15,7.57,4.43,17.38
18150,2023/5/6 1:30,7.43,5.2,19.99
18151,2023/5/6 1:45,7.29,7.88,23.24
18152,2023/5/6 2:00,7.15,6.35,27.36
18153,2023/5/6 2:15,7.01,4.82,33.62
18154,2023/5/6 2:30,6.87,5.2,36.73
18155,2023/5/6 2:45,6.73,9.03,39.01
18156,2023/5/6 3:00,6.6,10.18,36.6
18157,2023/5/6 3:15,6.47,9.03,33.18
18158,2023/5/6 3:30,6.34,7.88,29.63
18159,2023/5/6 3:45,6.2,5.96,27.39
18160,2023/5/6 4:00,6.07,5.58,27.86
18161,2023/5/6 4:15,5.93,3.28,26.89
18162,2023/5/6 4:30,5.79,4.05,26.62
18163,2023/5/6 4:45,5.64,4.05,27.16
18164,2023/5/6 5:00,5.49,3.28,22.74
18165,2023/5/6 5:15,5.33,5.58,23.17
18166,2023/5/6 5:30,5.17,7.88,19.99
18167,2023/5/6 5:45,5.01,4.82,17.18
18168,2023/5/6 6:00,4.71,5.58,16.47
18169,2023/5/6 6:15,4.53,4.43,14.16
18170,2023/5/6 6:30,4.36,2.9,10.65
18171,2023/5/6 6:45,4.18,4.05,8.1
18172,2023/5/6 7:00,4.01,4.43,6.9
18173,2023/5/6 7:15,3.84,5.2,4.96
18174,2023/5/6 7:30,3.68,3.67,4.02
18175,2023/5/6 7:45,3.54,3.28,4.45
18176,2023/5/6 8:00,3.41,3.28,3.52
18177,2023/5/6 8:15,3.3,3.67,2.88
18178,2023/5/6 8:30,3.2,3.28,2.24
18179,2023/5/6 8:45,3.13,1.75,0.84
18180,2023/5/6 9:00,3.07,3.28,0.13
18181,2023/5/6 9:15,3.02,3.67,0.17
18182,2023/5/6 9:30,2.99,3.28,0
18183,2023/5/6 9:45,2.99,5.2,0.5
18184,2023/5/6 10:00,3,4.05,0
18185,2023/5/6 10:15,3.03,2.52,0.1
18186,2023/5/6 10:30,3.07,0.99,0
18187,2023/5/6 10:45,3.12,4.43,1.17
18188,2023/5/6 11:00,3.19,4.05,1.91
18189,2023/5/6 11:15,3.27,5.2,3.15
18190,2023/5/6 11:30,3.37,3.67,4.65
18191,2023/5/6 11:45,3.47,5.2,5.96
18192,2023/5/6 12:00,3.55,4.43,5.09
18193,2023/5/6 12:15,3.67,5.58,6.53
18194,2023/5/6 12:30,3.78,4.43,5.46
18195,2023/5/6 12:45,3.9,4.82,10.05
18196,2023/5/6 13:00,4,5.58,9.24
18197,2023/5/6 13:15,4.1,4.43,7.06
18198,2023/5/6 13:30,4.19,4.82,10.11
18199,2023/5/6 13:45,4.26,5.58,12.46
18200,2023/5/6 14:00,4.32,6.35,10.55
18201,2023/5/6 14:15,4.37,5.2,9.94
18202,2023/5/6 14:30,4.42,5.2,13.53
18203,2023/5/6 14:45,4.45,4.05,9.04
18204,2023/5/6 15:00,4.48,6.73,12.02
18205,2023/5/6 15:15,4.49,5.58,14.2
18206,2023/5/6 15:30,4.51,6.35,11.99
18207,2023/5/6 15:45,4.51,5.2,15.64
18208,2023/5/6 16:00,4.51,7.5,15.2
18209,2023/5/6 16:15,4.51,5.96,14.7
18210,2023/5/6 16:30,4.51,3.28,12.12
18211,2023/5/6 16:45,4.52,4.82,10.08
18212,2023/5/6 17:00,4.53,6.35,10.38
18213,2023/5/6 17:15,4.55,5.58,9.04
18214,2023/5/6 17:30,4.57,5.2,10.21
18215,2023/5/6 17:45,4.6,5.58,11.15
18216,2023/5/6 18:00,4.7,5.58,8.1
18217,2023/5/6 18:15,4.72,4.82,4.19
18218,2023/5/6 18:30,4.72,3.67,1.34
18219,2023/5/6 18:45,4.71,3.67,0.67
18220,2023/5/6 19:00,4.68,3.67,0.23
18221,2023/5/6 19:15,4.64,2.9,0
18222,2023/5/6 19:30,4.59,2.14,0
18223,2023/5/6 19:45,4.52,2.52,0
18224,2023/5/6 20:00,4.44,2.9,0
18225,2023/5/6 20:15,4.34,3.28,0
18226,2023/5/6 20:30,4.23,3.28,0
18227,2023/5/6 20:45,4.09,2.9,0
18228,2023/5/6 21:00,3.93,3.28,0
18229,2023/5/6 21:15,3.75,2.9,0
18230,2023/5/6 21:30,3.58,2.52,0
18231,2023/5/6 21:45,3.43,2.9,0
18232,2023/5/6 22:00,3.3,3.67,0
18233,2023/5/6 22:15,3.19,3.28,0
18234,2023/5/6 22:30,3.11,2.52,0
18235,2023/5/6 22:45,3.07,1.75,0
18236,2023/5/6 23:00,3.06,1.37,0
18237,2023/5/6 23:15,3.1,2.14,0
18238,2023/5/6 23:30,3.17,2.14,0
18239,2023/5/6 23:45,3.27,1.37,0
18240,2023/5/7 0:00,3.66,2.14,0
18241,2023/5/7 0:15,3.84,2.9,0
18242,2023/5/7 0:30,4.04,2.14,0
18243,2023/5/7 0:45,4.27,1.75,0
18244,2023/5/7 1:00,4.52,2.14,0
18245,2023/5/7 1:15,4.77,3.67,0
18246,2023/5/7 1:30,5.01,1.75,0
18247,2023/5/7 1:45,5.22,2.9,0
18248,2023/5/7 2:00,5.41,5.2,1
18249,2023/5/7 2:15,5.57,3.67,23.34
18250,2023/5/7 2:30,5.7,5.58,23.77
18251,2023/5/7 2:45,5.82,6.73,26.28
18252,2023/5/7 3:00,5.91,7.5,25.28
18253,2023/5/7 3:15,5.98,5.96,20.09
18254,2023/5/7 3:30,6.01,4.05,19.39
18255,2023/5/7 3:45,6.02,5.96,23.77
18256,2023/5/7 4:00,5.99,4.82,23.64
18257,2023/5/7 4:15,5.93,7.5,26.32
18258,2023/5/7 4:30,5.85,9.03,34.09
18259,2023/5/7 4:45,5.75,6.73,26.32
18260,2023/5/7 5:00,5.62,7.88,14.93
18261,2023/5/7 5:15,5.48,6.35,11.82
18262,2023/5/7 5:30,5.33,6.35,14.53
18263,2023/5/7 5:45,5.16,4.05,5.69
18264,2023/5/7 6:00,4.84,2.52,1.67
18265,2023/5/7 6:15,4.66,7.11,15.54
18266,2023/5/7 6:30,4.48,10.94,28.13
18267,2023/5/7 6:45,4.31,10.18,36.73
18268,2023/5/7 7:00,4.14,6.73,34.79
18269,2023/5/7 7:15,3.99,7.88,19.86
18270,2023/5/7 7:30,3.84,5.58,11.42
18271,2023/5/7 7:45,3.69,6.35,31.54
18272,2023/5/7 8:00,3.56,7.11,37.7
18273,2023/5/7 8:15,3.44,6.35,32.31
18274,2023/5/7 8:30,3.33,5.96,28.23
18275,2023/5/7 8:45,3.23,5.58,27.66
18276,2023/5/7 9:00,3.14,6.73,27.72
18277,2023/5/7 9:15,3.06,7.11,31.37
18278,2023/5/7 9:30,2.98,9.03,30.67
18279,2023/5/7 9:45,2.9,7.5,24.64
18280,2023/5/7 10:00,2.84,6.73,19.42
18281,2023/5/7 10:15,2.77,5.58,13.86
18282,2023/5/7 10:30,2.73,5.96,10.35
18283,2023/5/7 10:45,2.71,4.05,5.52
18284,2023/5/7 11:00,2.7,4.05,3.72
18285,2023/5/7 11:15,2.71,3.67,0.67
18286,2023/5/7 11:30,2.73,0,0
18287,2023/5/7 11:45,2.75,1.37,0
18288,2023/5/7 12:00,2.95,0.6,0
18289,2023/5/7 12:15,2.96,1.75,0
18290,2023/5/7 12:30,2.97,2.52,0
18291,2023/5/7 12:45,2.99,0,0
18292,2023/5/7 13:00,3.01,0,0
18293,2023/5/7 13:15,3.03,5.2,0
18294,2023/5/7 13:30,3.05,4.05,0
18295,2023/5/7 13:45,3.07,4.82,0.7
18296,2023/5/7 14:00,3.09,4.82,0.44
18297,2023/5/7 14:15,3.1,3.28,1.21
18298,2023/5/7 14:30,3.11,3.28,5.49
18299,2023/5/7 14:45,3.11,5.2,12.59
18300,2023/5/7 15:00,3.12,4.82,10.71
18301,2023/5/7 15:15,3.12,5.58,10.28
18302,2023/5/7 15:30,3.13,4.82,9.68
18303,2023/5/7 15:45,3.16,4.05,5.56
18304,2023/5/7 16:00,3.2,4.43,4.12
18305,2023/5/7 16:15,3.26,3.28,3.62
18306,2023/5/7 16:30,3.33,4.82,3.62
18307,2023/5/7 16:45,3.42,2.9,3.08
18308,2023/5/7 17:00,3.52,4.05,2.85
18309,2023/5/7 17:15,3.62,3.28,3.95
18310,2023/5/7 17:30,3.73,4.43,3.21
18311,2023/5/7 17:45,3.84,2.52,2.48
18312,2023/5/7 18:00,5.19,2.52,0.33
18313,2023/5/7 18:15,5.38,2.52,0
18314,2023/5/7 18:30,5.58,2.52,0
18315,2023/5/7 18:45,5.78,2.14,0
18316,2023/5/7 19:00,5.99,2.52,0
18317,2023/5/7 19:15,6.2,2.14,0
18318,2023/5/7 19:30,6.41,2.52,0
18319,2023/5/7 19:45,6.61,2.9,0
18320,2023/5/7 20:00,6.8,3.67,0
18321,2023/5/7 20:15,6.99,4.43,3.18
18322,2023/5/7 20:30,7.17,5.2,5.83
18323,2023/5/7 20:45,7.35,5.58,9.27
18324,2023/5/7 21:00,7.52,6.73,15.64
18325,2023/5/7 21:15,7.69,6.73,18.62
18326,2023/5/7 21:30,7.87,7.5,22.74
18327,2023/5/7 21:45,8.05,8.65,35.06
18328,2023/5/7 22:00,8.24,9.8,40.48
18329,2023/5/7 22:15,8.42,10.56,44.67
18330,2023/5/7 22:30,8.61,10.94,46.71
18331,2023/5/7 22:45,8.78,11.33,46.61
18332,2023/5/7 23:00,8.96,12.09,47.88
18333,2023/5/7 23:15,9.14,12.48,48.25
18334,2023/5/7 23:30,9.31,12.09,48.32
18335,2023/5/7 23:45,9.49,13.24,48.25
18336,2023/5/8 0:00,9.69,13.24,48.32
18337,2023/5/8 0:15,9.87,12.86,48.38
18338,2023/5/8 0:30,10.06,13.24,48.32
18339,2023/5/8 0:45,10.24,12.86,48.25
18340,2023/5/8 1:00,10.41,14.01,48.15
18341,2023/5/8 1:15,10.58,13.24,48.32
18342,2023/5/8 1:30,10.74,14.39,48.25
18343,2023/5/8 1:45,10.89,14.01,48.42
18344,2023/5/8 2:00,11.03,13.63,48.28
18345,2023/5/8 2:15,11.16,12.48,48.32
18346,2023/5/8 2:30,11.27,12.09,48.18
18347,2023/5/8 2:45,11.38,12.86,48.18
18348,2023/5/8 3:00,11.47,12.48,48.38
18349,2023/5/8 3:15,11.55,11.71,48.22
18350,2023/5/8 3:30,11.61,13.63,48.32
18351,2023/5/8 3:45,11.65,13.63,48.42
18352,2023/5/8 4:00,11.67,15.54,48.42
18353,2023/5/8 4:15,11.68,15.92,48.52
18354,2023/5/8 4:30,11.66,15.16,48.38
18355,2023/5/8 4:45,11.63,15.54,48.32
18356,2023/5/8 5:00,11.57,15.54,48.25
18357,2023/5/8 5:15,11.49,15.16,48.22
18358,2023/5/8 5:30,11.39,14.01,48.32
18359,2023/5/8 5:45,11.26,13.24,48.32
18360,2023/5/8 6:00,11.11,12.09,48.32
18361,2023/5/8 6:15,10.96,10.18,48.18
18362,2023/5/8 6:30,10.83,8.26,41.25
18363,2023/5/8 6:45,10.72,9.03,40.05
18364,2023/5/8 7:00,10.64,7.88,37.74
18365,2023/5/8 7:15,10.57,10.56,40.15
18366,2023/5/8 7:30,10.53,12.86,42.26
18367,2023/5/8 7:45,10.52,7.88,44.83
18368,2023/5/8 8:00,10.54,8.65,44.37
18369,2023/5/8 8:15,10.58,5.58,41.12
18370,2023/5/8 8:30,10.65,4.43,41.42
18371,2023/5/8 8:45,10.74,11.33,45.6
18372,2023/5/8 9:00,10.85,12.86,48.35
18373,2023/5/8 9:15,10.99,15.16,48.18
18374,2023/5/8 9:30,11.13,14.39,48.12
18375,2023/5/8 9:45,11.27,15.92,48.05
18376,2023/5/8 10:00,11.41,15.16,48.25
18377,2023/5/8 10:15,11.56,15.92,48.22
18378,2023/5/8 10:30,11.68,14.01,48.45
18379,2023/5/8 10:45,11.76,11.71,48.25
18380,2023/5/8 11:00,11.82,12.86,48.32
18381,2023/5/8 11:15,11.84,15.54,48.48
18382,2023/5/8 11:30,11.83,14.01,48.28
18383,2023/5/8 11:45,11.8,13.24,48.35
18384,2023/5/8 12:00,11.7,11.71,48.25
18385,2023/5/8 12:15,11.61,10.18,48.02
18386,2023/5/8 12:30,11.51,9.41,47.68
18387,2023/5/8 12:45,11.38,8.65,47.98
18388,2023/5/8 13:00,11.24,9.03,47.18
18389,2023/5/8 13:15,11.09,9.41,44.2
18390,2023/5/8 13:30,10.94,11.33,43.76
18391,2023/5/8 13:45,10.8,7.88,36.87
18392,2023/5/8 14:00,10.67,9.8,42.42
18393,2023/5/8 14:15,10.55,10.18,44.77
18394,2023/5/8 14:30,10.43,12.48,45.94
18395,2023/5/8 14:45,10.32,6.73,44.57
18396,2023/5/8 15:00,10.22,10.18,42.39
18397,2023/5/8 15:15,10.11,9.8,28.76
18398,2023/5/8 15:30,10.01,9.41,31.51
18399,2023/5/8 15:45,9.91,9.8,37.67
18400,2023/5/8 16:00,9.79,9.03,34.19
18401,2023/5/8 16:15,9.68,9.41,29.1
18402,2023/5/8 16:30,9.55,7.5,23.24
18403,2023/5/8 16:45,9.43,8.65,30.1
18404,2023/5/8 17:00,9.3,6.35,20.36
18405,2023/5/8 17:15,9.16,5.2,16.14
18406,2023/5/8 17:30,9.03,5.58,15.07
18407,2023/5/8 17:45,8.89,7.5,16.57
18408,2023/5/8 18:00,8.8,6.35,15.44
18409,2023/5/8 18:15,8.65,6.73,14.06
18410,2023/5/8 18:30,8.52,5.2,10.05
18411,2023/5/8 18:45,8.39,5.2,10.31
18412,2023/5/8 19:00,8.28,5.2,9.11
18413,2023/5/8 19:15,8.17,5.96,8.57
18414,2023/5/8 19:30,8.08,5.2,7.03
18415,2023/5/8 19:45,8,5.2,6.06
18416,2023/5/8 20:00,7.93,5.58,5.52
18417,2023/5/8 20:15,7.88,5.2,3.88
18418,2023/5/8 20:30,7.84,4.82,1.61
18419,2023/5/8 20:45,7.81,2.9,0.27
18420,2023/5/8 21:00,7.79,4.05,0.37
18421,2023/5/8 21:15,7.79,4.05,1.27
18422,2023/5/8 21:30,7.79,4.82,4.72
18423,2023/5/8 21:45,7.79,5.96,14.33
18424,2023/5/8 22:00,7.8,7.88,18.48
18425,2023/5/8 22:15,7.81,7.11,18.82
18426,2023/5/8 22:30,7.81,8.26,24.71
18427,2023/5/8 22:45,7.82,7.5,28.56
18428,2023/5/8 23:00,7.83,8.26,29.77
18429,2023/5/8 23:15,7.84,7.88,27.02
18430,2023/5/8 23:30,7.86,6.73,24.51
18431,2023/5/8 23:45,7.89,6.35,19.52
18432,2023/5/9 0:00,8.25,5.96,14.16
18433,2023/5/9 0:15,8.28,6.35,11.92
18434,2023/5/9 0:30,8.3,5.96,12.52
18435,2023/5/9 0:45,8.32,5.96,10.88
18436,2023/5/9 1:00,8.33,5.96,13.43
18437,2023/5/9 1:15,8.34,7.11,16.44
18438,2023/5/9 1:30,8.34,5.96,19.29
18439,2023/5/9 1:45,8.33,7.5,30.74
18440,2023/5/9 2:00,8.33,5.96,26.95
18441,2023/5/9 2:15,8.32,4.05,37.23
18442,2023/5/9 2:30,8.31,6.73,38.2
18443,2023/5/9 2:45,8.3,7.5,32.34
18444,2023/5/9 3:00,8.28,9.03,31.98
18445,2023/5/9 3:15,8.26,7.5,36.26
18446,2023/5/9 3:30,8.23,7.88,40.01
18447,2023/5/9 3:45,8.19,10.18,43.6
18448,2023/5/9 4:00,8.14,10.56,45.91
18449,2023/5/9 4:15,8.07,7.11,46.27
18450,2023/5/9 4:30,7.99,4.82,43.9
18451,2023/5/9 4:45,7.92,4.82,39.41
18452,2023/5/9 5:00,7.85,7.5,35.93
18453,2023/5/9 5:15,7.78,8.26,29.6
18454,2023/5/9 5:30,7.72,5.96,17.01
18455,2023/5/9 5:45,7.66,4.43,11.65
18456,2023/5/9 6:00,7.25,5.96,10.45
18457,2023/5/9 6:15,7.2,4.05,9.01
18458,2023/5/9 6:30,7.17,4.43,5.42
18459,2023/5/9 6:45,7.17,4.43,2.91
18460,2023/5/9 7:00,7.19,4.05,0
18461,2023/5/9 7:15,7.23,4.05,0
18462,2023/5/9 7:30,7.28,5.2,0
18463,2023/5/9 7:45,7.36,4.82,0
18464,2023/5/9 8:00,7.45,3.67,0
18465,2023/5/9 8:15,7.56,3.28,0
18466,2023/5/9 8:30,7.69,4.05,0
18467,2023/5/9 8:45,7.82,6.73,0
18468,2023/5/9 9:00,7.96,6.35,0
18469,2023/5/9 9:15,8.1,5.58,0
18470,2023/5/9 9:30,8.25,4.43,0
18471,2023/5/9 9:45,8.41,6.35,0
18472,2023/5/9 10:00,8.57,5.96,0
18473,2023/5/9 10:15,8.73,9.41,0
18474,2023/5/9 10:30,8.88,10.18,0
18475,2023/5/9 10:45,9.02,9.03,0
18476,2023/5/9 11:00,9.14,10.18,0
18477,2023/5/9 11:15,9.26,9.03,0
18478,2023/5/9 11:30,9.36,10.94,15
18479,2023/5/9 11:45,9.44,11.71,38.84
18480,2023/5/9 12:00,9.34,10.56,41.45
18481,2023/5/9 12:15,9.4,8.65,38.07
18482,2023/5/9 12:30,9.45,9.03,39.74
18483,2023/5/9 12:45,9.47,7.11,35.99
18484,2023/5/9 13:00,9.47,7.88,35.66
18485,2023/5/9 13:15,9.46,6.35,36.9
18486,2023/5/9 13:30,9.41,9.03,33.92
18487,2023/5/9 13:45,9.34,7.5,29.77
18488,2023/5/9 14:00,9.24,6.73,29.16
18489,2023/5/9 14:15,9.11,8.26,35.96
18490,2023/5/9 14:30,8.94,8.26,30.8
18491,2023/5/9 14:45,8.75,8.65,28.66
18492,2023/5/9 15:00,8.52,6.73,20.49
18493,2023/5/9 15:15,8.28,6.73,12.36
18494,2023/5/9 15:30,8.04,5.2,6.26
18495,2023/5/9 15:45,7.8,4.05,5.42
18496,2023/5/9 16:00,7.57,3.67,1.91
18497,2023/5/9 16:15,7.36,3.28,1.1
18498,2023/5/9 16:30,7.17,2.52,0.33
18499,2023/5/9 16:45,7.01,1.75,0
18500,2023/5/9 17:00,6.87,1.37,0
18501,2023/5/9 17:15,6.77,2.52,0
18502,2023/5/9 17:30,6.69,2.52,0
18503,2023/5/9 17:45,6.65,2.9,1.1
18504,2023/5/9 18:00,6.9,7.88,13.36
18505,2023/5/9 18:15,6.9,7.5,26.85
18506,2023/5/9 18:30,6.92,11.33,37.2
18507,2023/5/9 18:45,6.96,8.26,37.53
18508,2023/5/9 19:00,7.03,7.88,35.26
18509,2023/5/9 19:15,7.12,9.8,38.54
18510,2023/5/9 19:30,7.21,11.33,41.62
18511,2023/5/9 19:45,7.29,9.03,42.89
18512,2023/5/9 20:00,7.37,9.8,42.39
18513,2023/5/9 20:15,7.44,8.65,36.03
18514,2023/5/9 20:30,7.5,9.8,34.12
18515,2023/5/9 20:45,7.55,7.11,33.65
18516,2023/5/9 21:00,7.58,8.26,32.68
18517,2023/5/9 21:15,7.59,7.11,29.97
18518,2023/5/9 21:30,7.6,7.88,27.39
18519,2023/5/9 21:45,7.6,7.11,24.04
18520,2023/5/9 22:00,7.61,7.5,26.59
18521,2023/5/9 22:15,7.61,6.73,22.37
18522,2023/5/9 22:30,7.61,7.11,16.94
18523,2023/5/9 22:45,7.62,4.82,13.29
18524,2023/5/9 23:00,7.64,5.2,9.81
18525,2023/5/9 23:15,7.65,5.2,10.65
18526,2023/5/9 23:30,7.67,5.2,6.9
18527,2023/5/9 23:45,7.69,3.67,5.96
18528,2023/5/10 0:00,6.18,3.67,3.15
18529,2023/5/10 0:15,6.22,1.37,0.47
18530,2023/5/10 0:30,6.27,1.37,0
18531,2023/5/10 0:45,6.32,0.99,0
18532,2023/5/10 1:00,6.37,1.37,0
18533,2023/5/10 1:15,6.42,1.37,0
18534,2023/5/10 1:30,6.48,2.9,0
18535,2023/5/10 1:45,6.54,2.9,0.17
18536,2023/5/10 2:00,6.61,5.2,12.92
18537,2023/5/10 2:15,6.68,6.73,15.8
18538,2023/5/10 2:30,6.75,7.88,28.19
18539,2023/5/10 2:45,6.81,7.5,32.14
18540,2023/5/10 3:00,6.87,7.5,31.81
18541,2023/5/10 3:15,6.92,8.26,35.86
18542,2023/5/10 3:30,6.93,9.41,37.27
18543,2023/5/10 3:45,6.92,7.11,23.84
18544,2023/5/10 4:00,6.87,5.96,22.77
18545,2023/5/10 4:15,6.8,6.35,26.79
18546,2023/5/10 4:30,6.72,7.5,30.37
18547,2023/5/10 4:45,6.63,9.41,33.62
18548,2023/5/10 5:00,6.53,6.73,33.42
18549,2023/5/10 5:15,6.42,7.11,29.13
18550,2023/5/10 5:30,6.31,7.11,31.88
18551,2023/5/10 5:45,6.18,6.73,24.01
18552,2023/5/10 6:00,6.08,8.65,35.19
18553,2023/5/10 6:15,5.96,7.5,31.64
18554,2023/5/10 6:30,5.85,6.35,28.16
18555,2023/5/10 6:45,5.73,7.88,25.45
18556,2023/5/10 7:00,5.62,5.96,28.76
18557,2023/5/10 7:15,5.5,5.96,27.72
18558,2023/5/10 7:30,5.38,7.11,23.37
18559,2023/5/10 7:45,5.26,5.96,18.42
18560,2023/5/10 8:00,5.14,4.82,7.43
18561,2023/5/10 8:15,5.02,5.2,8.27
18562,2023/5/10 8:30,4.9,5.2,6.63
18563,2023/5/10 8:45,4.77,3.28,4.29
18564,2023/5/10 9:00,4.65,5.2,5.89
18565,2023/5/10 9:15,4.53,4.43,3.98
18566,2023/5/10 9:30,4.41,4.43,6.16
18567,2023/5/10 9:45,4.3,5.58,7.27
18568,2023/5/10 10:00,4.19,5.58,9.74
18569,2023/5/10 10:15,4.09,7.5,7.1
18570,2023/5/10 10:30,3.99,4.82,5.52
18571,2023/5/10 10:45,3.9,5.2,5.26
18572,2023/5/10 11:00,3.81,4.43,4.69
18573,2023/5/10 11:15,3.72,3.67,4.49
18574,2023/5/10 11:30,3.65,7.5,7.6
18575,2023/5/10 11:45,3.58,4.82,13.06
18576,2023/5/10 12:00,3.52,4.82,10.41
18577,2023/5/10 12:15,3.46,5.2,10.18
18578,2023/5/10 12:30,3.4,4.43,9.24
18579,2023/5/10 12:45,3.34,5.2,4.86
18580,2023/5/10 13:00,3.29,4.05,5.39
18581,2023/5/10 13:15,3.23,2.14,8.37
18582,2023/5/10 13:30,3.18,5.2,7.47
18583,2023/5/10 13:45,3.13,5.2,5.42
18584,2023/5/10 14:00,3.08,4.05,5.29
18585,2023/5/10 14:15,3.04,5.96,6.43
18586,2023/5/10 14:30,2.99,6.73,11.15
18587,2023/5/10 14:45,2.94,2.9,6.13
18588,2023/5/10 15:00,2.9,5.96,5.49
18589,2023/5/10 15:15,2.85,3.67,5.52
18590,2023/5/10 15:30,2.8,4.43,5.52
18591,2023/5/10 15:45,2.74,6.35,5.22
18592,2023/5/10 16:00,2.67,5.2,8.1
18593,2023/5/10 16:15,2.6,5.96,7.63
18594,2023/5/10 16:30,2.53,5.2,6.26
18595,2023/5/10 16:45,2.45,4.43,4.59
18596,2023/5/10 17:00,2.38,5.2,5.63
18597,2023/5/10 17:15,2.31,3.67,3.52
18598,2023/5/10 17:30,2.24,3.28,1.44
18599,2023/5/10 17:45,2.19,3.67,0.57
18600,2023/5/10 18:00,2.99,2.52,0
18601,2023/5/10 18:15,2.97,2.52,0
18602,2023/5/10 18:30,2.95,2.14,0
18603,2023/5/10 18:45,2.92,1.75,0
18604,2023/5/10 19:00,2.9,1.75,0
18605,2023/5/10 19:15,2.87,1.75,0
18606,2023/5/10 19:30,2.85,1.37,0
18607,2023/5/10 19:45,2.82,0,0
18608,2023/5/10 20:00,2.81,0,0
18609,2023/5/10 20:15,2.8,0.99,0
18610,2023/5/10 20:30,2.8,0.99,0
18611,2023/5/10 20:45,2.81,2.14,0
18612,2023/5/10 21:00,2.84,2.52,0
18613,2023/5/10 21:15,2.88,2.9,0
18614,2023/5/10 21:30,2.93,2.52,0
18615,2023/5/10 21:45,2.99,2.52,0
18616,2023/5/10 22:00,3.07,2.9,0
18617,2023/5/10 22:15,3.14,3.28,0
18618,2023/5/10 22:30,3.23,3.67,0.84
18619,2023/5/10 22:45,3.32,3.28,1.17
18620,2023/5/10 23:00,3.43,2.52,0.6
18621,2023/5/10 23:15,3.54,3.28,0.03
18622,2023/5/10 23:30,3.65,3.67,0
18623,2023/5/10 23:45,3.77,0,0
18624,2023/5/11 0:00,3.73,2.52,0
18625,2023/5/11 0:15,3.86,2.52,0
18626,2023/5/11 0:30,4,3.28,0
18627,2023/5/11 0:45,4.13,0,0
18628,2023/5/11 1:00,4.26,2.9,0.03
18629,2023/5/11 1:15,4.38,1.37,0.77
18630,2023/5/11 1:30,4.51,2.52,1.07
18631,2023/5/11 1:45,4.64,2.14,1.24
18632,2023/5/11 2:00,4.77,2.14,2.28
18633,2023/5/11 2:15,4.91,2.9,3.75
18634,2023/5/11 2:30,5.04,2.9,2.04
18635,2023/5/11 2:45,5.18,2.9,3.95
18636,2023/5/11 3:00,5.31,2.52,4.52
18637,2023/5/11 3:15,5.44,4.43,7.1
18638,2023/5/11 3:30,5.57,5.2,8.27
18639,2023/5/11 3:45,5.67,3.67,12.12
18640,2023/5/11 4:00,5.77,3.28,10.65
18641,2023/5/11 4:15,5.86,3.67,10.28
18642,2023/5/11 4:30,5.93,3.28,13.56
18643,2023/5/11 4:45,5.98,2.52,14.23
18644,2023/5/11 5:00,6.02,3.28,19.09
18645,2023/5/11 5:15,6.04,4.05,22.94
18646,2023/5/11 5:30,6.04,4.05,19.12
18647,2023/5/11 5:45,6.03,3.67,14.87
18648,2023/5/11 6:00,5.31,2.9,11.55
18649,2023/5/11 6:15,5.29,3.67,10.71
18650,2023/5/11 6:30,5.26,2.9,9.51
18651,2023/5/11 6:45,5.23,4.82,11.22
18652,2023/5/11 7:00,5.2,2.9,10.45
18653,2023/5/11 7:15,5.16,5.2,8.91
18654,2023/5/11 7:30,5.13,2.9,4.69
18655,2023/5/11 7:45,5.11,3.67,6.86
18656,2023/5/11 8:00,5.09,1.75,7.43
18657,2023/5/11 8:15,5.07,4.43,9.11
18658,2023/5/11 8:30,5.07,3.67,9.14
18659,2023/5/11 8:45,5.07,5.58,6.4
18660,2023/5/11 9:00,5.08,5.96,7.73
18661,2023/5/11 9:15,5.1,5.58,9.61
18662,2023/5/11 9:30,5.13,5.2,11.65
18663,2023/5/11 9:45,5.17,3.28,10.58
18664,2023/5/11 10:00,5.21,2.9,13.19
18665,2023/5/11 10:15,5.27,2.52,12.82
18666,2023/5/11 10:30,5.32,5.96,13.33
18667,2023/5/11 10:45,5.38,7.11,12.36
18668,2023/5/11 11:00,5.44,3.67,15
18669,2023/5/11 11:15,5.5,7.11,11.18
18670,2023/5/11 11:30,5.56,3.28,11.12
18671,2023/5/11 11:45,5.63,4.82,11.72
18672,2023/5/11 12:00,5.74,3.67,8.17
18673,2023/5/11 12:15,5.81,4.82,10.98
18674,2023/5/11 12:30,5.89,4.82,13.66
18675,2023/5/11 12:45,5.97,5.2,11.22
18676,2023/5/11 13:00,6.06,7.11,13.56
18677,2023/5/11 13:15,6.16,4.43,16.27
18678,2023/5/11 13:30,6.25,5.96,14.7
18679,2023/5/11 13:45,6.36,5.58,19.86
18680,2023/5/11 14:00,6.46,3.67,12.22
18681,2023/5/11 14:15,6.57,7.11,26.89
18682,2023/5/11 14:30,6.68,5.2,23.87
18683,2023/5/11 14:45,6.79,3.28,15.84
18684,2023/5/11 15:00,6.91,4.82,25.35
18685,2023/5/11 15:15,7.02,7.11,26.55
18686,2023/5/11 15:30,7.13,6.35,24.31
18687,2023/5/11 15:45,7.24,5.2,20.63
18688,2023/5/11 16:00,7.35,5.96,26.92
18689,2023/5/11 16:15,7.46,4.82,22.84
18690,2023/5/11 16:30,7.58,6.35,28.29
18691,2023/5/11 16:45,7.69,7.88,35.73
18692,2023/5/11 17:00,7.81,9.03,38.44
18693,2023/5/11 17:15,7.93,8.65,39.31
18694,2023/5/11 17:30,8.05,7.88,32.04
18695,2023/5/11 17:45,8.18,2.9,25.21
18696,2023/5/11 18:00,8.45,4.05,26.38
18697,2023/5/11 18:15,8.56,4.82,30.2
18698,2023/5/11 18:30,8.68,3.28,32.28
18699,2023/5/11 18:45,8.79,8.65,33.92
18700,2023/5/11 19:00,8.9,7.88,35.96
18701,2023/5/11 19:15,9.01,9.03,36.4
18702,2023/5/11 19:30,9.12,9.8,37.47
18703,2023/5/11 19:45,9.23,7.88,32.01
18704,2023/5/11 20:00,9.35,7.88,30.34
18705,2023/5/11 20:15,9.46,7.11,33.01
18706,2023/5/11 20:30,9.57,7.5,32.91
18707,2023/5/11 20:45,9.68,6.73,36.16
18708,2023/5/11 21:00,9.78,7.11,34.05
18709,2023/5/11 21:15,9.88,7.88,43.36
18710,2023/5/11 21:30,9.97,5.96,45.67
18711,2023/5/11 21:45,10.05,8.65,47.45
18712,2023/5/11 22:00,10.12,7.88,48.25
18713,2023/5/11 22:15,10.18,9.41,48.32
18714,2023/5/11 22:30,10.23,9.41,48.28
18715,2023/5/11 22:45,10.29,7.5,48.42
18716,2023/5/11 23:00,10.34,9.03,48.25
18717,2023/5/11 23:15,10.39,8.26,48.28
18718,2023/5/11 23:30,10.44,7.5,47.98
18719,2023/5/11 23:45,10.49,8.65,47.31
18720,2023/5/12 0:00,10.44,7.5,47.85
18721,2023/5/12 0:15,10.49,9.03,47.71
18722,2023/5/12 0:30,10.53,9.03,48.25
18723,2023/5/12 0:45,10.57,10.18,47.61
18724,2023/5/12 1:00,10.6,7.11,45.77
18725,2023/5/12 1:15,10.62,8.65,44.6
18726,2023/5/12 1:30,10.64,8.65,44.3
18727,2023/5/12 1:45,10.66,7.88,41.72
18728,2023/5/12 2:00,10.66,9.41,47.38
18729,2023/5/12 2:15,10.66,10.56,48.22
18730,2023/5/12 2:30,10.65,11.33,48.32
18731,2023/5/12 2:45,10.63,10.56,48.18
18732,2023/5/12 3:00,10.6,10.18,47.35
18733,2023/5/12 3:15,10.57,7.88,46.44
18734,2023/5/12 3:30,10.52,8.26,47.95
18735,2023/5/12 3:45,10.46,9.41,47.65
18736,2023/5/12 4:00,10.39,9.41,48.15
18737,2023/5/12 4:15,10.31,9.41,48.28
18738,2023/5/12 4:30,10.22,9.03,48.22
18739,2023/5/12 4:45,10.12,9.03,46.37
18740,2023/5/12 5:00,10.02,9.03,44.63
18741,2023/5/12 5:15,9.91,9.8,43.83
18742,2023/5/12 5:30,9.81,8.65,44.1
18743,2023/5/12 5:45,9.72,9.03,43.6
18744,2023/5/12 6:00,10.62,8.26,45.57
18745,2023/5/12 6:15,10.63,8.65,43.06
18746,2023/5/12 6:30,10.67,10.18,41.18
18747,2023/5/12 6:45,10.72,10.18,41.79
18748,2023/5/12 7:00,10.78,7.11,38.77
18749,2023/5/12 7:15,10.85,5.2,37.33
18750,2023/5/12 7:30,10.94,10.18,42.42
18751,2023/5/12 7:45,11.03,8.65,40.65
18752,2023/5/12 8:00,11.13,7.88,42.42
18753,2023/5/12 8:15,11.25,10.18,46.78
18754,2023/5/12 8:30,11.36,6.73,48.12
18755,2023/5/12 8:45,11.47,14.77,48.18
18756,2023/5/12 9:00,11.59,12.48,48.28
18757,2023/5/12 9:15,11.69,15.16,48.28
18758,2023/5/12 9:30,11.79,9.8,48.15
18759,2023/5/12 9:45,11.88,14.01,48.48
18760,2023/5/12 10:00,11.96,11.71,48.22
18761,2023/5/12 10:15,12.03,13.24,48.05
18762,2023/5/12 10:30,12.08,15.16,48.25
18763,2023/5/12 10:45,12.12,15.16,48.35
18764,2023/5/12 11:00,12.14,13.24,48.05
18765,2023/5/12 11:15,12.15,12.09,48.42
18766,2023/5/12 11:30,12.15,12.09,48.18
18767,2023/5/12 11:45,12.15,12.86,48.02
18768,2023/5/12 12:00,12.09,10.94,48.35
18769,2023/5/12 12:15,12.08,14.39,48.52
18770,2023/5/12 12:30,12.08,10.94,47.88
18771,2023/5/12 12:45,12.07,15.16,48.35
18772,2023/5/12 13:00,12.06,12.48,48.35
18773,2023/5/12 13:15,12.04,15.16,48.28
18774,2023/5/12 13:30,12.01,9.41,48.42
18775,2023/5/12 13:45,11.97,13.63,48.25
18776,2023/5/12 14:00,11.91,11.33,48.05
18777,2023/5/12 14:15,11.8,6.73,43.96
18778,2023/5/12 14:30,11.68,10.18,45.2
18779,2023/5/12 14:45,11.54,10.94,42.39
18780,2023/5/12 15:00,11.38,9.8,43.13
18781,2023/5/12 15:15,11.18,5.58,34.42
18782,2023/5/12 15:30,11,4.43,16.61
18783,2023/5/12 15:45,10.83,2.14,0.9
18784,2023/5/12 16:00,10.66,2.52,0
18785,2023/5/12 16:15,10.49,6.73,18.11
18786,2023/5/12 16:30,10.31,4.43,15.27
18787,2023/5/12 16:45,10.11,1.37,9.11
18788,2023/5/12 17:00,9.91,3.28,11.08
18789,2023/5/12 17:15,9.7,5.58,14.13
18790,2023/5/12 17:30,9.49,5.58,24.51
18791,2023/5/12 17:45,9.3,3.28,22.23
18792,2023/5/12 18:00,9.44,4.82,12.79
18793,2023/5/12 18:15,9.22,2.52,4.19
18794,2023/5/12 18:30,9.03,1.75,2.61
18795,2023/5/12 18:45,8.88,2.9,6.46
18796,2023/5/12 19:00,8.75,5.2,10.35
18797,2023/5/12 19:15,8.66,6.35,9.64
18798,2023/5/12 19:30,8.57,6.35,9.41
18799,2023/5/12 19:45,8.51,4.43,6.86
18800,2023/5/12 20:00,8.46,2.9,7.77
18801,2023/5/12 20:15,8.42,2.9,9.78
18802,2023/5/12 20:30,8.4,6.35,11.82
18803,2023/5/12 20:45,8.39,6.35,13.59
18804,2023/5/12 21:00,8.4,5.58,9.48
18805,2023/5/12 21:15,8.42,4.82,11.22
18806,2023/5/12 21:30,8.44,5.58,21.03
18807,2023/5/12 21:45,8.47,7.88,26.35
18808,2023/5/12 22:00,8.49,8.26,35.96
18809,2023/5/12 22:15,8.51,9.03,39.95
18810,2023/5/12 22:30,8.52,10.56,43.86
18811,2023/5/12 22:45,8.53,9.03,40.35
18812,2023/5/12 23:00,8.53,9.8,42.96
18813,2023/5/12 23:15,8.53,11.33,48.32
18814,2023/5/12 23:30,8.52,12.09,48.42
18815,2023/5/12 23:45,8.51,11.71,48.48
18816,2023/5/13 0:00,8.41,12.48,48.25
18817,2023/5/13 0:15,8.45,12.86,48.45
18818,2023/5/13 0:30,8.49,12.86,48.38
18819,2023/5/13 0:45,8.53,12.09,48.38
18820,2023/5/13 1:00,8.55,10.94,47.78
18821,2023/5/13 1:15,8.57,7.88,41.89
18822,2023/5/13 1:30,8.59,8.65,44.27
18823,2023/5/13 1:45,8.61,7.88,36.8
18824,2023/5/13 2:00,8.62,7.11,31.54
18825,2023/5/13 2:15,8.63,8.26,33.65
18826,2023/5/13 2:30,8.64,9.03,31.37
18827,2023/5/13 2:45,8.64,8.26,34.39
18828,2023/5/13 3:00,8.65,9.03,42.32
18829,2023/5/13 3:15,8.65,9.41,45.6
18830,2023/5/13 3:30,8.63,11.33,47.25
18831,2023/5/13 3:45,8.59,10.56,44.3
18832,2023/5/13 4:00,8.54,9.41,42.46
18833,2023/5/13 4:15,8.47,11.33,43.56
18834,2023/5/13 4:30,8.38,10.94,44.23
18835,2023/5/13 4:45,8.28,10.18,41.75
18836,2023/5/13 5:00,8.16,10.18,44.27
18837,2023/5/13 5:15,8.03,10.56,39.81
18838,2023/5/13 5:30,7.88,7.88,32.55
18839,2023/5/13 5:45,7.72,7.88,30.2
18840,2023/5/13 6:00,7.6,6.35,21.26
18841,2023/5/13 6:15,7.44,6.73,19.42
18842,2023/5/13 6:30,7.28,6.35,14.5
18843,2023/5/13 6:45,7.12,6.73,13.49
18844,2023/5/13 7:00,6.97,5.58,13.43
18845,2023/5/13 7:15,6.82,6.73,12.52
18846,2023/5/13 7:30,6.68,5.96,11.82
18847,2023/5/13 7:45,6.54,5.2,7.23
18848,2023/5/13 8:00,6.42,6.35,6.23
18849,2023/5/13 8:15,6.3,5.2,7.47
18850,2023/5/13 8:30,6.2,5.2,6.03
18851,2023/5/13 8:45,6.1,4.82,3.98
18852,2023/5/13 9:00,6,4.05,3.01
18853,2023/5/13 9:15,5.92,3.28,2.71
18854,2023/5/13 9:30,5.85,3.67,2.41
18855,2023/5/13 9:45,5.78,4.05,3.92
18856,2023/5/13 10:00,5.72,2.9,4.42
18857,2023/5/13 10:15,5.68,3.28,6.5
18858,2023/5/13 10:30,5.63,4.43,6.09
18859,2023/5/13 10:45,5.59,5.58,7.1
18860,2023/5/13 11:00,5.54,5.58,7.6
18861,2023/5/13 11:15,5.5,4.43,8.27
18862,2023/5/13 11:30,5.46,4.05,8.07
18863,2023/5/13 11:45,5.42,4.05,8.4
18864,2023/5/13 12:00,5.4,6.35,11.12
18865,2023/5/13 12:15,5.37,6.35,9.71
18866,2023/5/13 12:30,5.35,4.82,10.05
18867,2023/5/13 12:45,5.32,5.96,11.45
18868,2023/5/13 13:00,5.29,4.05,7.77
18869,2023/5/13 13:15,5.26,4.82,8.27
18870,2023/5/13 13:30,5.22,5.2,5.16
18871,2023/5/13 13:45,5.18,5.58,6.33
18872,2023/5/13 14:00,5.14,3.67,4.82
18873,2023/5/13 14:15,5.09,3.67,6.93
18874,2023/5/13 14:30,5.03,2.9,6.66
18875,2023/5/13 14:45,4.97,5.58,9.38
18876,2023/5/13 15:00,4.9,4.82,9.04
18877,2023/5/13 15:15,4.83,3.67,8.04
18878,2023/5/13 15:30,4.74,4.82,6.06
18879,2023/5/13 15:45,4.65,3.67,5.19
18880,2023/5/13 16:00,4.56,3.28,4.45
18881,2023/5/13 16:15,4.46,2.52,3.08
18882,2023/5/13 16:30,4.36,4.82,2.04
18883,2023/5/13 16:45,4.28,2.14,2.75
18884,2023/5/13 17:00,4.19,1.75,1.98
18885,2023/5/13 17:15,4.12,4.05,1.31
18886,2023/5/13 17:30,4.05,2.52,0.44
18887,2023/5/13 17:45,3.99,2.9,0.17
18888,2023/5/13 18:00,3.82,2.9,0
18889,2023/5/13 18:15,3.77,2.52,0
18890,2023/5/13 18:30,3.73,1.37,0
18891,2023/5/13 18:45,3.71,0,0
18892,2023/5/13 19:00,3.71,1.75,0
18893,2023/5/13 19:15,3.72,1.75,0
18894,2023/5/13 19:30,3.77,0.99,0
18895,2023/5/13 19:45,3.83,0,0
18896,2023/5/13 20:00,3.93,0,0
18897,2023/5/13 20:15,4.04,0,0
18898,2023/5/13 20:30,4.18,0,0
18899,2023/5/13 20:45,4.33,0,0
18900,2023/5/13 21:00,4.5,0,0
18901,2023/5/13 21:15,4.68,0,0
18902,2023/5/13 21:30,4.88,0,0
18903,2023/5/13 21:45,5.09,0,0
18904,2023/5/13 22:00,5.31,1.75,0
18905,2023/5/13 22:15,5.54,2.52,0
18906,2023/5/13 22:30,5.78,3.67,0
18907,2023/5/13 22:45,6.03,2.9,19.82
18908,2023/5/13 23:00,6.28,11.71,45.04
18909,2023/5/13 23:15,6.54,11.33,48.28
18910,2023/5/13 23:30,6.8,11.33,48.32
18911,2023/5/13 23:45,7.05,11.33,48.38
18912,2023/5/14 0:00,7.28,12.09,48.28
18913,2023/5/14 0:15,7.56,10.56,48.25
18914,2023/5/14 0:30,7.83,9.8,48.08
18915,2023/5/14 0:45,8.08,10.18,47.61
18916,2023/5/14 1:00,8.31,11.71,47.45
18917,2023/5/14 1:15,8.52,10.94,42.56
18918,2023/5/14 1:30,8.69,9.41,33.82
18919,2023/5/14 1:45,8.83,8.26,29.1
18920,2023/5/14 2:00,8.93,7.88,40.38
18921,2023/5/14 2:15,9.02,8.65,38.2
